{"stats":{"minecraft:custom":{"lootr:looted_stat":22,"minecraft:mob_kills":3,"minecraft:interact_with_crafting_table":13,"minecraft:damage_dealt_resisted":6,"minecraft:leave_game":2,"minecraft:time_since_death":6288,"minecraft:climb_one_cm":507,"minecraft:sprint_one_cm":448584,"minecraft:walk_one_cm":138704,"minecraft:damage_blocked_by_shield":585,"minecraft:drop":61,"minecraft:play_time":97759,"minecraft:deaths":12,"minecraft:sneak_time":7339,"minecraft:walk_under_water_one_cm":36840,"minecraft:jump":1957,"minecraft:walk_on_water_one_cm":49903,"minecraft:total_world_time":97759,"minecraft:interact_with_furnace":11,"minecraft:time_since_rest":5645,"minecraft:waystone_activated":1,"minecraft:damage_taken":3971,"tombstone:sneak_grave":5,"minecraft:damage_dealt":2333,"minecraft:swim_one_cm":143909,"minecraft:fly_one_cm":578578,"minecraft:crouch_one_cm":15962,"tombstone:undead_killed":3,"minecraft:fall_one_cm":49723},"minecraft:killed_by":{"minecraft:player":1,"royalvariations:royal_skeleton":1,"born_in_chaos_v1:zombie_bruiser":1,"creeperoverhaul:dripstone_creeper":2,"man:managgresive":1,"minecraft:skeleton":3},"minecraft:dropped":{"iceandfire:raw_silver":10,"minecraft:wheat_seeds":6,"scguns:powder_and_ball":1,"minecraft:apple":1,"minecraft:tropical_fish":2,"minecraft:spruce_stairs":1,"minecraft:stick":3,"ars_nouveau:worn_notebook":2,"minecraft:torch":2,"minecraft:cornflower":1,"tombstone:grave_key":2,"theoneprobe:probenote":2,"tombstone:grave_dust":1,"regions_unexplored:maple_log":2,"regions_unexplored:silver_birch_leaf_pile":7,"undead_revamp2:blacpetalblock":1,"minecraft:bone":3,"minecraft:sugar_cane":4,"simplyswords:gold_sai":1,"minecraft:stone_sword":2,"alexsmobs:animal_dictionary":2,"scguns:raw_anthralite":6,"scguns:anthralite_nugget":1,"regions_unexplored:maple_leaf_pile":7,"apotheosis:gem":3,"minecraft:oak_sapling":2,"minecraft:stone_pickaxe":1,"minecraft:wooden_pickaxe":1},"minecraft:killed":{"undead_revamp2:the_moonflower":1,"born_in_chaos_v1:decrepit_skeleton":1,"minecraft:zombie":1},"minecraft:mined":{"create:zinc_ore":1,"regions_unexplored:spruce_shrub":1,"minecraft:white_bed":3,"iceandfire:silver_ore":5,"minecraft:mossy_cobblestone":1,"minecraft:deepslate_diamond_ore":2,"regions_unexplored:maple_log":15,"minecraft:moss_block":1,"minecraft:hay_block":5,"minecraft:tall_seagrass":2,"minecraft:furnace":2,"minecraft:iron_ore":9,"evilcraft:dark_ore":2,"minecraft:peony":1,"regions_unexplored:maple_leaf_pile":1,"regions_unexplored:apple_oak_leaves":1,"regions_unexplored:medium_grass":4,"minecraft:stone":266,"minecraft:crafting_table":2,"minecraft:tall_grass":2,"minecraft:cobblestone":4,"minecraft:sugar_cane":5,"minecraft:seagrass":1,"realmrpg_skeletons:bow_skeleton":1,"realmrpg_skeletons:acrobat_skeleton":1,"minecraft:grass":5,"minecraft:coal_ore":102,"minecraft:oak_log":5,"minecraft:stone_bricks":5,"scguns:anthralite_ore":7,"minecraft:oak_leaves":6,"minecraft:fern":1},"minecraft:picked_up":{"minecraft:crafting_table":2,"minecraft:turtle_helmet":1,"minecraft:wooden_pickaxe":1,"tombstone:grave_key":2,"minecraft:cornflower":1,"scguns:raw_anthralite":12,"minecraft:moss_carpet":1,"regions_unexplored:maple_leaf_pile":7,"scguns:ancient_brass":4,"minecraft:spruce_slab":9,"minecraft:iron_pickaxe":1,"minecraft:sugar_cane":14,"minecraft:furnace":2,"minecraft:stick":10,"minecraft:raw_iron":29,"apotheosis:gem":6,"regions_unexplored:silver_birch_leaf_pile":7,"minecraft:torch":2,"minecraft:spruce_stairs":2,"minecraft:cookie":4,"tombstone:grave_dust":1,"minecraft:stone_sword":3,"minecraft:arrow":4,"minecraft:tropical_fish":5,"minecraft:peony":1,"ars_nouveau:worn_notebook":3,"crittersandcompanions:silk":5,"minecraft:hay_block":5,"minecraft:cobblestone":333,"create:raw_zinc":1,"minecraft:oak_log":5,"minecraft:chainmail_chestplate":1,"minecraft:cobblestone_wall":6,"minecraft:lantern":1,"scguns:anthralite_nugget":1,"scguns:powder_and_ball":2,"minecraft:bone":11,"minecraft:stone_bricks":20,"minecraft:apple":48,"undead_revamp2:blacpetalblock":1,"minecraft:wheat_seeds":8,"minecraft:rabbit_hide":2,"minecraft:iron_ingot":2,"theoneprobe:probenote":3,"minecraft:stone_pickaxe":1,"minecraft:moss_block":1,"minecraft:iron_sword":2,"minecraft:white_bed":3,"alexsmobs:animal_dictionary":3,"minecraft:mossy_cobblestone":1,"minecraft:diamond":2,"minecraft:stone_axe":1,"evilcraft:dark_gem":9,"regions_unexplored:maple_log":15,"minecraft:chainmail_helmet":1,"minecraft:oak_sapling":4,"minecraft:coal":133,"iceandfire:raw_silver":20,"minecraft:ender_pearl":1},"minecraft:used":{"minecraft:peony":1,"minecraft:stone_sword":3,"minecraft:shield":11,"minecraft:iron_sword":10,"simplyswords:gold_sai":10,"minecraft:torch":2,"minecraft:lantern":1,"minecraft:iron_axe":1,"minecraft:stone_bricks":9,"minecraft:furnace":3,"tombstone:gift":4,"minecraft:stone_pickaxe":132,"minecraft:wooden_pickaxe":17,"minecraft:chainmail_helmet":1,"minecraft:crafting_table":4,"minecraft:white_bed":1,"minecraft:apple":21,"minecraft:bread":15,"minecraft:iron_pickaxe":257,"tombstone:grave_key":103,"minecraft:stone_axe":7,"minecraft:cobblestone":20,"simplyswords:iron_glaive":15,"regions_unexplored:maple_log":1,"minecraft:chainmail_leggings":1},"minecraft:broken":{"minecraft:stone_pickaxe":1,"minecraft:iron_pickaxe":1},"minecraft:crafted":{"minecraft:oak_planks":20,"regions_unexplored:maple_planks":40,"minecraft:furnace":2,"minecraft:iron_axe":1,"minecraft:stone_pickaxe":2,"minecraft:wheat":45,"minecraft:crafting_table":3,"minecraft:wooden_pickaxe":3,"minecraft:stone_axe":1,"minecraft:bread":29,"minecraft:air":0,"minecraft:shield":1,"minecraft:stick":40,"minecraft:iron_ingot":10,"minecraft:iron_pickaxe":1,"minecraft:stone_sword":1}},"DataVersion":3465}