{"stats":{"minecraft:custom":{"minecraft:time_since_rest":13308,"minecraft:interact_with_furnace":8,"lootr:looted_stat":18,"minecraft:sprint_one_cm":44331,"minecraft:damage_taken":547,"minecraft:walk_one_cm":28443,"minecraft:drop":12,"minecraft:damage_dealt":6,"minecraft:interact_with_crafting_table":9,"minecraft:swim_one_cm":19402,"minecraft:fly_one_cm":36656,"minecraft:crouch_one_cm":9438,"minecraft:play_time":20666,"minecraft:deaths":2,"minecraft:sneak_time":4198,"minecraft:walk_under_water_one_cm":640,"minecraft:jump":138,"minecraft:leave_game":2,"minecraft:walk_on_water_one_cm":3898,"minecraft:time_since_death":14031,"minecraft:climb_one_cm":113,"minecraft:total_world_time":20666,"minecraft:fall_one_cm":1881},"minecraft:killed_by":{"minecraft:player":1,"minecraft:skeleton":1},"minecraft:dropped":{"regions_unexplored:maple_leaf_pile":4,"tombstone:grave_key":1,"regions_unexplored:silver_birch_leaf_pile":7},"minecraft:mined":{"minecraft:furnace":2,"minecraft:iron_ore":9,"regions_unexplored:maple_log":11,"evilcraft:dark_ore":2,"minecraft:crafting_table":2,"minecraft:coal_ore":61,"regions_unexplored:medium_grass":2,"minecraft:stone_bricks":2,"minecraft:stone":101},"minecraft:picked_up":{"minecraft:raw_iron":9,"minecraft:crafting_table":2,"regions_unexplored:silver_birch_leaf_pile":7,"tombstone:grave_key":1,"minecraft:stone_bricks":2,"evilcraft:dark_gem":9,"regions_unexplored:maple_leaf_pile":4,"regions_unexplored:maple_log":10,"minecraft:chainmail_helmet":1,"minecraft:coal":79,"minecraft:cobblestone":97,"minecraft:furnace":2},"minecraft:used":{"minecraft:iron_axe":1,"minecraft:bread":1,"minecraft:stone_pickaxe":131,"minecraft:iron_pickaxe":34,"minecraft:wooden_pickaxe":12,"minecraft:chainmail_helmet":1,"tombstone:grave_key":10,"minecraft:stone_axe":7,"minecraft:crafting_table":2,"minecraft:furnace":2,"tombstone:gift":2,"minecraft:chainmail_leggings":1},"minecraft:crafted":{"minecraft:shield":1,"minecraft:iron_axe":1,"minecraft:crafting_table":1,"minecraft:stick":16,"minecraft:iron_ingot":9,"regions_unexplored:maple_planks":36,"minecraft:wooden_pickaxe":1,"minecraft:iron_pickaxe":1,"minecraft:stone_pickaxe":1,"minecraft:stone_sword":1,"minecraft:furnace":2,"minecraft:stone_axe":1,"minecraft:air":0,"minecraft:bread":14},"minecraft:broken":{"minecraft:stone_pickaxe":1}},"DataVersion":3465}