{"stats":{"minecraft:custom":{"minecraft:interact_with_furnace":10,"lootr:looted_stat":19,"minecraft:interact_with_crafting_table":9,"minecraft:damage_dealt_resisted":6,"minecraft:leave_game":2,"minecraft:time_since_death":3130,"minecraft:climb_one_cm":212,"minecraft:time_since_rest":2365,"minecraft:waystone_activated":1,"minecraft:sprint_one_cm":158342,"minecraft:damage_taken":1394,"minecraft:walk_one_cm":61022,"minecraft:damage_blocked_by_shield":165,"minecraft:drop":24,"minecraft:damage_dealt":77,"minecraft:swim_one_cm":69533,"minecraft:fly_one_cm":142108,"minecraft:crouch_one_cm":14123,"minecraft:play_time":47428,"minecraft:deaths":5,"minecraft:sneak_time":6579,"minecraft:walk_under_water_one_cm":21598,"minecraft:jump":533,"minecraft:walk_on_water_one_cm":23473,"minecraft:total_world_time":47428,"minecraft:fall_one_cm":12904},"minecraft:killed_by":{"minecraft:player":1,"minecraft:skeleton":2,"born_in_chaos_v1:zombie_bruiser":1},"minecraft:dropped":{"iceandfire:raw_silver":5,"minecraft:stone_sword":1,"alexsmobs:animal_dictionary":1,"scguns:raw_anthralite":6,"scguns:anthralite_nugget":1,"ars_nouveau:worn_notebook":1,"regions_unexplored:maple_leaf_pile":4,"minecraft:cornflower":1,"tombstone:grave_key":1,"apotheosis:gem":2,"theoneprobe:probenote":1,"regions_unexplored:maple_log":1,"minecraft:wooden_pickaxe":1,"regions_unexplored:silver_birch_leaf_pile":7},"minecraft:mined":{"create:zinc_ore":1,"iceandfire:silver_ore":5,"regions_unexplored:maple_log":11,"minecraft:crafting_table":2,"minecraft:furnace":2,"minecraft:iron_ore":9,"evilcraft:dark_ore":2,"minecraft:oak_log":5,"minecraft:coal_ore":102,"regions_unexplored:medium_grass":2,"minecraft:stone_bricks":2,"minecraft:stone":263,"scguns:anthralite_ore":7,"minecraft:oak_leaves":6},"minecraft:picked_up":{"minecraft:crafting_table":2,"minecraft:turtle_helmet":1,"minecraft:wooden_pickaxe":1,"minecraft:oak_log":5,"create:raw_zinc":1,"minecraft:chainmail_chestplate":1,"tombstone:grave_key":1,"minecraft:cobblestone_wall":3,"minecraft:cornflower":1,"scguns:raw_anthralite":12,"minecraft:lantern":1,"scguns:anthralite_nugget":1,"minecraft:bone":2,"minecraft:apple":15,"minecraft:stone_bricks":12,"minecraft:wheat_seeds":1,"theoneprobe:probenote":1,"minecraft:iron_ingot":2,"regions_unexplored:maple_leaf_pile":4,"scguns:ancient_brass":4,"minecraft:spruce_slab":9,"minecraft:iron_sword":1,"minecraft:furnace":2,"minecraft:stick":5,"minecraft:raw_iron":29,"apotheosis:gem":4,"regions_unexplored:silver_birch_leaf_pile":7,"minecraft:spruce_stairs":1,"alexsmobs:animal_dictionary":1,"minecraft:stone_sword":1,"minecraft:arrow":2,"minecraft:stone_axe":1,"ars_nouveau:worn_notebook":1,"evilcraft:dark_gem":9,"regions_unexplored:maple_log":10,"minecraft:chainmail_helmet":1,"minecraft:oak_sapling":1,"minecraft:coal":132,"iceandfire:raw_silver":10,"minecraft:cobblestone":302,"minecraft:ender_pearl":1},"minecraft:used":{"minecraft:stone_pickaxe":131,"minecraft:wooden_pickaxe":12,"minecraft:shield":3,"simplyswords:gold_sai":10,"minecraft:chainmail_helmet":1,"minecraft:crafting_table":2,"minecraft:apple":3,"minecraft:lantern":1,"minecraft:iron_axe":1,"minecraft:bread":7,"minecraft:iron_pickaxe":250,"tombstone:grave_key":22,"minecraft:stone_bricks":7,"minecraft:stone_axe":7,"minecraft:cobblestone":15,"minecraft:furnace":3,"tombstone:gift":2,"minecraft:chainmail_leggings":1},"minecraft:crafted":{"minecraft:crafting_table":1,"minecraft:wooden_pickaxe":1,"regions_unexplored:maple_planks":36,"minecraft:furnace":2,"minecraft:stone_axe":1,"minecraft:bread":14,"minecraft:air":0,"minecraft:shield":1,"minecraft:iron_axe":1,"minecraft:stick":16,"minecraft:iron_ingot":10,"minecraft:iron_pickaxe":1,"minecraft:stone_pickaxe":1,"minecraft:stone_sword":1},"minecraft:broken":{"minecraft:stone_pickaxe":1,"minecraft:iron_pickaxe":1}},"DataVersion":3465}