{"stats":{"minecraft:custom":{"minecraft:time_since_rest":8152,"lootr:looted_stat":18,"minecraft:sprint_one_cm":44331,"minecraft:damage_taken":547,"minecraft:walk_one_cm":24986,"minecraft:drop":12,"minecraft:damage_dealt":6,"minecraft:interact_with_crafting_table":3,"minecraft:swim_one_cm":19402,"minecraft:fly_one_cm":36656,"minecraft:crouch_one_cm":6774,"minecraft:play_time":15510,"minecraft:deaths":2,"minecraft:sneak_time":2902,"minecraft:walk_under_water_one_cm":640,"minecraft:jump":134,"minecraft:leave_game":1,"minecraft:walk_on_water_one_cm":3898,"minecraft:time_since_death":8875,"minecraft:climb_one_cm":113,"minecraft:total_world_time":15510,"minecraft:fall_one_cm":1881},"minecraft:killed_by":{"minecraft:player":1,"minecraft:skeleton":1},"minecraft:dropped":{"regions_unexplored:maple_leaf_pile":4,"tombstone:grave_key":1,"regions_unexplored:silver_birch_leaf_pile":7},"minecraft:mined":{"minecraft:iron_ore":9,"regions_unexplored:maple_log":11,"evilcraft:dark_ore":2,"minecraft:crafting_table":1,"minecraft:coal_ore":3,"regions_unexplored:medium_grass":2,"minecraft:stone_bricks":2,"minecraft:stone":89},"minecraft:picked_up":{"minecraft:raw_iron":9,"minecraft:crafting_table":1,"regions_unexplored:silver_birch_leaf_pile":7,"tombstone:grave_key":1,"minecraft:stone_bricks":2,"evilcraft:dark_gem":9,"regions_unexplored:maple_leaf_pile":4,"regions_unexplored:maple_log":10,"minecraft:chainmail_helmet":1,"minecraft:coal":3,"minecraft:cobblestone":85},"minecraft:used":{"minecraft:stone_pickaxe":93,"minecraft:wooden_pickaxe":12,"minecraft:chainmail_helmet":1,"tombstone:grave_key":10,"minecraft:stone_axe":7,"minecraft:crafting_table":1,"tombstone:gift":2,"minecraft:chainmail_leggings":1},"minecraft:crafted":{"minecraft:crafting_table":1,"minecraft:stick":8,"regions_unexplored:maple_planks":16,"minecraft:wooden_pickaxe":1,"minecraft:stone_pickaxe":1,"minecraft:stone_sword":1,"minecraft:stone_axe":1}},"DataVersion":3465}