{"stats":{"minecraft:custom":{"minecraft:jump":27,"minecraft:time_since_rest":1,"minecraft:walk_on_water_one_cm":624,"minecraft:crouch_one_cm":2,"minecraft:sprint_one_cm":6351,"minecraft:deaths":1,"minecraft:leave_game":1,"minecraft:play_time":3510,"minecraft:damage_taken":270,"minecraft:time_since_death":2112,"minecraft:walk_one_cm":4004,"minecraft:sneak_time":20,"minecraft:climb_one_cm":113,"minecraft:total_world_time":3510,"minecraft:walk_under_water_one_cm":70,"minecraft:swim_one_cm":1059,"minecraft:fly_one_cm":8450},"minecraft:killed_by":{"minecraft:player":1}},"DataVersion":3465}