{"stats":{"minecraft:custom":{"minecraft:interact_with_furnace":10,"lootr:looted_stat":20,"minecraft:mob_kills":3,"minecraft:interact_with_crafting_table":11,"minecraft:damage_dealt_resisted":6,"minecraft:leave_game":2,"minecraft:time_since_death":9786,"minecraft:climb_one_cm":248,"minecraft:time_since_rest":7387,"minecraft:waystone_activated":1,"minecraft:sprint_one_cm":220366,"minecraft:damage_taken":1878,"minecraft:walk_one_cm":78289,"tombstone:sneak_grave":5,"minecraft:damage_blocked_by_shield":165,"minecraft:drop":34,"minecraft:damage_dealt":1351,"minecraft:swim_one_cm":74390,"minecraft:fly_one_cm":215771,"minecraft:crouch_one_cm":14630,"tombstone:undead_killed":3,"minecraft:play_time":59428,"minecraft:deaths":6,"minecraft:sneak_time":6734,"minecraft:walk_under_water_one_cm":22015,"minecraft:jump":781,"minecraft:walk_on_water_one_cm":26091,"minecraft:total_world_time":59428,"minecraft:fall_one_cm":18003},"minecraft:killed_by":{"man:managgresive":1,"minecraft:player":1,"minecraft:skeleton":2,"born_in_chaos_v1:zombie_bruiser":1},"minecraft:dropped":{"iceandfire:raw_silver":10,"minecraft:wheat_seeds":1,"minecraft:stone_sword":2,"alexsmobs:animal_dictionary":1,"scguns:powder_and_ball":1,"minecraft:tropical_fish":2,"scguns:raw_anthralite":6,"scguns:anthralite_nugget":1,"ars_nouveau:worn_notebook":1,"regions_unexplored:maple_leaf_pile":4,"minecraft:cornflower":1,"tombstone:grave_key":1,"apotheosis:gem":3,"minecraft:oak_sapling":1,"tombstone:grave_dust":1,"theoneprobe:probenote":2,"regions_unexplored:maple_log":1,"minecraft:wooden_pickaxe":1,"regions_unexplored:silver_birch_leaf_pile":7,"minecraft:bone":2},"minecraft:killed":{"undead_revamp2:the_moonflower":1,"born_in_chaos_v1:decrepit_skeleton":1,"minecraft:zombie":1},"minecraft:mined":{"create:zinc_ore":1,"iceandfire:silver_ore":5,"regions_unexplored:maple_log":11,"minecraft:crafting_table":2,"minecraft:furnace":2,"minecraft:iron_ore":9,"evilcraft:dark_ore":2,"minecraft:oak_log":5,"minecraft:coal_ore":102,"regions_unexplored:medium_grass":2,"minecraft:stone_bricks":3,"minecraft:stone":266,"scguns:anthralite_ore":7,"minecraft:oak_leaves":6},"minecraft:picked_up":{"minecraft:crafting_table":2,"minecraft:turtle_helmet":1,"minecraft:wooden_pickaxe":1,"minecraft:oak_log":5,"create:raw_zinc":1,"minecraft:chainmail_chestplate":1,"tombstone:grave_key":1,"minecraft:cobblestone_wall":3,"minecraft:cornflower":1,"scguns:raw_anthralite":12,"minecraft:lantern":1,"scguns:anthralite_nugget":1,"scguns:powder_and_ball":1,"minecraft:bone":4,"minecraft:apple":19,"minecraft:stone_bricks":12,"minecraft:wheat_seeds":1,"minecraft:rabbit_hide":2,"theoneprobe:probenote":2,"minecraft:iron_ingot":2,"regions_unexplored:maple_leaf_pile":4,"scguns:ancient_brass":4,"minecraft:spruce_slab":9,"minecraft:iron_sword":2,"minecraft:furnace":2,"minecraft:stick":5,"minecraft:raw_iron":29,"apotheosis:gem":5,"regions_unexplored:silver_birch_leaf_pile":7,"minecraft:spruce_stairs":1,"alexsmobs:animal_dictionary":2,"minecraft:stone_sword":2,"minecraft:arrow":2,"minecraft:tropical_fish":2,"minecraft:stone_axe":1,"ars_nouveau:worn_notebook":2,"evilcraft:dark_gem":9,"crittersandcompanions:silk":5,"regions_unexplored:maple_log":10,"minecraft:chainmail_helmet":1,"minecraft:oak_sapling":1,"minecraft:coal":133,"iceandfire:raw_silver":15,"minecraft:cobblestone":329,"minecraft:ender_pearl":1},"minecraft:used":{"minecraft:stone_pickaxe":132,"minecraft:wooden_pickaxe":15,"minecraft:shield":3,"minecraft:iron_sword":1,"simplyswords:gold_sai":10,"minecraft:chainmail_helmet":1,"minecraft:crafting_table":3,"minecraft:apple":5,"minecraft:lantern":1,"minecraft:iron_axe":1,"minecraft:bread":7,"minecraft:iron_pickaxe":250,"tombstone:grave_key":32,"minecraft:stone_bricks":7,"minecraft:stone_axe":7,"minecraft:cobblestone":15,"minecraft:furnace":3,"tombstone:gift":4,"simplyswords:iron_glaive":13,"minecraft:chainmail_leggings":1},"minecraft:crafted":{"minecraft:oak_planks":20,"minecraft:crafting_table":2,"minecraft:wooden_pickaxe":3,"regions_unexplored:maple_planks":36,"minecraft:furnace":2,"minecraft:stone_axe":1,"minecraft:bread":14,"minecraft:air":0,"minecraft:shield":1,"minecraft:iron_axe":1,"minecraft:stick":24,"minecraft:iron_ingot":10,"minecraft:iron_pickaxe":1,"minecraft:stone_pickaxe":2,"minecraft:stone_sword":1},"minecraft:broken":{"minecraft:stone_pickaxe":1,"minecraft:iron_pickaxe":1}},"DataVersion":3465}