{"stats":{"minecraft:custom":{"minecraft:interact_with_furnace":11,"lootr:looted_stat":21,"minecraft:mob_kills":3,"minecraft:interact_with_crafting_table":12,"minecraft:damage_dealt_resisted":6,"minecraft:leave_game":2,"minecraft:time_since_death":6479,"minecraft:climb_one_cm":385,"minecraft:time_since_rest":6110,"minecraft:waystone_activated":1,"minecraft:sprint_one_cm":360752,"minecraft:damage_taken":3343,"minecraft:walk_one_cm":121450,"tombstone:sneak_grave":5,"minecraft:damage_blocked_by_shield":585,"minecraft:drop":49,"minecraft:damage_dealt":2333,"minecraft:swim_one_cm":114901,"minecraft:fly_one_cm":432151,"minecraft:crouch_one_cm":15962,"tombstone:undead_killed":3,"minecraft:play_time":83428,"minecraft:deaths":10,"minecraft:sneak_time":7276,"minecraft:walk_under_water_one_cm":28219,"minecraft:jump":1476,"minecraft:walk_on_water_one_cm":43199,"minecraft:total_world_time":83428,"minecraft:fall_one_cm":34601},"minecraft:killed_by":{"man:managgresive":1,"minecraft:player":1,"royalvariations:royal_skeleton":1,"minecraft:skeleton":3,"born_in_chaos_v1:zombie_bruiser":1,"creeperoverhaul:dripstone_creeper":1},"minecraft:dropped":{"iceandfire:raw_silver":10,"minecraft:sugar_cane":1,"minecraft:wheat_seeds":3,"simplyswords:gold_sai":1,"minecraft:stone_sword":2,"alexsmobs:animal_dictionary":2,"scguns:powder_and_ball":1,"minecraft:apple":1,"minecraft:tropical_fish":2,"minecraft:spruce_stairs":1,"scguns:raw_anthralite":6,"minecraft:stick":3,"scguns:anthralite_nugget":1,"ars_nouveau:worn_notebook":2,"regions_unexplored:maple_leaf_pile":4,"minecraft:cornflower":1,"tombstone:grave_key":2,"apotheosis:gem":3,"minecraft:oak_sapling":2,"tombstone:grave_dust":1,"theoneprobe:probenote":2,"regions_unexplored:maple_log":1,"minecraft:stone_pickaxe":1,"minecraft:wooden_pickaxe":1,"regions_unexplored:silver_birch_leaf_pile":7,"undead_revamp2:blacpetalblock":1,"minecraft:bone":2},"minecraft:killed":{"undead_revamp2:the_moonflower":1,"born_in_chaos_v1:decrepit_skeleton":1,"minecraft:zombie":1},"minecraft:mined":{"create:zinc_ore":1,"regions_unexplored:spruce_shrub":1,"minecraft:white_bed":2,"iceandfire:silver_ore":5,"minecraft:deepslate_diamond_ore":2,"regions_unexplored:maple_log":15,"minecraft:crafting_table":2,"minecraft:cobblestone":2,"minecraft:tall_grass":1,"minecraft:sugar_cane":4,"minecraft:moss_block":1,"minecraft:hay_block":2,"minecraft:seagrass":1,"minecraft:tall_seagrass":2,"minecraft:furnace":2,"minecraft:iron_ore":9,"evilcraft:dark_ore":2,"minecraft:peony":1,"minecraft:grass":1,"minecraft:oak_log":5,"minecraft:coal_ore":102,"regions_unexplored:apple_oak_leaves":1,"regions_unexplored:medium_grass":4,"minecraft:stone_bricks":3,"minecraft:stone":266,"scguns:anthralite_ore":7,"minecraft:oak_leaves":6,"minecraft:fern":1},"minecraft:picked_up":{"minecraft:crafting_table":2,"minecraft:turtle_helmet":1,"minecraft:wooden_pickaxe":1,"minecraft:oak_log":5,"create:raw_zinc":1,"minecraft:chainmail_chestplate":1,"tombstone:grave_key":1,"minecraft:cobblestone_wall":6,"minecraft:cornflower":1,"scguns:raw_anthralite":12,"minecraft:lantern":1,"scguns:anthralite_nugget":1,"scguns:powder_and_ball":2,"minecraft:bone":8,"undead_revamp2:blacpetalblock":1,"minecraft:apple":37,"minecraft:stone_bricks":18,"minecraft:wheat_seeds":5,"minecraft:stone_pickaxe":1,"minecraft:rabbit_hide":2,"theoneprobe:probenote":3,"minecraft:iron_ingot":2,"regions_unexplored:maple_leaf_pile":4,"minecraft:iron_pickaxe":1,"scguns:ancient_brass":4,"minecraft:spruce_slab":9,"minecraft:moss_block":1,"minecraft:sugar_cane":11,"minecraft:iron_sword":2,"minecraft:furnace":2,"minecraft:stick":10,"minecraft:raw_iron":29,"apotheosis:gem":6,"regions_unexplored:silver_birch_leaf_pile":7,"minecraft:spruce_stairs":2,"tombstone:grave_dust":1,"minecraft:white_bed":2,"alexsmobs:animal_dictionary":3,"minecraft:stone_sword":3,"minecraft:arrow":2,"minecraft:hay_block":2,"minecraft:diamond":2,"minecraft:tropical_fish":5,"minecraft:stone_axe":1,"minecraft:peony":1,"ars_nouveau:worn_notebook":3,"evilcraft:dark_gem":9,"crittersandcompanions:silk":5,"regions_unexplored:maple_log":13,"minecraft:chainmail_helmet":1,"minecraft:oak_sapling":4,"minecraft:coal":133,"iceandfire:raw_silver":20,"minecraft:cobblestone":331,"minecraft:ender_pearl":1},"minecraft:used":{"minecraft:peony":1,"minecraft:stone_sword":3,"minecraft:stone_pickaxe":132,"minecraft:wooden_pickaxe":17,"minecraft:shield":11,"minecraft:iron_sword":10,"simplyswords:gold_sai":10,"minecraft:chainmail_helmet":1,"minecraft:crafting_table":4,"minecraft:apple":16,"minecraft:lantern":1,"minecraft:iron_axe":1,"minecraft:bread":13,"minecraft:iron_pickaxe":252,"tombstone:grave_key":74,"minecraft:stone_bricks":9,"minecraft:stone_axe":7,"minecraft:cobblestone":20,"minecraft:furnace":3,"tombstone:gift":4,"simplyswords:iron_glaive":15,"minecraft:chainmail_leggings":1},"minecraft:crafted":{"minecraft:oak_planks":20,"minecraft:crafting_table":3,"minecraft:wooden_pickaxe":3,"regions_unexplored:maple_planks":40,"minecraft:furnace":2,"minecraft:stone_axe":1,"minecraft:bread":20,"minecraft:air":0,"minecraft:shield":1,"minecraft:iron_axe":1,"minecraft:stick":40,"minecraft:iron_ingot":10,"minecraft:iron_pickaxe":1,"minecraft:stone_pickaxe":2,"minecraft:stone_sword":1,"minecraft:wheat":18},"minecraft:broken":{"minecraft:stone_pickaxe":1,"minecraft:iron_pickaxe":1}},"DataVersion":3465}