{"stats":{"minecraft:custom":{"minecraft:interact_with_furnace":8,"lootr:looted_stat":19,"minecraft:interact_with_crafting_table":9,"minecraft:leave_game":2,"minecraft:time_since_death":10944,"minecraft:climb_one_cm":113,"minecraft:time_since_rest":8545,"minecraft:waystone_activated":1,"minecraft:sprint_one_cm":93166,"minecraft:damage_taken":816,"minecraft:walk_one_cm":44335,"minecraft:damage_blocked_by_shield":165,"minecraft:drop":16,"minecraft:damage_dealt":6,"minecraft:swim_one_cm":44554,"minecraft:fly_one_cm":72814,"minecraft:crouch_one_cm":13785,"minecraft:play_time":35428,"minecraft:deaths":3,"minecraft:sneak_time":5956,"minecraft:walk_under_water_one_cm":15262,"minecraft:jump":287,"minecraft:walk_on_water_one_cm":11790,"minecraft:total_world_time":35428,"minecraft:fall_one_cm":6582},"minecraft:killed_by":{"minecraft:player":1,"minecraft:skeleton":1},"minecraft:dropped":{"minecraft:stone_sword":1,"scguns:raw_anthralite":6,"scguns:anthralite_nugget":1,"regions_unexplored:maple_leaf_pile":4,"tombstone:grave_key":1,"regions_unexplored:maple_log":1,"regions_unexplored:silver_birch_leaf_pile":7},"minecraft:mined":{"regions_unexplored:maple_log":11,"minecraft:crafting_table":2,"minecraft:furnace":2,"minecraft:iron_ore":9,"evilcraft:dark_ore":2,"minecraft:coal_ore":102,"regions_unexplored:medium_grass":2,"minecraft:stone_bricks":2,"minecraft:stone":235,"scguns:anthralite_ore":7},"minecraft:picked_up":{"minecraft:crafting_table":2,"tombstone:grave_key":1,"minecraft:cobblestone_wall":3,"minecraft:cornflower":1,"scguns:raw_anthralite":12,"minecraft:lantern":1,"scguns:anthralite_nugget":1,"minecraft:apple":3,"minecraft:stone_bricks":12,"regions_unexplored:maple_leaf_pile":4,"scguns:ancient_brass":4,"minecraft:spruce_slab":9,"minecraft:furnace":2,"minecraft:raw_iron":9,"apotheosis:gem":2,"regions_unexplored:silver_birch_leaf_pile":7,"minecraft:spruce_stairs":1,"minecraft:stone_sword":1,"evilcraft:dark_gem":9,"regions_unexplored:maple_log":10,"minecraft:chainmail_helmet":1,"minecraft:coal":120,"minecraft:cobblestone":226},"minecraft:used":{"minecraft:stone_pickaxe":131,"minecraft:wooden_pickaxe":12,"minecraft:shield":3,"minecraft:chainmail_helmet":1,"minecraft:crafting_table":2,"minecraft:apple":3,"minecraft:lantern":1,"minecraft:iron_axe":1,"minecraft:bread":3,"minecraft:iron_pickaxe":216,"tombstone:grave_key":21,"minecraft:stone_axe":7,"minecraft:cobblestone":15,"minecraft:furnace":2,"tombstone:gift":2,"minecraft:chainmail_leggings":1},"minecraft:crafted":{"minecraft:crafting_table":1,"minecraft:wooden_pickaxe":1,"regions_unexplored:maple_planks":36,"minecraft:furnace":2,"minecraft:stone_axe":1,"minecraft:bread":14,"minecraft:air":0,"minecraft:shield":1,"minecraft:iron_axe":1,"minecraft:stick":16,"minecraft:iron_ingot":9,"minecraft:iron_pickaxe":1,"minecraft:stone_pickaxe":1,"minecraft:stone_sword":1},"minecraft:broken":{"minecraft:stone_pickaxe":1}},"DataVersion":3465}