{"stats":{"minecraft:custom":{"lootr:looted_stat":12,"minecraft:mob_kills":4,"minecraft:interact_with_crafting_table":9,"minecraft:damage_dealt_resisted":0,"minecraft:leave_game":1,"minecraft:time_since_death":15906,"minecraft:climb_one_cm":5317,"minecraft:damage_resisted":0,"minecraft:time_since_rest":15670,"minecraft:sprint_one_cm":99901,"minecraft:walk_one_cm":63672,"minecraft:damage_taken":1108,"minecraft:drop":27,"minecraft:damage_dealt":1126,"minecraft:talked_to_villager":1,"minecraft:fly_one_cm":107211,"minecraft:player_kills":3,"minecraft:crouch_one_cm":7290,"minecraft:play_time":37281,"minecraft:deaths":2,"minecraft:sneak_time":2850,"minecraft:jump":529,"minecraft:walk_on_water_one_cm":219,"minecraft:total_world_time":37281,"minecraft:fall_one_cm":12497,"minecraft:inspect_dispenser":6},"minecraft:killed_by":{"minecraft:player":1,"undead_revamp2:therod":1},"minecraft:dropped":{"minecraft:stone_axe":1,"minecraft:wheat_seeds":1,"alexsmobs:animal_dictionary":1,"minecraft:mossy_cobblestone":2,"terramity:music_sheet_of_cleansing":1,"minecraft:oak_fence":2,"minecraft:rotten_flesh":2,"minecraft:lantern":2,"terramity:music_sheet_of_untimely_death":1,"patchouli:guide_book":4,"minecraft:item_frame":2,"minecraft:stick":1,"minecraft:dirt":1,"ars_nouveau:worn_notebook":1,"minecraft:brick_stairs":2,"minecraft:stone_button":1,"minecraft:torch":1,"minecraft:cornflower":1,"theoneprobe:probenote":1,"minecraft:stone_pickaxe":1},"minecraft:killed":{"alexsmobs:anaconda":1,"minecraft:cow":3},"minecraft:mined":{"lootr:lootr_chest":1,"minecraft:oak_fence":1,"minecraft:lectern":3,"minecraft:tall_grass":2,"minecraft:cobblestone":8,"regions_unexplored:purple_coneflower":1,"minecraft:hay_block":55,"minecraft:lilac":1,"minecraft:grass":1,"minecraft:bookshelf":50,"minecraft:oak_log":5,"crittersandcompanions:silk_cocoon":1,"minecraft:cobweb":5,"minecraft:potted_cornflower":1,"irons_spellbooks:inscription_table":1,"minecraft:iron_block":2,"paraglider:goddess_statue":1},"minecraft:picked_up":{"minecraft:flower_pot":1,"minecraft:leather":4,"minecraft:oak_log":5,"minecraft:cornflower":1,"minecraft:string":5,"paraglider:goddess_statue":1,"minecraft:dirt":1,"minecraft:lantern":8,"minecraft:item_frame":2,"minecraft:wheat_seeds":1,"minecraft:beef":3,"minecraft:lectern":3,"minecraft:chest":1,"irons_spellbooks:inscription_table":1,"minecraft:iron_sword":1,"minecraft:book":150,"minecraft:oak_door":1,"minecraft:oak_fence":2,"minecraft:torch":1,"terramity:music_sheet_of_cleansing":1,"minecraft:stone_button":1,"minecraft:mossy_cobblestone":2,"minecraft:rotten_flesh":2,"minecraft:stone_axe":1,"minecraft:hay_block":55,"minecraft:iron_block":2,"minecraft:brick_stairs":2,"minecraft:cobblestone":8},"minecraft:used":{"minecraft:stone_pickaxe":1,"minecraft:oak_planks":5,"minecraft:wooden_pickaxe":9,"minecraft:iron_sword":30,"minecraft:oak_door":1,"minecraft:crafting_table":2,"minecraft:flower_pot":1,"minecraft:firework_rocket":124,"minecraft:lantern":4,"minecraft:iron_axe":31,"minecraft:bread":10,"minecraft:iron_pickaxe":1,"tombstone:grave_key":1,"minecraft:stone_axe":25,"tombstone:gift":1},"minecraft:crafted":{"minecraft:oak_planks":20,"sophisticatedbackpacks:backpack":1,"minecraft:crafting_table":2,"minecraft:wooden_pickaxe":1,"minecraft:stone_axe":1,"minecraft:bread":45,"minecraft:iron_boots":1,"minecraft:stick":8,"minecraft:stone_pickaxe":1,"minecraft:iron_ingot":18,"minecraft:iron_pickaxe":1,"minecraft:iron_leggings":1,"minecraft:wheat":135}},"DataVersion":3465}