{"stats":{"minecraft:broken":{"minecraft:iron_chestplate":1,"minecraft:iron_leggings":1,"minecraft:iron_sword":1},"minecraft:killed":{"minecraft:witch":3,"minecraft:phantom":4,"minecraft:horse":4,"minecraft:skeleton":11,"undead_revamp2:thebeartamer":1,"endofherobrine:cow":1,"minecraft:cow":2},"minecraft:used":{"minecraft:oak_fence":1,"minecraft:iron_shovel":18,"minecraft:iron_sword":245,"minecraft:torch":33,"minecraft:lantern":1,"minecraft:iron_axe":127,"minecraft:hay_block":5,"tombstone:gift":5,"minecraft:stone_pickaxe":21,"minecraft:oak_planks":356,"minecraft:ender_pearl":8,"minecraft:wooden_pickaxe":12,"minecraft:crafting_table":2,"born_in_chaos_v1:holiday_candy":1,"minecraft:bread":22,"quark:pickarang":23,"minecraft:iron_pickaxe":20,"tombstone:grave_key":22},"minecraft:picked_up":{"regions_unexplored:small_oak_log":3,"minecraft:oak_stairs":1,"born_in_chaos_v1:holiday_candy":1,"paraglider:goddess_statue":1,"minecraft:string":4,"terramity:accursed_soul":17,"minecraft:spruce_planks":1,"minecraft:beef":5,"minecraft:coal_block":16,"minecraft:birch_sapling":2,"minecraft:phantom_membrane":2,"minecraft:stripped_crimson_hyphae":1,"minecraft:stick":47,"apotheosis:gem":1,"minecraft:oak_fence":1,"minecraft:torch":1,"minecraft:spruce_stairs":2,"minecraft:stone_button":2,"tombstone:grave_dust":3,"minecraft:trident":1,"minecraft:redstone":8,"minecraft:purple_terracotta":2,"minecraft:dark_oak_planks":1,"minecraft:arrow":16,"minecraft:rotten_flesh":2,"minecraft:hay_block":56,"minecraft:saddle":3,"supplementaries:ash":11,"minecraft:white_wool":7,"minecraft:cobblestone":17,"create:copycat_step":1,"born_in_chaos_v1:corpse_maggot":1,"minecraft:leather":4,"minecraft:red_glazed_terracotta":2,"minecraft:acacia_wood":1,"paraglider:spirit_orb":8,"evilcraft:flesh_humanoid":2,"minecraft:oak_log":114,"minecraft:chainmail_chestplate":2,"undead_revamp2:huntereye":1,"minecraft:dirt":3,"minecraft:lantern":3,"tombstone:gift":1,"minecraft:bone":8,"minecraft:apple":3,"minecraft:wheat_seeds":2,"quark:pickarang":1,"collectorsalbum:common_card_pack":1,"terramity:music_sheet_of_untimely_death":3,"minecraft:book":48,"endrem:witch_pupil":1,"terramity:flare_gun":1,"minecraft:red_terracotta":1,"minecraft:spider_eye":1,"minecraft:mossy_cobblestone":1,"minecraft:dark_prismarine":5,"minecraft:polished_andesite":15,"minecraft:granite":2,"minecraft:terracotta":9,"minecraft:oak_sapling":67,"minecraft:bricks":1,"minecraft:andesite_slab":7},"minecraft:custom":{"lootr:looted_stat":47,"minecraft:mob_kills":29,"minecraft:interact_with_anvil":1,"minecraft:interact_with_crafting_table":4,"minecraft:damage_dealt_resisted":0,"minecraft:leave_game":3,"minecraft:time_since_death":1369,"minecraft:climb_one_cm":10837,"minecraft:damage_resisted":0,"minecraft:sprint_one_cm":220199,"minecraft:walk_one_cm":153465,"minecraft:drop":81,"minecraft:talked_to_villager":5,"minecraft:play_time":78611,"minecraft:deaths":35,"minecraft:sneak_time":5475,"minecraft:walk_under_water_one_cm":407,"minecraft:jump":1415,"minecraft:walk_on_water_one_cm":1024,"minecraft:total_world_time":78611,"tombstone:raider_killed":7,"minecraft:time_since_rest":1176,"minecraft:damage_taken":13806,"minecraft:damage_absorbed":468,"minecraft:damage_dealt":13847,"minecraft:player_kills":1,"minecraft:fly_one_cm":216083,"minecraft:open_chest":1,"minecraft:crouch_one_cm":11303,"tombstone:undead_killed":16,"minecraft:fall_one_cm":66324},"minecraft:killed_by":{"endofherobrine:cow":2,"minecraft:player":3,"minecraft:creeper":2,"alexsmobs:bison":1,"apollyon:the_damned":1,"minecraft:skeleton":17,"minecraft:witch":4,"minecraft:zombie":2,"undead_revamp2:thebeartamer":1},"minecraft:crafted":{"minecraft:oak_planks":468,"minecraft:coal":9,"tombstone:grave_key":2,"minecraft:stone_pickaxe":1,"sophisticatedbackpacks:backpack":1,"minecraft:crafting_table":2,"minecraft:wooden_pickaxe":1,"quark:oak_chest":1,"minecraft:stick":4,"minecraft:torch":36},"minecraft:dropped":{"minecraft:purple_terracotta":2,"minecraft:wheat_seeds":2,"minecraft:mossy_cobblestone":1,"endrem:witch_pupil":1,"minecraft:iron_helmet":1,"minecraft:cobblestone":14,"minecraft:lantern":2,"minecraft:granite":5,"create:copycat_step":1,"minecraft:saddle":2,"minecraft:spruce_stairs":2,"minecraft:stick":17,"minecraft:dirt":2,"ars_nouveau:worn_notebook":1,"relics:roller_skates":1,"minecraft:stone_button":2,"minecraft:oak_stairs":1,"terramity:flare_gun":2,"minecraft:chainmail_leggings":1,"minecraft:iron_shovel":1,"minecraft:white_wool":7,"minecraft:redstone":2,"minecraft:bone":8,"minecraft:red_glazed_terracotta":2,"alexsmobs:animal_dictionary":1,"minecraft:andesite_slab":4,"minecraft:birch_sapling":2,"minecraft:rotten_flesh":2,"minecraft:oak_planks":3,"terramity:music_sheet_of_untimely_death":10,"evilcraft:flesh_humanoid":8,"minecraft:red_terracotta":1,"patchouli:guide_book":4,"minecraft:chainmail_chestplate":3,"minecraft:hay_block":1,"minecraft:gunpowder":1,"born_in_chaos_v1:corpse_maggot":1,"minecraft:oak_sapling":67,"minecraft:chainmail_boots":1,"minecraft:spider_eye":1,"minecraft:stripped_crimson_hyphae":1,"minecraft:arrow":10,"minecraft:stone_pickaxe":1,"minecraft:wooden_pickaxe":1,"minecraft:dark_prismarine":5,"minecraft:terracotta":9},"minecraft:mined":{"minecraft:dark_prismarine":5,"minecraft:spruce_planks":2,"minecraft:mossy_cobblestone":1,"minecraft:granite":1,"minecraft:stripped_crimson_hyphae":1,"minecraft:purple_terracotta":2,"minecraft:grass_block":2,"minecraft:coal_block":16,"minecraft:spawner":5,"regions_unexplored:small_oak_leaves":1,"minecraft:hay_block":55,"minecraft:black_stained_glass_pane":1,"minecraft:bookshelf":26,"minecraft:oak_stairs":1,"create:copycat_step":1,"minecraft:stone":13,"minecraft:oak_fence":1,"regions_unexplored:silt_dirt":1,"minecraft:andesite_slab":2,"minecraft:tall_grass":10,"minecraft:cobblestone":1,"minecraft:red_glazed_terracotta":2,"minecraft:spruce_stairs":1,"minecraft:red_terracotta":1,"minecraft:birch_leaves":4,"minecraft:grass":3,"minecraft:oak_log":126,"minecraft:terracotta":1,"minecraft:polished_andesite":6,"minecraft:oak_leaves":1,"minecraft:fern":1,"paraglider:goddess_statue":1}},"DataVersion":3465}