{"stats":{"minecraft:killed":{"undead_revamp2:thebeartamer":1,"minecraft:horse":4,"minecraft:skeleton":2,"endofherobrine:cow":1,"minecraft:cow":2},"minecraft:used":{"minecraft:oak_fence":1,"minecraft:iron_shovel":18,"minecraft:stone_pickaxe":21,"minecraft:oak_planks":31,"minecraft:wooden_pickaxe":12,"minecraft:iron_sword":39,"minecraft:crafting_table":2,"minecraft:lantern":1,"minecraft:iron_axe":1,"minecraft:bread":6,"tombstone:grave_key":4,"minecraft:hay_block":5},"minecraft:picked_up":{"create:copycat_step":1,"born_in_chaos_v1:corpse_maggot":1,"minecraft:leather":4,"minecraft:oak_log":51,"undead_revamp2:huntereye":1,"minecraft:dirt":1,"paraglider:goddess_statue":1,"minecraft:string":4,"minecraft:lantern":3,"tombstone:gift":1,"minecraft:bone":2,"minecraft:apple":2,"minecraft:wheat_seeds":1,"minecraft:beef":5,"collectorsalbum:common_card_pack":1,"minecraft:coal_block":16,"minecraft:stick":17,"minecraft:oak_fence":1,"minecraft:stone_button":2,"minecraft:trident":1,"minecraft:spider_eye":1,"minecraft:mossy_cobblestone":1,"minecraft:arrow":2,"minecraft:rotten_flesh":2,"minecraft:hay_block":56,"minecraft:saddle":3,"minecraft:oak_sapling":21,"minecraft:cobblestone":17,"regions_unexplored:small_oak_log":3},"minecraft:custom":{"lootr:looted_stat":23,"minecraft:mob_kills":10,"minecraft:interact_with_anvil":1,"minecraft:interact_with_crafting_table":4,"minecraft:damage_dealt_resisted":0,"minecraft:time_since_death":1044,"minecraft:climb_one_cm":1303,"minecraft:damage_resisted":0,"minecraft:time_since_rest":825,"minecraft:sprint_one_cm":97744,"minecraft:damage_taken":3482,"minecraft:walk_one_cm":56407,"minecraft:drop":30,"minecraft:damage_dealt":2433,"minecraft:talked_to_villager":5,"minecraft:fly_one_cm":93520,"minecraft:open_chest":1,"minecraft:crouch_one_cm":3690,"minecraft:play_time":31893,"tombstone:undead_killed":3,"minecraft:deaths":8,"minecraft:sneak_time":2282,"minecraft:walk_under_water_one_cm":407,"minecraft:jump":592,"minecraft:walk_on_water_one_cm":1024,"minecraft:total_world_time":31893,"minecraft:fall_one_cm":23947},"minecraft:killed_by":{"endofherobrine:cow":2,"apollyon:the_damned":1,"minecraft:skeleton":1,"minecraft:creeper":1,"alexsmobs:bison":1,"undead_revamp2:thebeartamer":1},"minecraft:crafted":{"minecraft:oak_planks":216,"sophisticatedbackpacks:backpack":1,"minecraft:crafting_table":2,"minecraft:wooden_pickaxe":1,"minecraft:stick":4,"quark:oak_chest":1,"minecraft:stone_pickaxe":1},"minecraft:dropped":{"minecraft:wheat_seeds":1,"alexsmobs:animal_dictionary":1,"minecraft:mossy_cobblestone":1,"minecraft:cobblestone":14,"minecraft:rotten_flesh":2,"minecraft:oak_planks":3,"minecraft:lantern":2,"create:copycat_step":1,"minecraft:saddle":2,"terramity:music_sheet_of_untimely_death":1,"patchouli:guide_book":4,"minecraft:dirt":1,"ars_nouveau:worn_notebook":1,"minecraft:hay_block":1,"minecraft:stone_button":2,"born_in_chaos_v1:corpse_maggot":1,"minecraft:spider_eye":1,"minecraft:arrow":2,"minecraft:wooden_pickaxe":1,"terramity:flare_gun":1,"minecraft:iron_shovel":1},"minecraft:mined":{"minecraft:mossy_cobblestone":1,"minecraft:oak_fence":1,"minecraft:grass_block":1,"regions_unexplored:silt_dirt":1,"minecraft:coal_block":16,"minecraft:tall_grass":10,"minecraft:cobblestone":1,"minecraft:hay_block":55,"minecraft:black_stained_glass_pane":1,"minecraft:grass":3,"minecraft:oak_log":62,"create:copycat_step":1,"minecraft:stone":13,"paraglider:goddess_statue":1}},"DataVersion":3465}