{"stats":{"minecraft:custom":{"lootr:looted_stat":71,"minecraft:mob_kills":30,"minecraft:interact_with_crafting_table":16,"minecraft:damage_dealt_resisted":140,"minecraft:leave_game":2,"minecraft:time_since_death":141,"minecraft:climb_one_cm":9552,"minecraft:damage_resisted":0,"minecraft:sprint_one_cm":313059,"minecraft:walk_one_cm":192869,"minecraft:drop":68,"minecraft:talked_to_villager":1,"minecraft:play_time":126329,"minecraft:deaths":37,"minecraft:sneak_time":5309,"minecraft:walk_under_water_one_cm":2890,"minecraft:jump":2343,"minecraft:interact_with_blast_furnace":1,"minecraft:walk_on_water_one_cm":6558,"minecraft:total_world_time":126329,"minecraft:interact_with_furnace":1,"tombstone:raider_killed":6,"minecraft:interact_with_cartography_table":1,"minecraft:time_since_rest":1,"minecraft:damage_absorbed":67,"minecraft:damage_taken":12551,"minecraft:damage_dealt":13612,"minecraft:swim_one_cm":13625,"minecraft:fly_one_cm":456785,"minecraft:player_kills":5,"minecraft:crouch_one_cm":11052,"tombstone:undead_killed":13,"minecraft:fall_one_cm":106377,"minecraft:inspect_dispenser":6},"minecraft:killed_by":{"minecraft:player":2,"minecraft:pillager":3,"minecraft:vindicator":2,"man:managgresive":1,"undead_revamp2:therod":3,"irons_spellbooks:necromancer":1,"minecraft:skeleton":10,"artifacts:mimic":2,"irons_spellbooks:archevoker":9},"minecraft:dropped":{"minecraft:wheat_seeds":1,"minecraft:mossy_cobblestone":3,"minecraft:dripstone_block":18,"terramity:music_sheet_of_cleansing":1,"minecraft:oak_fence":2,"minecraft:iron_helmet":1,"minecraft:cobblestone":2,"minecraft:book":6,"minecraft:lantern":2,"minecraft:leather":5,"regions_unexplored:redwood_sapling":29,"minecraft:leather_helmet":1,"minecraft:item_frame":2,"minecraft:stick":7,"minecraft:dirt":1,"ars_nouveau:worn_notebook":1,"minecraft:stone_button":1,"minecraft:torch":1,"minecraft:cornflower":1,"theoneprobe:probenote":1,"minecraft:iron_leggings":1,"minecraft:chainmail_leggings":1,"irons_spellbooks:frozen_bone":1,"ars_nouveau:caster_tome":1,"minecraft:bone":8,"minecraft:stone_axe":1,"alexsmobs:animal_dictionary":1,"minecraft:cobbled_deepslate":4,"tombstone:gift":1,"minecraft:pointed_dripstone":1,"minecraft:rotten_flesh":2,"terramity:music_sheet_of_untimely_death":3,"evilcraft:flesh_humanoid":6,"patchouli:guide_book":4,"minecraft:hay_block":20,"minecraft:shield":1,"minecraft:brick_stairs":2,"minecraft:spruce_planks":4,"terramity:ruby_ring":1,"minecraft:iron_chestplate":1,"minecraft:bow":1,"minecraft:arrow":11,"minecraft:stone_pickaxe":1,"minecraft:wooden_pickaxe":2},"minecraft:killed":{"minecraft:cave_spider":1,"alexsmobs:anaconda":1,"mofus_better_end_:eye_guardian_crawler":1,"minecraft:vindicator":1,"born_in_chaos_v1:siamese_skeletonsright":1,"born_in_chaos_v1:maggot":1,"minecraft:skeleton":8,"artifacts:mimic":2,"irons_spellbooks:necromancer":1,"minecraft:pillager":5,"minecraft:zombie":2,"born_in_chaos_v1:corpse_fly":2,"born_in_chaos_v1:siamese_skeletonsleft":1,"minecraft:cow":3},"minecraft:mined":{"minecraft:infested_deepslate":2,"minecraft:tuff":12,"minecraft:mossy_cobblestone":1,"minecraft:glow_lichen":1,"minecraft:grass_block":1,"minecraft:decorated_pot":1,"regions_unexplored:purple_coneflower":1,"regions_unexplored:raw_redstone_block":1,"minecraft:spawner":5,"minecraft:hay_block":55,"minecraft:fire":1,"minecraft:cobbled_deepslate":3,"minecraft:suspicious_sand":1,"minecraft:stripped_spruce_log":3,"minecraft:deepslate_lapis_ore":2,"minecraft:gold_block":1,"minecraft:bookshelf":52,"minecraft:deepslate_iron_ore":3,"crittersandcompanions:silk_cocoon":1,"scguns:phosphorite":7,"regions_unexplored:medium_grass":1,"minecraft:potted_cornflower":1,"irons_spellbooks:inscription_table":1,"regions_unexplored:redwood_log":404,"minecraft:stone":15,"minecraft:iron_block":2,"minecraft:podzol":3,"lootr:lootr_chest":5,"lootr:lootr_barrel":1,"minecraft:oak_fence":1,"minecraft:lectern":3,"minecraft:tall_grass":2,"minecraft:cobblestone":8,"regions_unexplored:redstone_bud":1,"realmrpg_skeletons:webbed_skeleton":2,"minecraft:lilac":1,"regions_unexplored:redwood_leaves":1,"minecraft:grass":2,"minecraft:oak_log":5,"minecraft:coal_ore":3,"minecraft:dirt":2,"minecraft:dripstone_block":18,"terramity:deepslate_iridescent_ore":1,"minecraft:lodestone":1,"minecraft:cobweb":5,"minecraft:deepslate":169,"paraglider:goddess_statue":1},"minecraft:picked_up":{"minecraft:allium":1,"minecraft:flower_pot":1,"minecraft:gold_block":1,"minecraft:cornflower":1,"paraglider:goddess_statue":1,"minecraft:string":5,"artifacts:power_glove":1,"minecraft:item_frame":2,"terramity:accursed_soul":20,"iceandfire:bestiary":1,"minecraft:cobbled_deepslate":172,"minecraft:beef":3,"minecraft:lectern":3,"minecraft:chest":4,"irons_spellbooks:inscription_table":1,"regions_unexplored:redwood_log":393,"minecraft:stick":26,"apotheosis:gem":1,"minecraft:oak_door":1,"minecraft:oak_fence":2,"minecraft:torch":1,"minecraft:stone_button":1,"minecraft:pointed_dripstone":1,"tombstone:grave_dust":3,"minecraft:arrow":9,"minecraft:rotten_flesh":6,"minecraft:hay_block":55,"minecraft:iron_block":2,"artifacts:cross_necklace":1,"minecraft:brick_stairs":2,"minecraft:cobblestone":23,"born_in_chaos_v1:fused_bone":2,"terramity:ruby_ring":1,"born_in_chaos_v1:corpse_maggot":6,"minecraft:leather":5,"supplementaries:soap":1,"paraglider:spirit_orb":10,"minecraft:oak_log":5,"minecraft:lapis_lazuli":12,"minecraft:dirt":3,"minecraft:lantern":8,"tombstone:gift":1,"minecraft:bone":9,"minecraft:bow":1,"minecraft:wheat_seeds":1,"regions_unexplored:redwood_sapling":29,"minecraft:cobweb":4,"terramity:music_sheet_of_untimely_death":2,"minecraft:iron_sword":2,"minecraft:book":156,"minecraft:stone_brick_slab":1,"minecraft:dripstone_block":29,"minecraft:stripped_spruce_log":3,"terramity:music_sheet_of_cleansing":1,"terramity:iridescent_shard":2,"minecraft:leather_helmet":1,"minecraft:barrel":1,"minecraft:mossy_cobblestone":3,"minecraft:stone_axe":1,"minecraft:emerald":1,"minecraft:chainmail_helmet":1,"minecraft:lodestone":1,"tombstone:magic_scroll":1},"minecraft:used":{"minecraft:iron_sword":259,"minecraft:oak_door":1,"minecraft:torch":1,"minecraft:dirt":1,"minecraft:obsidian":2,"born_in_chaos_v1:corpse_maggot":1,"minecraft:lantern":6,"minecraft:iron_axe":83,"tombstone:gift":1,"minecraft:cobbled_deepslate":90,"minecraft:oak_planks":5,"minecraft:stone_pickaxe":1,"minecraft:wooden_pickaxe":9,"minecraft:crafting_table":4,"minecraft:dripstone_block":11,"minecraft:flower_pot":1,"regions_unexplored:redwood_log":3,"minecraft:firework_rocket":188,"minecraft:bread":18,"minecraft:iron_pickaxe":251,"tombstone:magic_scroll":1,"tombstone:grave_key":40,"minecraft:stone_axe":25,"minecraft:cobblestone":11,"minecraft:cobweb":4,"supplementaries:soap":1},"minecraft:broken":{"minecraft:iron_boots":2,"minecraft:iron_chestplate":1,"minecraft:chainmail_helmet":1,"minecraft:iron_axe":1,"minecraft:iron_sword":1,"minecraft:iron_pickaxe":1,"minecraft:iron_helmet":1},"minecraft:crafted":{"minecraft:oak_planks":20,"minecraft:iron_boots":1,"minecraft:iron_axe":1,"minecraft:stone_pickaxe":1,"sophisticatedbackpacks:iron_backpack":1,"minecraft:wheat":135,"sophisticatedbackpacks:backpack":1,"minecraft:crafting_table":4,"minecraft:spruce_planks":12,"minecraft:wooden_pickaxe":1,"sophisticatedbackpacks:gold_backpack":1,"minecraft:stone_axe":1,"minecraft:bread":45,"regions_unexplored:redwood_planks":4,"minecraft:diamond_pickaxe":1,"sophisticatedbackpacks:diamond_backpack":1,"minecraft:stick":16,"minecraft:iron_ingot":18,"minecraft:iron_pickaxe":1,"minecraft:iron_leggings":1}},"DataVersion":3465}