{"stats":{"minecraft:killed":{"born_in_chaos_v1:mr_pumpkin":2,"aquamirae:maw":4,"born_in_chaos_v1:restless_spirit":1,"minecraft:spider":1,"minecraft:skeleton":2,"minecraft:pillager":2,"minecraft:zombie":1,"minecraft:stray":1,"ars_nouveau:whirlisprig":1,"endofherobrine:cow":1,"endofherobrine:pigman":1,"born_in_chaos_v1:firelight_not_despawn":1,"minecraft:cow":2},"minecraft:custom":{"lootr:looted_stat":64,"minecraft:mob_kills":20,"tombstone:raider_killed":2,"minecraft:interact_with_crafting_table":6,"minecraft:open_barrel":2,"minecraft:damage_dealt_resisted":1257,"minecraft:leave_game":4,"minecraft:time_since_death":18,"minecraft:sleep_in_bed":2,"minecraft:damage_resisted":0,"minecraft:climb_one_cm":4684,"minecraft:waystone_activated":1,"minecraft:time_since_rest":1,"minecraft:sprint_one_cm":288968,"minecraft:damage_taken":5718,"minecraft:walk_one_cm":166588,"minecraft:damage_blocked_by_shield":1112,"minecraft:drop":44,"minecraft:damage_dealt":8611,"minecraft:player_kills":1,"minecraft:swim_one_cm":22417,"minecraft:talked_to_villager":1,"minecraft:fly_one_cm":296646,"minecraft:open_chest":7,"minecraft:crouch_one_cm":753,"minecraft:play_time":64552,"tombstone:undead_killed":4,"minecraft:deaths":13,"minecraft:sneak_time":367,"minecraft:walk_under_water_one_cm":5919,"minecraft:jump":1437,"minecraft:walk_on_water_one_cm":13404,"minecraft:total_world_time":64552,"minecraft:fall_one_cm":28589},"minecraft:dropped":{"minecraft:sugar_cane":2,"minecraft:wheat_seeds":1,"regions_unexplored:larch_shrub":2,"alexsmobs:animal_dictionary":2,"minecraft:wheat":3,"tombstone:gift":1,"minecraft:cobblestone":1,"quark:white_shard":10,"regions_unexplored:larch_sapling":3,"terramity:music_sheet_of_untimely_death":5,"evilcraft:flesh_humanoid":1,"patchouli:guide_book":7,"ars_nouveau:worn_notebook":2,"minecraft:shield":2,"minecraft:spruce_planks":46,"tombstone:grave_dust":1,"minecraft:leather_leggings":1,"minecraft:arrow":1,"minecraft:beef":3,"minecraft:wooden_pickaxe":2,"minecraft:scaffolding":1,"irons_spellbooks:frozen_bone":2,"minecraft:string":1},"minecraft:killed_by":{"minecraft:vindicator":1,"man:managgresive":1,"endofherobrine:cow":2,"minecraft:player":2,"born_in_chaos_v1:baby_skeleton_minion":1,"born_in_chaos_v1:pumpkin_bruiser":1,"minecraft:stray":1,"minecraft:pillager":1,"endofherobrine:pigman":3},"minecraft:broken":{"minecraft:chainmail_leggings":1,"minecraft:iron_chestplate":1,"minecraft:iron_helmet":1},"minecraft:picked_up":{"minecraft:wheat":3,"minecraft:leather":2,"minecraft:wooden_pickaxe":1,"minecraft:potato":1,"paraglider:spirit_orb":6,"minecraft:shield":1,"minecraft:string":3,"minecraft:dirt":3,"tombstone:gift":1,"aquamirae:fin":3,"terramity:accursed_soul":7,"minecraft:wheat_seeds":2,"minecraft:spruce_planks":2,"minecraft:beef":6,"regions_unexplored:larch_log":58,"regions_unexplored:larch_sapling":3,"regions_unexplored:larch_shrub":2,"minecraft:spruce_slab":1,"minecraft:lectern":1,"minecraft:coal_block":1,"minecraft:sugar_cane":2,"terramity:music_sheet_of_untimely_death":2,"irons_spellbooks:inscription_table":1,"born_in_chaos_v1:mint_candy":1,"minecraft:book":6,"minecraft:scaffolding":1,"minecraft:stick":4,"apotheosis:gem":1,"iceandfire:dragonbone":5,"quark:white_shard":10,"minecraft:chiseled_stone_bricks":1,"patchouli:guide_book":3,"born_in_chaos_v1:ethereal_spirit":2,"paraglider:kakariko_goddess_statue":1,"born_in_chaos_v1:coffee_candy":1,"alexsmobs:animal_dictionary":1,"minecraft:arrow":1,"waystones:waystone":2,"ars_nouveau:worn_notebook":1,"scguns:gun_bench":1,"minecraft:white_concrete":2,"minecraft:emerald":1,"minecraft:cobblestone":16},"minecraft:used":{"minecraft:spruce_slab":1,"minecraft:stone_pickaxe":9,"minecraft:wooden_pickaxe":10,"minecraft:spruce_planks":3,"minecraft:shield":46,"minecraft:iron_sword":173,"minecraft:crafting_table":1,"waystones:waystone":1,"born_in_chaos_v1:coffee_candy":1,"minecraft:iron_axe":8,"minecraft:bread":32,"born_in_chaos_v1:mint_candy":1,"minecraft:iron_pickaxe":31,"tombstone:grave_key":16,"regions_unexplored:larch_log":15,"minecraft:cobblestone":9,"regions_unexplored:larch_planks":15,"tombstone:gift":2,"minecraft:white_concrete":2},"minecraft:crafted":{"minecraft:coal":9,"minecraft:crafting_table":1,"minecraft:spruce_planks":48,"minecraft:wooden_pickaxe":1,"regions_unexplored:larch_planks":168,"minecraft:stone_pickaxe":1},"minecraft:mined":{"minecraft:spruce_planks":1,"minecraft:grass_block":2,"minecraft:lectern":1,"minecraft:white_stained_glass":3,"minecraft:white_concrete":2,"minecraft:coal_block":1,"minecraft:tall_grass":1,"minecraft:cobblestone":4,"scguns:gun_bench":1,"minecraft:chiseled_stone_bricks":1,"minecraft:spawner":3,"minecraft:smooth_stone":1,"paraglider:kakariko_goddess_statue":1,"create:ornate_iron_window_pane":2,"regions_unexplored:larch_leaves":7,"minecraft:grass":1,"minecraft:bookshelf":2,"minecraft:dirt":1,"minecraft:packed_ice":2,"irons_spellbooks:inscription_table":1,"regions_unexplored:larch_log":59,"minecraft:stone":12,"minecraft:fern":1,"regions_unexplored:larch_shrub":1}},"DataVersion":3465}