{"stats":{"minecraft:killed":{"minecraft:cow":2},"minecraft:picked_up":{"minecraft:oak_fence":1,"minecraft:wheat_seeds":1,"minecraft:beef":5,"minecraft:hay_block":26,"minecraft:lantern":1},"minecraft:used":{"minecraft:oak_fence":1,"minecraft:iron_shovel":1,"minecraft:lantern":1},"minecraft:custom":{"minecraft:time_since_rest":3822,"minecraft:crouch_one_cm":909,"minecraft:walk_one_cm":12846,"minecraft:play_time":7893,"lootr:looted_stat":4,"minecraft:sprint_one_cm":18936,"minecraft:damage_taken":340,"minecraft:deaths":1,"minecraft:sneak_time":421,"minecraft:mob_kills":2,"minecraft:interact_with_anvil":1,"minecraft:drop":8,"minecraft:jump":101,"minecraft:damage_dealt":200,"minecraft:time_since_death":4049,"minecraft:walk_on_water_one_cm":687,"minecraft:climb_one_cm":196,"minecraft:total_world_time":7893,"minecraft:interact_with_crafting_table":1,"minecraft:talked_to_villager":5,"minecraft:fall_one_cm":1893,"minecraft:fly_one_cm":11070},"minecraft:killed_by":{"apollyon:the_damned":1},"minecraft:dropped":{"ars_nouveau:worn_notebook":1,"minecraft:wheat_seeds":1,"alexsmobs:animal_dictionary":1,"terramity:music_sheet_of_untimely_death":1,"patchouli:guide_book":4},"minecraft:mined":{"minecraft:grass":1,"minecraft:hay_block":28,"minecraft:tall_grass":5,"minecraft:oak_fence":1}},"DataVersion":3465}