{"stats":{"minecraft:custom":{"lootr:looted_stat":6,"minecraft:mob_kills":3,"minecraft:interact_with_crafting_table":4,"minecraft:leave_game":1,"minecraft:time_since_death":3906,"minecraft:climb_one_cm":1873,"minecraft:damage_resisted":0,"minecraft:time_since_rest":3670,"minecraft:sprint_one_cm":55557,"minecraft:walk_one_cm":40094,"minecraft:damage_taken":804,"minecraft:drop":19,"minecraft:damage_dealt":761,"minecraft:talked_to_villager":1,"minecraft:fly_one_cm":53795,"minecraft:player_kills":1,"minecraft:crouch_one_cm":4855,"minecraft:play_time":25281,"minecraft:deaths":2,"minecraft:sneak_time":2312,"minecraft:jump":303,"minecraft:walk_on_water_one_cm":219,"minecraft:total_world_time":25281,"minecraft:fall_one_cm":6053,"minecraft:inspect_dispenser":6},"minecraft:killed_by":{"minecraft:player":1,"undead_revamp2:therod":1},"minecraft:dropped":{"minecraft:stone_axe":1,"alexsmobs:animal_dictionary":1,"minecraft:mossy_cobblestone":1,"terramity:music_sheet_of_cleansing":1,"minecraft:oak_fence":1,"minecraft:rotten_flesh":2,"minecraft:lantern":2,"terramity:music_sheet_of_untimely_death":1,"patchouli:guide_book":4,"minecraft:item_frame":1,"ars_nouveau:worn_notebook":1,"minecraft:brick_stairs":1,"minecraft:stone_button":1,"minecraft:cornflower":1,"theoneprobe:probenote":1,"minecraft:stone_pickaxe":1},"minecraft:killed":{"minecraft:cow":3},"minecraft:mined":{"minecraft:oak_fence":1,"minecraft:lectern":2,"minecraft:tall_grass":2,"minecraft:cobblestone":8,"minecraft:hay_block":55,"minecraft:lilac":1,"minecraft:grass":1,"minecraft:bookshelf":22,"minecraft:oak_log":5,"minecraft:cobweb":5,"minecraft:potted_cornflower":1,"irons_spellbooks:inscription_table":1,"minecraft:iron_block":1,"paraglider:goddess_statue":1},"minecraft:picked_up":{"minecraft:flower_pot":1,"minecraft:leather":4,"minecraft:oak_log":5,"minecraft:cornflower":1,"minecraft:string":5,"paraglider:goddess_statue":1,"minecraft:dirt":1,"minecraft:lantern":2,"minecraft:item_frame":1,"minecraft:beef":3,"minecraft:lectern":2,"irons_spellbooks:inscription_table":1,"minecraft:iron_sword":1,"minecraft:book":66,"minecraft:oak_door":1,"minecraft:oak_fence":1,"minecraft:torch":1,"terramity:music_sheet_of_cleansing":1,"minecraft:stone_button":1,"minecraft:mossy_cobblestone":1,"minecraft:rotten_flesh":2,"minecraft:stone_axe":1,"minecraft:hay_block":54,"minecraft:iron_block":1,"minecraft:brick_stairs":1,"minecraft:cobblestone":8},"minecraft:used":{"minecraft:stone_pickaxe":1,"minecraft:wooden_pickaxe":9,"minecraft:iron_sword":13,"minecraft:oak_door":1,"minecraft:crafting_table":1,"minecraft:flower_pot":1,"minecraft:firework_rocket":124,"minecraft:bread":3,"tombstone:grave_key":1,"minecraft:stone_axe":24},"minecraft:crafted":{"minecraft:oak_planks":20,"minecraft:crafting_table":1,"minecraft:wooden_pickaxe":1,"minecraft:stone_axe":1,"minecraft:stick":8,"minecraft:stone_pickaxe":1,"minecraft:iron_ingot":9,"minecraft:iron_pickaxe":1}},"DataVersion":3465}