{"stats":{"minecraft:dropped":{"minecraft:purple_terracotta":2,"minecraft:wheat_seeds":8,"minecraft:mossy_cobblestone":1,"endrem:witch_pupil":1,"minecraft:feather":1,"minecraft:cobblestone":15,"minecraft:iron_helmet":2,"minecraft:lantern":2,"minecraft:granite":5,"create:copycat_step":1,"minecraft:saddle":2,"minecraft:spruce_stairs":2,"minecraft:stick":17,"minecraft:polished_andesite":12,"minecraft:dirt":3,"ars_nouveau:worn_notebook":1,"relics:roller_skates":1,"minecraft:stone_button":2,"minecraft:oak_stairs":1,"terramity:flare_gun":2,"minecraft:chainmail_leggings":1,"minecraft:iron_shovel":1,"minecraft:white_wool":7,"minecraft:redstone":2,"minecraft:bone":11,"minecraft:red_glazed_terracotta":2,"minecraft:bricks":1,"alexsmobs:animal_dictionary":1,"minecraft:andesite_slab":4,"minecraft:birch_sapling":2,"undead_revamp2:arapholia":1,"minecraft:rotten_flesh":2,"minecraft:oak_planks":3,"minecraft:iron_boots":1,"terramity:music_sheet_of_untimely_death":11,"minecraft:spruce_fence":1,"evilcraft:flesh_humanoid":10,"minecraft:red_terracotta":1,"patchouli:guide_book":4,"minecraft:chainmail_chestplate":3,"minecraft:hay_block":1,"minecraft:gunpowder":1,"terramity:stone_tiles":1,"born_in_chaos_v1:corpse_maggot":1,"minecraft:oak_sapling":67,"minecraft:chainmail_boots":1,"minecraft:spider_eye":1,"minecraft:stripped_crimson_hyphae":1,"minecraft:arrow":10,"minecraft:stone_pickaxe":1,"minecraft:wooden_pickaxe":1,"minecraft:dark_prismarine":5,"minecraft:terracotta":9},"minecraft:killed":{"minecraft:witch":3,"minecraft:spider":1,"minecraft:phantom":4,"minecraft:horse":4,"minecraft:skeleton":11,"born_in_chaos_v1:baby_skeleton":1,"undead_revamp2:the_moonflower":1,"undead_revamp2:thebeartamer":1,"born_in_chaos_v1:decrepit_skeleton":2,"terramity:green_fairy":1,"born_in_chaos_v1:corpse_fly":1,"endofherobrine:cow":2,"minecraft:cow":2},"minecraft:broken":{"minecraft:iron_chestplate":1,"minecraft:iron_leggings":1,"minecraft:iron_sword":1},"minecraft:picked_up":{"regions_unexplored:small_oak_log":3,"terramity:fairy_dust":1,"minecraft:oak_stairs":1,"born_in_chaos_v1:holiday_candy":1,"paraglider:goddess_statue":2,"minecraft:string":5,"terramity:accursed_soul":26,"minecraft:spruce_planks":1,"minecraft:beef":8,"minecraft:coal_block":16,"minecraft:birch_sapling":2,"minecraft:phantom_membrane":2,"minecraft:stripped_crimson_hyphae":1,"minecraft:stick":47,"apotheosis:gem":1,"minecraft:oak_fence":1,"minecraft:torch":1,"minecraft:spruce_fence":1,"minecraft:spruce_stairs":2,"minecraft:stone_button":2,"tombstone:grave_dust":3,"minecraft:trident":1,"minecraft:redstone":8,"minecraft:purple_terracotta":2,"minecraft:dark_oak_planks":1,"minecraft:arrow":16,"minecraft:rotten_flesh":6,"minecraft:hay_block":56,"minecraft:saddle":3,"supplementaries:ash":11,"minecraft:white_wool":7,"minecraft:cobblestone":18,"create:copycat_step":1,"born_in_chaos_v1:corpse_maggot":1,"minecraft:feather":1,"minecraft:dark_oak_button":1,"minecraft:leather":9,"minecraft:red_glazed_terracotta":2,"minecraft:acacia_wood":1,"paraglider:spirit_orb":14,"evilcraft:flesh_humanoid":2,"minecraft:oak_log":114,"minecraft:chainmail_chestplate":2,"undead_revamp2:huntereye":1,"minecraft:dirt":4,"minecraft:lantern":3,"tombstone:gift":1,"minecraft:bone":14,"minecraft:apple":3,"minecraft:wheat_seeds":8,"quark:pickarang":2,"collectorsalbum:common_card_pack":1,"terramity:music_sheet_of_untimely_death":3,"minecraft:book":48,"endrem:witch_pupil":1,"terramity:flare_gun":1,"minecraft:red_terracotta":1,"minecraft:spider_eye":1,"minecraft:mossy_cobblestone":1,"minecraft:dark_prismarine":5,"minecraft:polished_andesite":15,"minecraft:granite":2,"minecraft:terracotta":10,"minecraft:oak_sapling":67,"terramity:stone_tiles":1,"minecraft:bricks":3,"minecraft:andesite_slab":7},"minecraft:killed_by":{"endofherobrine:cow":6,"minecraft:player":3,"undead_revamp2:the_moonflower":1,"minecraft:creeper":2,"alexsmobs:bison":1,"apollyon:the_damned":1,"minecraft:skeleton":17,"minecraft:witch":4,"minecraft:zombie":2,"undead_revamp2:thebeartamer":1},"minecraft:crafted":{"minecraft:oak_planks":468,"minecraft:coal":9,"tombstone:grave_key":3,"minecraft:stone_pickaxe":1,"sophisticatedbackpacks:iron_backpack":1,"sophisticatedbackpacks:backpack":1,"minecraft:crafting_table":3,"minecraft:wooden_pickaxe":1,"sophisticatedbackpacks:gold_backpack":1,"minecraft:stick":4,"quark:oak_chest":1,"minecraft:torch":36},"minecraft:custom":{"lootr:looted_stat":55,"minecraft:interact_with_anvil":1,"minecraft:mob_kills":37,"minecraft:interact_with_crafting_table":7,"minecraft:open_barrel":2,"minecraft:damage_dealt_resisted":64,"minecraft:leave_game":5,"minecraft:time_since_death":10441,"minecraft:climb_one_cm":10837,"minecraft:damage_resisted":0,"minecraft:sprint_one_cm":278653,"minecraft:walk_one_cm":203428,"minecraft:drop":96,"minecraft:talked_to_villager":5,"minecraft:play_time":115023,"minecraft:deaths":40,"minecraft:sneak_time":5826,"minecraft:walk_under_water_one_cm":407,"minecraft:jump":1898,"minecraft:walk_on_water_one_cm":1024,"minecraft:total_world_time":115023,"tombstone:raider_killed":7,"minecraft:sleep_in_bed":1,"minecraft:time_since_rest":8995,"minecraft:damage_taken":15747,"minecraft:damage_absorbed":487,"minecraft:damage_dealt":15069,"minecraft:player_kills":1,"minecraft:fly_one_cm":301806,"minecraft:open_chest":1,"minecraft:crouch_one_cm":12105,"tombstone:undead_killed":20,"minecraft:fall_one_cm":79345},"minecraft:used":{"minecraft:oak_fence":1,"minecraft:iron_shovel":18,"minecraft:iron_sword":245,"minecraft:torch":40,"paraglider:goddess_statue":1,"minecraft:lantern":1,"minecraft:iron_axe":128,"minecraft:hay_block":5,"tombstone:gift":5,"minecraft:stone_pickaxe":21,"minecraft:oak_planks":390,"minecraft:ender_pearl":13,"minecraft:wooden_pickaxe":12,"minecraft:crafting_table":3,"born_in_chaos_v1:holiday_candy":1,"minecraft:bread":32,"quark:pickarang":129,"minecraft:iron_pickaxe":26,"tombstone:grave_key":26},"minecraft:mined":{"minecraft:dark_prismarine":5,"minecraft:spruce_planks":2,"minecraft:mossy_cobblestone":1,"minecraft:granite":1,"minecraft:cobbled_deepslate_slab":1,"minecraft:stripped_crimson_hyphae":1,"minecraft:purple_terracotta":2,"minecraft:spruce_fence":1,"minecraft:grass_block":5,"minecraft:coal_block":16,"terramity:stone_tiles":1,"minecraft:spawner":8,"minecraft:hay_block":55,"regions_unexplored:small_oak_leaves":1,"minecraft:black_stained_glass_pane":2,"minecraft:barrel":1,"minecraft:bookshelf":26,"minecraft:oak_stairs":1,"create:copycat_step":1,"minecraft:stone":14,"minecraft:oak_fence":1,"regions_unexplored:silt_dirt":1,"minecraft:andesite_slab":2,"minecraft:tall_grass":10,"minecraft:cobblestone":1,"minecraft:red_glazed_terracotta":2,"minecraft:bricks":1,"minecraft:spruce_stairs":1,"minecraft:red_terracotta":1,"minecraft:birch_leaves":4,"minecraft:grass":3,"minecraft:oak_log":126,"regions_unexplored:bamboo_leaves":3,"minecraft:terracotta":2,"minecraft:polished_andesite":6,"minecraft:oak_leaves":1,"minecraft:fern":1,"paraglider:goddess_statue":2}},"DataVersion":3465}