{"stats":{"minecraft:killed":{"minecraft:witch":3,"undead_revamp2:thebeartamer":1,"minecraft:phantom":4,"minecraft:horse":4,"minecraft:skeleton":3,"endofherobrine:cow":1,"minecraft:cow":2},"minecraft:used":{"minecraft:oak_fence":1,"minecraft:iron_shovel":18,"minecraft:stone_pickaxe":21,"minecraft:oak_planks":311,"minecraft:ender_pearl":4,"minecraft:wooden_pickaxe":12,"minecraft:iron_sword":173,"minecraft:crafting_table":2,"minecraft:lantern":1,"minecraft:iron_axe":25,"minecraft:bread":12,"minecraft:iron_pickaxe":8,"tombstone:grave_key":15,"minecraft:hay_block":5,"tombstone:gift":3},"minecraft:picked_up":{"create:copycat_step":1,"born_in_chaos_v1:corpse_maggot":1,"minecraft:leather":4,"paraglider:spirit_orb":6,"evilcraft:flesh_humanoid":2,"minecraft:oak_log":114,"minecraft:chainmail_chestplate":2,"undead_revamp2:huntereye":1,"minecraft:dirt":1,"paraglider:goddess_statue":1,"minecraft:string":4,"minecraft:lantern":3,"tombstone:gift":1,"minecraft:bone":3,"minecraft:apple":3,"terramity:accursed_soul":12,"minecraft:wheat_seeds":1,"minecraft:beef":5,"collectorsalbum:common_card_pack":1,"minecraft:coal_block":16,"minecraft:phantom_membrane":2,"endrem:witch_pupil":1,"minecraft:stick":47,"minecraft:oak_fence":1,"minecraft:stone_button":2,"minecraft:redstone":6,"tombstone:grave_dust":2,"terramity:flare_gun":1,"minecraft:trident":1,"minecraft:red_terracotta":1,"minecraft:spider_eye":1,"minecraft:mossy_cobblestone":1,"minecraft:polished_andesite":2,"minecraft:arrow":6,"minecraft:rotten_flesh":2,"minecraft:hay_block":56,"minecraft:saddle":3,"minecraft:terracotta":8,"minecraft:oak_sapling":67,"minecraft:andesite_slab":2,"minecraft:cobblestone":17,"regions_unexplored:small_oak_log":3},"minecraft:custom":{"lootr:looted_stat":30,"minecraft:mob_kills":21,"minecraft:interact_with_anvil":1,"tombstone:raider_killed":7,"minecraft:interact_with_crafting_table":4,"minecraft:damage_dealt_resisted":0,"minecraft:time_since_death":6041,"minecraft:climb_one_cm":1801,"minecraft:damage_resisted":0,"minecraft:time_since_rest":5830,"minecraft:sprint_one_cm":149623,"minecraft:damage_taken":10869,"minecraft:walk_one_cm":104512,"minecraft:drop":53,"minecraft:damage_dealt":8429,"minecraft:talked_to_villager":5,"minecraft:fly_one_cm":172685,"minecraft:open_chest":1,"minecraft:crouch_one_cm":5113,"minecraft:play_time":55893,"tombstone:undead_killed":8,"minecraft:deaths":29,"minecraft:sneak_time":2780,"minecraft:walk_under_water_one_cm":407,"minecraft:jump":1114,"minecraft:walk_on_water_one_cm":1024,"minecraft:total_world_time":55893,"minecraft:fall_one_cm":47043},"minecraft:killed_by":{"endofherobrine:cow":2,"apollyon:the_damned":1,"minecraft:skeleton":16,"minecraft:creeper":1,"minecraft:witch":4,"minecraft:zombie":2,"alexsmobs:bison":1,"undead_revamp2:thebeartamer":1},"minecraft:crafted":{"minecraft:oak_planks":468,"sophisticatedbackpacks:backpack":1,"minecraft:crafting_table":2,"minecraft:wooden_pickaxe":1,"tombstone:grave_key":2,"minecraft:stick":4,"quark:oak_chest":1,"minecraft:stone_pickaxe":1},"minecraft:dropped":{"minecraft:wheat_seeds":1,"endrem:witch_pupil":1,"alexsmobs:animal_dictionary":1,"minecraft:mossy_cobblestone":1,"minecraft:iron_helmet":1,"minecraft:cobblestone":14,"minecraft:rotten_flesh":2,"minecraft:oak_planks":3,"minecraft:lantern":2,"minecraft:granite":4,"create:copycat_step":1,"minecraft:saddle":2,"terramity:music_sheet_of_untimely_death":6,"evilcraft:flesh_humanoid":8,"patchouli:guide_book":4,"minecraft:chainmail_chestplate":3,"minecraft:stick":17,"minecraft:dirt":1,"ars_nouveau:worn_notebook":1,"minecraft:hay_block":1,"minecraft:gunpowder":1,"minecraft:stone_button":2,"born_in_chaos_v1:corpse_maggot":1,"minecraft:oak_sapling":21,"minecraft:spider_eye":1,"minecraft:arrow":6,"minecraft:stone_pickaxe":1,"minecraft:wooden_pickaxe":1,"terramity:flare_gun":2,"minecraft:iron_shovel":1,"minecraft:terracotta":8,"minecraft:bone":3},"minecraft:mined":{"minecraft:mossy_cobblestone":1,"minecraft:oak_fence":1,"minecraft:grass_block":1,"regions_unexplored:silt_dirt":1,"minecraft:andesite_slab":1,"minecraft:coal_block":16,"minecraft:tall_grass":10,"minecraft:cobblestone":1,"minecraft:spawner":4,"minecraft:red_terracotta":1,"minecraft:hay_block":55,"minecraft:black_stained_glass_pane":1,"minecraft:birch_leaves":3,"minecraft:grass":3,"minecraft:oak_log":126,"create:copycat_step":1,"minecraft:polished_andesite":2,"minecraft:stone":13,"minecraft:fern":1,"paraglider:goddess_statue":1}},"DataVersion":3465}