{"stats":{"minecraft:custom":{"lootr:looted_stat":25,"minecraft:mob_kills":11,"tombstone:raider_killed":6,"minecraft:interact_with_crafting_table":9,"minecraft:damage_dealt_resisted":0,"minecraft:leave_game":1,"minecraft:time_since_death":761,"minecraft:climb_one_cm":8705,"minecraft:damage_resisted":0,"minecraft:time_since_rest":103,"minecraft:sprint_one_cm":171059,"minecraft:walk_one_cm":102261,"minecraft:damage_taken":5903,"minecraft:drop":35,"minecraft:damage_dealt":6814,"minecraft:swim_one_cm":10314,"minecraft:talked_to_villager":1,"minecraft:fly_one_cm":264011,"minecraft:player_kills":3,"minecraft:crouch_one_cm":7416,"minecraft:play_time":61281,"tombstone:undead_killed":1,"minecraft:deaths":18,"minecraft:sneak_time":2985,"minecraft:walk_under_water_one_cm":2560,"minecraft:jump":1190,"minecraft:walk_on_water_one_cm":3341,"minecraft:total_world_time":61281,"minecraft:fall_one_cm":36028,"minecraft:inspect_dispenser":6},"minecraft:dropped":{"minecraft:stone_axe":1,"minecraft:wheat_seeds":1,"alexsmobs:animal_dictionary":1,"minecraft:mossy_cobblestone":3,"terramity:music_sheet_of_cleansing":1,"minecraft:oak_fence":2,"minecraft:rotten_flesh":2,"minecraft:lantern":2,"terramity:music_sheet_of_untimely_death":2,"evilcraft:flesh_humanoid":6,"patchouli:guide_book":4,"minecraft:item_frame":2,"minecraft:stick":1,"minecraft:dirt":1,"ars_nouveau:worn_notebook":1,"minecraft:hay_block":20,"minecraft:brick_stairs":2,"minecraft:stone_button":1,"minecraft:torch":1,"minecraft:cornflower":1,"theoneprobe:probenote":1,"minecraft:iron_leggings":1,"minecraft:stone_pickaxe":1,"minecraft:wooden_pickaxe":2},"minecraft:killed_by":{"minecraft:vindicator":2,"man:managgresive":1,"minecraft:player":1,"undead_revamp2:therod":1,"irons_spellbooks:necromancer":1,"minecraft:pillager":3,"irons_spellbooks:archevoker":9},"minecraft:killed":{"alexsmobs:anaconda":1,"minecraft:vindicator":1,"irons_spellbooks:necromancer":1,"minecraft:pillager":5,"minecraft:cow":3},"minecraft:mined":{"lootr:lootr_barrel":1,"lootr:lootr_chest":1,"minecraft:mossy_cobblestone":1,"minecraft:oak_fence":1,"minecraft:grass_block":1,"minecraft:decorated_pot":1,"minecraft:lectern":3,"minecraft:tall_grass":2,"minecraft:cobblestone":8,"regions_unexplored:purple_coneflower":1,"minecraft:hay_block":55,"minecraft:lilac":1,"minecraft:suspicious_sand":1,"minecraft:gold_block":1,"minecraft:grass":2,"minecraft:bookshelf":50,"minecraft:oak_log":5,"crittersandcompanions:silk_cocoon":1,"minecraft:cobweb":5,"minecraft:potted_cornflower":1,"irons_spellbooks:inscription_table":1,"minecraft:iron_block":2,"paraglider:goddess_statue":1},"minecraft:picked_up":{"minecraft:allium":1,"minecraft:flower_pot":1,"minecraft:leather":4,"minecraft:gold_block":1,"minecraft:oak_log":5,"minecraft:cornflower":1,"minecraft:string":5,"paraglider:goddess_statue":1,"minecraft:dirt":2,"minecraft:lantern":8,"minecraft:item_frame":2,"minecraft:wheat_seeds":1,"minecraft:beef":3,"minecraft:lectern":3,"minecraft:chest":1,"irons_spellbooks:inscription_table":1,"minecraft:iron_sword":1,"minecraft:book":150,"minecraft:oak_door":1,"minecraft:oak_fence":2,"minecraft:torch":1,"terramity:music_sheet_of_cleansing":1,"minecraft:stone_button":1,"minecraft:barrel":1,"minecraft:mossy_cobblestone":3,"minecraft:rotten_flesh":2,"minecraft:stone_axe":1,"minecraft:hay_block":55,"minecraft:iron_block":2,"minecraft:chainmail_helmet":1,"minecraft:emerald":1,"minecraft:brick_stairs":2,"minecraft:cobblestone":8},"minecraft:used":{"minecraft:stone_pickaxe":1,"minecraft:oak_planks":5,"minecraft:wooden_pickaxe":9,"minecraft:iron_sword":156,"minecraft:oak_door":1,"minecraft:crafting_table":2,"minecraft:obsidian":2,"minecraft:flower_pot":1,"minecraft:firework_rocket":124,"minecraft:lantern":6,"minecraft:iron_axe":43,"minecraft:bread":14,"minecraft:iron_pickaxe":3,"tombstone:grave_key":25,"minecraft:stone_axe":25,"tombstone:gift":1},"minecraft:broken":{"minecraft:iron_boots":1,"minecraft:iron_chestplate":1,"minecraft:chainmail_helmet":1},"minecraft:crafted":{"minecraft:oak_planks":20,"sophisticatedbackpacks:backpack":1,"minecraft:crafting_table":2,"minecraft:wooden_pickaxe":1,"minecraft:stone_axe":1,"minecraft:bread":45,"minecraft:iron_boots":1,"minecraft:stick":8,"minecraft:stone_pickaxe":1,"minecraft:iron_ingot":18,"minecraft:iron_pickaxe":1,"minecraft:iron_leggings":1,"minecraft:wheat":135}},"DataVersion":3465}