{"stats":{"minecraft:killed":{"minecraft:cow":2},"minecraft:picked_up":{"minecraft:oak_fence":1,"minecraft:oak_log":6,"minecraft:stone_button":2,"paraglider:goddess_statue":1,"minecraft:mossy_cobblestone":1,"minecraft:lantern":3,"minecraft:wheat_seeds":1,"minecraft:hay_block":50,"minecraft:beef":5,"minecraft:coal_block":16,"minecraft:cobblestone":13},"minecraft:used":{"minecraft:oak_fence":1,"minecraft:iron_shovel":7,"minecraft:lantern":1,"minecraft:bread":2,"minecraft:stone_pickaxe":21,"minecraft:wooden_pickaxe":12,"minecraft:hay_block":4,"minecraft:crafting_table":1},"minecraft:custom":{"minecraft:time_since_rest":461,"lootr:looted_stat":7,"minecraft:sprint_one_cm":66024,"minecraft:damage_taken":770,"minecraft:walk_one_cm":36099,"minecraft:interact_with_anvil":1,"minecraft:mob_kills":2,"minecraft:drop":18,"minecraft:damage_dealt":462,"minecraft:talked_to_villager":5,"minecraft:interact_with_crafting_table":3,"minecraft:fly_one_cm":49454,"minecraft:crouch_one_cm":3690,"minecraft:play_time":19893,"minecraft:deaths":2,"minecraft:sneak_time":2282,"minecraft:walk_under_water_one_cm":407,"minecraft:damage_dealt_resisted":0,"minecraft:jump":355,"minecraft:walk_on_water_one_cm":1024,"minecraft:time_since_death":683,"minecraft:total_world_time":19893,"minecraft:climb_one_cm":1303,"minecraft:fall_one_cm":7237},"minecraft:killed_by":{"endofherobrine:cow":1,"apollyon:the_damned":1},"minecraft:crafted":{"minecraft:oak_planks":24,"minecraft:crafting_table":1,"minecraft:stick":4,"minecraft:wooden_pickaxe":1,"minecraft:stone_pickaxe":1},"minecraft:dropped":{"ars_nouveau:worn_notebook":1,"minecraft:hay_block":1,"minecraft:wheat_seeds":1,"minecraft:stone_button":2,"alexsmobs:animal_dictionary":1,"minecraft:mossy_cobblestone":1,"minecraft:cobblestone":10,"minecraft:lantern":2,"minecraft:wooden_pickaxe":1,"minecraft:iron_shovel":1,"terramity:music_sheet_of_untimely_death":1,"patchouli:guide_book":4},"minecraft:mined":{"minecraft:hay_block":51,"minecraft:mossy_cobblestone":1,"minecraft:oak_fence":1,"minecraft:grass":2,"minecraft:oak_log":6,"regions_unexplored:silt_dirt":1,"minecraft:coal_block":16,"minecraft:tall_grass":7,"minecraft:cobblestone":1,"minecraft:stone":13,"paraglider:goddess_statue":1}},"DataVersion":3465}