{"stats":{"minecraft:custom":{"lootr:looted_stat":10,"minecraft:mob_kills":15,"tombstone:raider_killed":3,"minecraft:traded_with_villager":5,"minecraft:interact_with_crafting_table":1,"minecraft:time_since_death":332,"minecraft:climb_one_cm":1340,"minecraft:time_since_rest":118,"minecraft:damage_absorbed":20,"minecraft:sprint_one_cm":91345,"minecraft:damage_taken":2800,"minecraft:walk_one_cm":36521,"minecraft:drop":18,"minecraft:damage_dealt":2185,"minecraft:swim_one_cm":8967,"minecraft:talked_to_villager":1,"minecraft:fly_one_cm":191955,"minecraft:crouch_one_cm":6018,"minecraft:play_time":25886,"minecraft:deaths":9,"minecraft:sneak_time":2137,"minecraft:walk_under_water_one_cm":362,"minecraft:jump":774,"minecraft:walk_on_water_one_cm":4564,"minecraft:total_world_time":25886,"minecraft:fall_one_cm":21518},"minecraft:killed_by":{"minecraft:vindicator":3,"man:managgresive":1,"irons_spellbooks:pyromancer":1,"minecraft:stray":2,"minecraft:pillager":2},"minecraft:dropped":{"minecraft:bread":1,"minecraft:wheat_seeds":1,"alexsmobs:animal_dictionary":1,"minecraft:wheat":5,"minecraft:light_gray_wool":2,"evilcraft:flesh_humanoid":1,"patchouli:guide_book":4,"paraglider:spirit_orb":4,"minecraft:item_frame":1,"ars_nouveau:worn_notebook":1,"alexsmobs:bison_carpet":1,"theoneprobe:probenote":1,"tombstone:grave_dust":2,"minecraft:dark_oak_planks":6,"minecraft:black_wool":2},"minecraft:killed":{"minecraft:vindicator":2,"minecraft:sheep":7,"minecraft:pillager":1,"minecraft:cow":5},"minecraft:mined":{"alexsmobs:bison_carpet":2,"minecraft:dark_oak_log":1,"minecraft:oak_fence":1,"minecraft:crafting_table":1,"regions_unexplored:pine_shrub":1,"minecraft:sculk_sensor":1,"minecraft:tall_grass":5,"minecraft:spruce_leaves":2,"regions_unexplored:pine_log":6,"minecraft:spawner":2,"minecraft:large_fern":2,"minecraft:spruce_log":2,"minecraft:grass":1,"alexsmobs:bison_fur_block":1,"minecraft:oak_stairs":1,"regions_unexplored:medium_grass":7,"minecraft:fern":3},"minecraft:picked_up":{"born_in_chaos_v1:corpse_maggot":1,"minecraft:crafting_table":1,"minecraft:leather":8,"minecraft:oak_stairs":1,"paraglider:spirit_orb":4,"minecraft:item_frame":1,"terramity:accursed_soul":5,"minecraft:bow":1,"minecraft:wheat_seeds":1,"regions_unexplored:pine_log":6,"minecraft:beef":10,"regions_unexplored:pine_shrub":1,"minecraft:oak_fence":1,"alexsmobs:bison_carpet":1,"minecraft:mossy_cobblestone":3,"born_in_chaos_v1:sweet_sword":1,"minecraft:gray_wool":1,"minecraft:emerald":1,"minecraft:mutton":13,"born_in_chaos_v1:gummy_vampire_teeth":1,"minecraft:white_wool":6},"minecraft:used":{"minecraft:golden_boots":1,"minecraft:oak_fence":1,"minecraft:wooden_pickaxe":2,"minecraft:sculk":9,"minecraft:mossy_cobblestone":3,"minecraft:crafting_table":1,"born_in_chaos_v1:corpse_maggot":1,"minecraft:dark_oak_planks":2,"regions_unexplored:pine_shrub":1,"minecraft:apple":2,"minecraft:iron_axe":6,"minecraft:bread":2,"tombstone:grave_key":5,"evilcraft:flesh_humanoid":1,"born_in_chaos_v1:gummy_vampire_teeth":1,"minecraft:porkchop":3,"tombstone:gift":4,"alexsmobs:animal_dictionary":1,"born_in_chaos_v1:sweet_sword":33,"minecraft:soul_torch":7,"minecraft:gray_wool":1,"minecraft:sculk_catalyst":1},"minecraft:crafted":{"minecraft:emerald":8,"minecraft:crafting_table":1,"minecraft:wooden_pickaxe":1,"irons_spellbooks:fire_ale":1,"regions_unexplored:pine_planks":24,"minecraft:stick":4,"minecraft:dark_oak_planks":8}},"DataVersion":3465}