{"stats":{"minecraft:custom":{"lootr:looted_stat":17,"minecraft:mob_kills":20,"minecraft:interact_with_crafting_table":5,"minecraft:damage_dealt_resisted":144,"minecraft:time_since_death":5269,"minecraft:climb_one_cm":1340,"minecraft:sprint_one_cm":137040,"minecraft:walk_one_cm":80297,"minecraft:damage_blocked_by_shield":2443,"minecraft:drop":45,"minecraft:talked_to_villager":1,"minecraft:play_time":61886,"minecraft:deaths":29,"minecraft:sneak_time":2779,"minecraft:walk_under_water_one_cm":952,"minecraft:jump":1231,"minecraft:walk_on_water_one_cm":12601,"minecraft:total_world_time":61886,"tombstone:raider_killed":3,"minecraft:traded_with_villager":5,"minecraft:pot_flower":1,"minecraft:time_since_rest":5006,"minecraft:damage_taken":9354,"minecraft:damage_absorbed":111,"minecraft:damage_dealt":4554,"minecraft:player_kills":1,"minecraft:swim_one_cm":16680,"minecraft:fly_one_cm":273991,"minecraft:crouch_one_cm":7823,"tombstone:undead_killed":4,"minecraft:fall_one_cm":37963},"minecraft:killed_by":{"minecraft:player":1,"undead_revamp2:the_moonflower":1,"irons_spellbooks:pyromancer":6,"minecraft:stray":2,"minecraft:creeper":2,"minecraft:pillager":2,"quark:toretoise":1,"minecraft:vindicator":3,"man:managgresive":1,"born_in_chaos_v1:diamond_termite":2,"undead_revamp2:therod":1,"minecraft:skeleton":1,"minecraft:zombie":1,"undead_revamp2:thepregnant":2,"born_in_chaos_v1:maggot":1},"minecraft:dropped":{"minecraft:bread":1,"minecraft:wheat_seeds":1,"irons_spellbooks:rare_ink":2,"minecraft:glass_bottle":4,"scguns:diamond_steel_blueprint":2,"irons_spellbooks:ancient_knowledge_fragment":3,"paraglider:spirit_orb":4,"minecraft:item_frame":1,"ars_nouveau:worn_notebook":1,"theoneprobe:probenote":1,"tombstone:grave_dust":2,"minecraft:dark_oak_planks":6,"regions_unexplored:pine_planks":2,"minecraft:iron_nugget":2,"alexsmobs:animal_dictionary":1,"minecraft:cobbled_deepslate":1,"minecraft:wheat":5,"minecraft:rotten_flesh":15,"minecraft:light_gray_wool":2,"terramity:music_sheet_of_untimely_death":1,"evilcraft:flesh_humanoid":4,"patchouli:guide_book":4,"supplementaries:ash":4,"alexsmobs:bison_carpet":1,"terramity:ruby_ring":1,"apotheosis:gem":1,"minecraft:leather_leggings":1,"minecraft:wooden_pickaxe":1,"minecraft:black_wool":2},"minecraft:killed":{"minecraft:vindicator":2,"born_in_chaos_v1:maggot":1,"minecraft:skeleton":1,"minecraft:sheep":7,"minecraft:pillager":1,"minecraft:zombie":3,"minecraft:cow":5},"minecraft:mined":{"minecraft:tuff":1,"minecraft:dark_oak_log":1,"regions_unexplored:pine_shrub":1,"minecraft:spruce_leaves":2,"minecraft:spawner":2,"minecraft:large_fern":2,"minecraft:cobbled_deepslate":1,"minecraft:oak_stairs":1,"regions_unexplored:medium_grass":7,"minecraft:white_wool":1,"alexsmobs:bison_carpet":2,"minecraft:oak_fence":1,"minecraft:crafting_table":2,"born_in_chaos_v1:infected_deepslate_diamond_ore":1,"minecraft:sculk_sensor":1,"minecraft:tall_grass":5,"minecraft:deepslate_gold_ore":8,"regions_unexplored:prismarite_cluster":1,"regions_unexplored:pine_log":6,"minecraft:spruce_log":2,"minecraft:grass":1,"regions_unexplored:oak_shrub":1,"alexsmobs:bison_fur_block":1,"minecraft:deepslate":10,"minecraft:fern":3},"minecraft:picked_up":{"irons_spellbooks:scroll":1,"born_in_chaos_v1:diamond_termite_shard":2,"minecraft:crafting_table":2,"minecraft:leather_leggings":1,"minecraft:oak_stairs":1,"regions_unexplored:prismarite_cluster":4,"minecraft:item_frame":1,"terramity:accursed_soul":5,"regions_unexplored:pine_log":6,"minecraft:cobbled_deepslate":25,"minecraft:beef":10,"minecraft:iron_nugget":1,"regions_unexplored:pine_shrub":1,"apotheosis:gem":1,"minecraft:oak_fence":1,"regions_unexplored:raw_redstone_block":2,"minecraft:rotten_flesh":9,"born_in_chaos_v1:sweet_sword":1,"supplementaries:ash":1,"minecraft:mutton":13,"minecraft:white_wool":7,"irons_spellbooks:ancient_knowledge_fragment":3,"born_in_chaos_v1:gummy_vampire_teeth":1,"terramity:ruby_ring":1,"born_in_chaos_v1:corpse_maggot":1,"minecraft:leather":8,"paraglider:spirit_orb":4,"evilcraft:flesh_humanoid":4,"irons_spellbooks:rare_ink":2,"minecraft:wheat_seeds":1,"minecraft:bow":1,"minecraft:raw_gold":8,"minecraft:glass_bottle":3,"terramity:music_sheet_of_untimely_death":1,"minecraft:oak_planks":10,"regions_unexplored:pine_planks":1,"alexsmobs:bison_carpet":1,"minecraft:mossy_cobblestone":3,"minecraft:gray_wool":1,"minecraft:emerald":1},"minecraft:used":{"minecraft:oak_fence":1,"minecraft:shield":48,"minecraft:iron_sword":11,"minecraft:sculk":9,"minecraft:torch":1,"regions_unexplored:prismarite_cluster":4,"born_in_chaos_v1:corpse_maggot":1,"minecraft:dark_oak_planks":2,"minecraft:iron_axe":16,"evilcraft:box_of_eternal_closure":1,"evilcraft:flesh_humanoid":1,"born_in_chaos_v1:gummy_vampire_teeth":1,"tombstone:gift":4,"minecraft:potato":18,"born_in_chaos_v1:sweet_sword":67,"minecraft:cobbled_deepslate":10,"minecraft:iron_leggings":1,"minecraft:golden_boots":1,"minecraft:water_bucket":3,"minecraft:wooden_pickaxe":3,"minecraft:white_wool":3,"minecraft:mossy_cobblestone":3,"regions_unexplored:raw_redstone_block":2,"minecraft:crafting_table":4,"regions_unexplored:pine_shrub":1,"minecraft:apple":2,"minecraft:bread":3,"minecraft:iron_pickaxe":22,"tombstone:grave_key":16,"minecraft:porkchop":3,"minecraft:bucket":4,"alexsmobs:animal_dictionary":1,"minecraft:gray_wool":1,"minecraft:sculk_catalyst":1,"minecraft:soul_torch":7},"minecraft:crafted":{"irons_spellbooks:fire_ale":1,"minecraft:dark_oak_planks":8,"minecraft:emerald":8,"sophisticatedbackpacks:backpack":1,"minecraft:crafting_table":2,"minecraft:wooden_pickaxe":1,"regions_unexplored:pine_planks":24,"minecraft:shield":1,"minecraft:stick":12,"quark:oak_chest":1,"minecraft:iron_ingot":4,"minecraft:iron_pickaxe":1},"minecraft:broken":{"minecraft:golden_boots":1,"minecraft:shield":1,"minecraft:iron_helmet":1}},"DataVersion":3465}