{"stats":{"minecraft:custom":{"minecraft:time_since_rest":6108,"lootr:looted_stat":6,"minecraft:sprint_one_cm":59843,"minecraft:damage_taken":774,"minecraft:walk_one_cm":18699,"minecraft:mob_kills":11,"minecraft:drop":12,"minecraft:damage_dealt":1181,"minecraft:swim_one_cm":2338,"minecraft:talked_to_villager":1,"minecraft:fly_one_cm":87984,"minecraft:crouch_one_cm":2409,"minecraft:play_time":13886,"minecraft:deaths":3,"minecraft:sneak_time":943,"minecraft:walk_under_water_one_cm":149,"minecraft:jump":374,"minecraft:time_since_death":6278,"minecraft:walk_on_water_one_cm":1873,"minecraft:climb_one_cm":1224,"minecraft:total_world_time":13886,"minecraft:fall_one_cm":8636},"minecraft:killed_by":{"man:managgresive":1,"minecraft:stray":2},"minecraft:dropped":{"minecraft:bread":1,"ars_nouveau:worn_notebook":1,"minecraft:wheat_seeds":1,"alexsmobs:animal_dictionary":1,"theoneprobe:probenote":1,"tombstone:grave_dust":2,"evilcraft:flesh_humanoid":1,"patchouli:guide_book":4,"minecraft:item_frame":1},"minecraft:mined":{"minecraft:large_fern":2,"minecraft:oak_fence":1,"regions_unexplored:pine_shrub":1,"minecraft:oak_stairs":1,"minecraft:sculk_sensor":1,"minecraft:tall_grass":1,"regions_unexplored:medium_grass":6,"minecraft:fern":3,"regions_unexplored:pine_log":6},"minecraft:killed":{"minecraft:sheep":7,"minecraft:cow":4},"minecraft:picked_up":{"born_in_chaos_v1:corpse_maggot":1,"minecraft:leather":7,"minecraft:oak_fence":1,"minecraft:oak_stairs":1,"minecraft:mossy_cobblestone":3,"minecraft:item_frame":1,"minecraft:bow":1,"born_in_chaos_v1:sweet_sword":1,"minecraft:wheat_seeds":1,"regions_unexplored:pine_log":6,"minecraft:beef":7,"minecraft:gray_wool":1,"minecraft:mutton":13,"minecraft:white_wool":6,"regions_unexplored:pine_shrub":1,"born_in_chaos_v1:gummy_vampire_teeth":1},"minecraft:used":{"minecraft:oak_fence":1,"born_in_chaos_v1:corpse_maggot":1,"regions_unexplored:pine_shrub":1,"minecraft:apple":2,"tombstone:grave_key":3,"evilcraft:flesh_humanoid":1,"born_in_chaos_v1:gummy_vampire_teeth":1,"tombstone:gift":4,"alexsmobs:animal_dictionary":1,"born_in_chaos_v1:sweet_sword":19,"minecraft:gray_wool":1},"minecraft:crafted":{"regions_unexplored:pine_planks":24}},"DataVersion":3465}