{"stats":{"minecraft:custom":{"lootr:looted_stat":15,"minecraft:mob_kills":17,"tombstone:raider_killed":3,"minecraft:traded_with_villager":5,"minecraft:interact_with_crafting_table":3,"minecraft:pot_flower":1,"minecraft:damage_dealt_resisted":144,"minecraft:time_since_death":1230,"minecraft:climb_one_cm":1340,"minecraft:time_since_rest":1024,"minecraft:damage_absorbed":111,"minecraft:sprint_one_cm":126416,"minecraft:damage_taken":7740,"minecraft:walk_one_cm":68213,"minecraft:damage_blocked_by_shield":2443,"minecraft:drop":35,"minecraft:damage_dealt":2992,"minecraft:swim_one_cm":16680,"minecraft:talked_to_villager":1,"minecraft:fly_one_cm":235671,"minecraft:player_kills":1,"minecraft:crouch_one_cm":7138,"minecraft:play_time":49886,"tombstone:undead_killed":1,"minecraft:deaths":24,"minecraft:sneak_time":2546,"minecraft:walk_under_water_one_cm":952,"minecraft:jump":1032,"minecraft:walk_on_water_one_cm":10058,"minecraft:total_world_time":49886,"minecraft:fall_one_cm":34022},"minecraft:killed_by":{"minecraft:vindicator":3,"man:managgresive":1,"minecraft:player":1,"undead_revamp2:the_moonflower":1,"born_in_chaos_v1:diamond_termite":2,"irons_spellbooks:pyromancer":6,"minecraft:skeleton":1,"minecraft:stray":2,"minecraft:creeper":2,"minecraft:zombie":1,"minecraft:pillager":2,"born_in_chaos_v1:maggot":1},"minecraft:dropped":{"minecraft:bread":1,"regions_unexplored:pine_planks":2,"irons_spellbooks:rare_ink":2,"minecraft:wheat_seeds":1,"minecraft:iron_nugget":2,"alexsmobs:animal_dictionary":1,"minecraft:cobbled_deepslate":1,"minecraft:glass_bottle":3,"minecraft:wheat":5,"minecraft:light_gray_wool":2,"evilcraft:flesh_humanoid":4,"patchouli:guide_book":4,"paraglider:spirit_orb":4,"minecraft:item_frame":1,"supplementaries:ash":4,"ars_nouveau:worn_notebook":1,"alexsmobs:bison_carpet":1,"terramity:ruby_ring":1,"theoneprobe:probenote":1,"tombstone:grave_dust":2,"minecraft:wooden_pickaxe":1,"minecraft:dark_oak_planks":6,"minecraft:black_wool":2},"minecraft:killed":{"minecraft:vindicator":2,"born_in_chaos_v1:maggot":1,"minecraft:sheep":7,"minecraft:pillager":1,"minecraft:zombie":1,"minecraft:cow":5},"minecraft:mined":{"alexsmobs:bison_carpet":2,"minecraft:tuff":1,"minecraft:dark_oak_log":1,"born_in_chaos_v1:infected_deepslate_diamond_ore":1,"minecraft:oak_fence":1,"minecraft:crafting_table":2,"regions_unexplored:pine_shrub":1,"minecraft:sculk_sensor":1,"minecraft:tall_grass":5,"minecraft:spruce_leaves":2,"regions_unexplored:prismarite_cluster":1,"regions_unexplored:pine_log":6,"minecraft:spawner":2,"minecraft:large_fern":2,"minecraft:cobbled_deepslate":1,"minecraft:spruce_log":2,"minecraft:grass":1,"regions_unexplored:oak_shrub":1,"alexsmobs:bison_fur_block":1,"minecraft:oak_stairs":1,"regions_unexplored:medium_grass":7,"minecraft:white_wool":1,"minecraft:deepslate":9,"minecraft:fern":3},"minecraft:picked_up":{"terramity:ruby_ring":1,"irons_spellbooks:scroll":1,"born_in_chaos_v1:corpse_maggot":1,"minecraft:crafting_table":1,"minecraft:leather_leggings":1,"minecraft:leather":8,"minecraft:oak_stairs":1,"paraglider:spirit_orb":4,"evilcraft:flesh_humanoid":4,"regions_unexplored:prismarite_cluster":4,"irons_spellbooks:rare_ink":2,"minecraft:item_frame":1,"terramity:accursed_soul":5,"minecraft:bow":1,"minecraft:wheat_seeds":1,"regions_unexplored:pine_log":6,"minecraft:cobbled_deepslate":19,"minecraft:beef":10,"minecraft:iron_nugget":1,"minecraft:glass_bottle":3,"terramity:music_sheet_of_untimely_death":1,"regions_unexplored:pine_shrub":1,"minecraft:oak_fence":1,"regions_unexplored:pine_planks":1,"regions_unexplored:raw_redstone_block":2,"alexsmobs:bison_carpet":1,"minecraft:mossy_cobblestone":3,"born_in_chaos_v1:sweet_sword":1,"minecraft:gray_wool":1,"minecraft:emerald":1,"supplementaries:ash":1,"minecraft:mutton":13,"born_in_chaos_v1:gummy_vampire_teeth":1,"minecraft:white_wool":7},"minecraft:used":{"minecraft:golden_boots":1,"minecraft:oak_fence":1,"minecraft:shield":48,"minecraft:wooden_pickaxe":3,"minecraft:iron_sword":1,"minecraft:sculk":9,"minecraft:white_wool":1,"minecraft:torch":1,"minecraft:mossy_cobblestone":3,"regions_unexplored:raw_redstone_block":2,"minecraft:crafting_table":3,"regions_unexplored:prismarite_cluster":4,"born_in_chaos_v1:corpse_maggot":1,"minecraft:dark_oak_planks":2,"regions_unexplored:pine_shrub":1,"minecraft:apple":2,"minecraft:iron_axe":15,"minecraft:bread":2,"minecraft:iron_pickaxe":13,"tombstone:grave_key":10,"evilcraft:flesh_humanoid":1,"born_in_chaos_v1:gummy_vampire_teeth":1,"minecraft:porkchop":3,"minecraft:iron_leggings":1,"tombstone:gift":4,"alexsmobs:animal_dictionary":1,"minecraft:cobbled_deepslate":6,"minecraft:potato":16,"born_in_chaos_v1:sweet_sword":49,"minecraft:soul_torch":7,"minecraft:gray_wool":1,"minecraft:sculk_catalyst":1},"minecraft:broken":{"minecraft:shield":1,"minecraft:golden_boots":1},"minecraft:crafted":{"minecraft:emerald":8,"minecraft:crafting_table":2,"minecraft:wooden_pickaxe":1,"irons_spellbooks:fire_ale":1,"regions_unexplored:pine_planks":24,"minecraft:shield":1,"minecraft:stick":12,"minecraft:iron_pickaxe":1,"minecraft:iron_ingot":4,"minecraft:dark_oak_planks":8}},"DataVersion":3465}