{"stats":{"minecraft:killed":{"terramity:green_fairy":1},"minecraft:custom":{"minecraft:time_since_rest":554,"minecraft:interact_with_smithing_table":1,"lootr:looted_stat":14,"minecraft:sprint_one_cm":67576,"minecraft:damage_taken":1710,"minecraft:walk_one_cm":43276,"minecraft:mob_kills":1,"minecraft:drop":7,"minecraft:damage_dealt":153,"minecraft:swim_one_cm":331,"minecraft:interact_with_crafting_table":3,"minecraft:fly_one_cm":161603,"minecraft:open_barrel":1,"minecraft:play_time":30096,"minecraft:crouch_one_cm":2906,"minecraft:deaths":5,"minecraft:sneak_time":1096,"minecraft:walk_under_water_one_cm":385,"minecraft:jump":491,"minecraft:leave_game":2,"minecraft:interact_with_blast_furnace":1,"minecraft:time_since_death":2953,"minecraft:walk_on_water_one_cm":5092,"minecraft:climb_one_cm":607,"minecraft:total_world_time":30096,"minecraft:fall_one_cm":15416},"minecraft:dropped":{"ars_nouveau:worn_notebook":1,"alexsmobs:animal_dictionary":1,"terramity:music_sheet_of_untimely_death":1,"patchouli:guide_book":4},"minecraft:killed_by":{"minecraft:husk":2,"man:managgresive":1,"minecraft:player":1,"undead_revamp2:the_moonflower":1},"minecraft:picked_up":{"minecraft:scaffolding":2,"minecraft:spruce_fence":1,"paraglider:spirit_orb":2,"minecraft:dark_oak_trapdoor":1,"minecraft:dark_oak_planks":4,"minecraft:item_frame":1,"minecraft:experience_bottle":1,"minecraft:cyan_carpet":3,"terramity:accursed_soul":5,"minecraft:calcite":8,"ars_nouveau:sourceberry_bush":26,"minecraft:sugar_cane":1,"minecraft:netherrack":1,"minecraft:snowball":9},"minecraft:used":{"minecraft:bread":5,"minecraft:spruce_planks":14,"minecraft:chainmail_helmet":1,"tombstone:grave_key":2,"minecraft:torch":4,"minecraft:scaffolding":2,"minecraft:turtle_helmet":1,"ars_nouveau:sourceberry_bush":10,"minecraft:chainmail_chestplate":1,"minecraft:spruce_fence":1,"minecraft:snowball":4,"minecraft:experience_bottle":1},"minecraft:crafted":{"minecraft:spruce_planks":36},"minecraft:mined":{"minecraft:dark_oak_planks":4,"minecraft:scaffolding":3,"minecraft:glass_pane":2,"minecraft:dark_oak_trapdoor":1,"minecraft:fire":3,"minecraft:snow":9,"minecraft:grass":1,"minecraft:spruce_fence":1,"minecraft:calcite":8,"minecraft:spruce_leaves":1,"ars_nouveau:sourceberry_bush":14,"minecraft:netherrack":2,"minecraft:spawner":1}},"DataVersion":3465}