{"stats":{"minecraft:custom":{"lootr:looted_stat":34,"minecraft:mob_kills":31,"minecraft:interact_with_crafting_table":9,"minecraft:damage_dealt_resisted":212,"minecraft:leave_game":4,"minecraft:time_since_death":2599,"minecraft:climb_one_cm":1455,"minecraft:damage_resisted":0,"minecraft:sprint_one_cm":279100,"minecraft:walk_one_cm":177331,"minecraft:damage_blocked_by_shield":2443,"minecraft:drop":80,"minecraft:talked_to_villager":1,"minecraft:play_time":157024,"minecraft:deaths":51,"minecraft:sneak_time":6349,"minecraft:walk_under_water_one_cm":8380,"minecraft:jump":2516,"minecraft:walk_on_water_one_cm":19530,"minecraft:total_world_time":157024,"tombstone:raider_killed":3,"minecraft:traded_with_villager":5,"minecraft:pot_flower":1,"minecraft:time_since_rest":2385,"minecraft:damage_taken":16133,"minecraft:damage_absorbed":151,"minecraft:damage_dealt":9191,"minecraft:swim_one_cm":23114,"minecraft:fly_one_cm":763627,"minecraft:player_kills":3,"minecraft:open_chest":2,"minecraft:crouch_one_cm":20689,"tombstone:undead_killed":9,"minecraft:fall_one_cm":184124},"minecraft:killed_by":{"minecraft:player":4,"undead_revamp2:the_moonflower":2,"minecraft:wither_skeleton":3,"irons_spellbooks:pyromancer":6,"scguns:sky_carrier":1,"minecraft:stray":2,"minecraft:creeper":2,"minecraft:pillager":2,"apollyon:the_infector":1,"born_in_chaos_v1:dark_vortex":1,"quark:toretoise":1,"minecraft:vindicator":3,"man:managgresive":1,"born_in_chaos_v1:diamond_termite":2,"undead_revamp2:therod":1,"minecraft:hoglin":3,"minecraft:skeleton":3,"minecraft:zombie":2,"undead_revamp2:thepregnant":2,"born_in_chaos_v1:dire_hound_leader":1,"born_in_chaos_v1:maggot":1},"minecraft:dropped":{"minecraft:bread":1,"minecraft:acacia_wood":4,"minecraft:wheat_seeds":1,"irons_spellbooks:rare_ink":2,"minecraft:glass_bottle":4,"minecraft:diamond":6,"scguns:diamond_steel_blueprint":2,"minecraft:saddle":1,"irons_spellbooks:ancient_knowledge_fragment":3,"minecraft:coal":2,"minecraft:stick":4,"paraglider:spirit_orb":4,"minecraft:item_frame":1,"ars_nouveau:worn_notebook":1,"tombstone:magic_scroll":1,"tombstone:grave_key":1,"theoneprobe:probenote":1,"tombstone:grave_dust":2,"minecraft:dark_oak_planks":6,"regions_unexplored:redstone_bulb":1,"minecraft:oak_door":4,"regions_unexplored:pine_planks":2,"minecraft:iron_nugget":2,"alexsmobs:animal_dictionary":1,"minecraft:cobbled_deepslate":1,"minecraft:bowl":1,"minecraft:wheat":5,"iceandfire:witherbone":1,"minecraft:rotten_flesh":33,"minecraft:light_gray_wool":2,"minecraft:oak_planks":2,"minecraft:mossy_stone_brick_slab":1,"sophisticatedbackpacks:backpack":1,"minecraft:light_gray_carpet":4,"minecraft:stripped_acacia_wood":1,"terramity:music_sheet_of_untimely_death":1,"evilcraft:flesh_humanoid":7,"patchouli:guide_book":4,"supplementaries:ash":4,"alexsmobs:bison_carpet":1,"minecraft:iron_chestplate":1,"minecraft:spruce_planks":6,"terramity:ruby_ring":1,"minecraft:charcoal":4,"minecraft:acacia_slab":3,"apotheosis:gem":2,"minecraft:chainmail_boots":1,"minecraft:leather_leggings":1,"minecraft:stone_bricks":2,"minecraft:wooden_pickaxe":1,"minecraft:stone_brick_stairs":1,"minecraft:black_wool":2,"minecraft:iron_ingot":1},"minecraft:mined":{"minecraft:dark_prismarine":3,"minecraft:tuff":1,"minecraft:spruce_planks":2,"minecraft:white_bed":1,"minecraft:dark_oak_log":1,"regions_unexplored:pine_shrub":1,"minecraft:acacia_slab":3,"minecraft:spruce_leaves":2,"minecraft:spawner":2,"minecraft:large_fern":2,"minecraft:furnace":2,"minecraft:cobbled_deepslate":2,"minecraft:acacia_wood":3,"minecraft:deepslate_iron_ore":3,"minecraft:oak_stairs":1,"regions_unexplored:medium_grass":7,"minecraft:spruce_wood":1,"minecraft:player_head":10,"minecraft:white_wool":1,"alexsmobs:bison_carpet":2,"lootr:lootr_chest":3,"minecraft:smoker":2,"minecraft:oak_fence":1,"minecraft:crafting_table":4,"born_in_chaos_v1:infected_deepslate_diamond_ore":2,"minecraft:sculk_sensor":1,"minecraft:campfire":2,"minecraft:tall_grass":6,"minecraft:deepslate_gold_ore":16,"minecraft:oak_planks":4,"regions_unexplored:prismarite_cluster":1,"regions_unexplored:pine_log":6,"minecraft:spruce_log":2,"minecraft:grass":1,"regions_unexplored:oak_shrub":1,"minecraft:coal_ore":3,"alexsmobs:bison_fur_block":1,"minecraft:smooth_basalt":1,"minecraft:acacia_planks":1,"minecraft:stripped_acacia_wood":1,"minecraft:deepslate":10,"minecraft:fern":3},"minecraft:killed":{"undead_revamp2:thewolf":1,"undead_revamp2:thegliter":1,"minecraft:vindicator":2,"undead_revamp2:axestrom":1,"born_in_chaos_v1:maggot":1,"minecraft:skeleton":2,"undead_revamp2:sucker":1,"scguns:sky_carrier":1,"born_in_chaos_v1:diamond_termite":2,"minecraft:hoglin":1,"minecraft:sheep":7,"minecraft:pillager":1,"minecraft:zombie":4,"born_in_chaos_v1:dread_hound":1,"minecraft:cow":5},"minecraft:picked_up":{"minecraft:charcoal":4,"irons_spellbooks:scroll":1,"born_in_chaos_v1:diamond_termite_shard":4,"minecraft:crafting_table":4,"iceandfire:witherbone":1,"minecraft:turtle_helmet":1,"minecraft:leather_leggings":1,"minecraft:oak_stairs":1,"minecraft:stone_brick_stairs":1,"minecraft:string":1,"regions_unexplored:prismarite_cluster":4,"minecraft:item_frame":1,"terramity:accursed_soul":5,"regions_unexplored:pine_log":6,"minecraft:cobbled_deepslate":26,"minecraft:spruce_planks":2,"minecraft:beef":10,"scguns:ancient_brass":7,"minecraft:player_head":9,"minecraft:iron_nugget":1,"minecraft:chest":3,"regions_unexplored:pine_shrub":1,"minecraft:furnace":2,"minecraft:raw_iron":3,"minecraft:stick":4,"apotheosis:gem":5,"minecraft:oak_door":4,"minecraft:oak_fence":1,"sophisticatedbackpacks:backpack":1,"regions_unexplored:raw_redstone_block":2,"minecraft:rotten_flesh":27,"regions_unexplored:redstone_bulb":1,"born_in_chaos_v1:sweet_sword":1,"supplementaries:ash":1,"minecraft:mutton":13,"minecraft:white_wool":7,"irons_spellbooks:ancient_knowledge_fragment":3,"born_in_chaos_v1:gummy_vampire_teeth":1,"terramity:ruby_ring":1,"born_in_chaos_v1:corpse_maggot":3,"born_in_chaos_v1:monster_flesh":1,"minecraft:leather":8,"minecraft:smoker":2,"minecraft:acacia_wood":3,"paraglider:spirit_orb":4,"evilcraft:flesh_humanoid":5,"scguns:compact_advanced_round":1,"minecraft:lapis_lazuli":10,"scguns:anthralite_nugget":1,"irons_spellbooks:rare_ink":2,"born_in_chaos_v1:monster_skin":1,"minecraft:bone":2,"minecraft:stone_bricks":2,"minecraft:wheat_seeds":1,"minecraft:bow":2,"minecraft:raw_gold":16,"minecraft:spruce_wood":1,"minecraft:glass_bottle":3,"minecraft:oak_planks":14,"terramity:music_sheet_of_untimely_death":1,"scguns:advanced_round":4,"minecraft:smooth_basalt":2,"minecraft:stripped_acacia_wood":1,"regions_unexplored:pine_planks":1,"minecraft:mossy_stone_brick_slab":1,"minecraft:white_bed":1,"alexsmobs:bison_carpet":1,"minecraft:mossy_cobblestone":3,"minecraft:dark_prismarine":3,"minecraft:bundle":1,"minecraft:diamond":6,"undead_revamp2:beespheromones":1,"minecraft:gray_wool":1,"minecraft:emerald":1,"tombstone:magic_scroll":1,"minecraft:light_gray_carpet":4,"minecraft:acacia_slab":3,"minecraft:coal":5,"minecraft:iron_chestplate":1},"minecraft:used":{"minecraft:oak_fence":1,"minecraft:shield":48,"minecraft:iron_sword":52,"minecraft:sculk":9,"minecraft:torch":1,"minecraft:mutton":13,"regions_unexplored:prismarite_cluster":4,"born_in_chaos_v1:corpse_maggot":3,"minecraft:dark_oak_planks":2,"minecraft:red_wool":1,"minecraft:spruce_wood":1,"minecraft:iron_axe":42,"evilcraft:box_of_eternal_closure":1,"evilcraft:flesh_humanoid":1,"minecraft:smooth_basalt":2,"born_in_chaos_v1:gummy_vampire_teeth":1,"minecraft:rabbit_stew":1,"minecraft:beef":10,"minecraft:netherite_pickaxe":1,"tombstone:gift":4,"minecraft:potato":18,"born_in_chaos_v1:sweet_sword":67,"minecraft:cobbled_deepslate":25,"minecraft:iron_leggings":1,"minecraft:golden_boots":1,"minecraft:water_bucket":16,"minecraft:oak_planks":3,"minecraft:wooden_pickaxe":3,"minecraft:white_wool":3,"minecraft:golden_apple":1,"minecraft:glow_berries":2,"minecraft:mossy_cobblestone":3,"regions_unexplored:raw_redstone_block":2,"minecraft:crafting_table":6,"simplyswords:iron_greathammer":10,"minecraft:dark_prismarine":3,"regions_unexplored:pine_shrub":1,"minecraft:apple":2,"minecraft:bread":3,"minecraft:iron_pickaxe":54,"tombstone:grave_key":39,"minecraft:diamond_sword":41,"minecraft:porkchop":10,"minecraft:bucket":17,"alexsmobs:animal_dictionary":1,"minecraft:splash_potion":1,"minecraft:gray_wool":1,"minecraft:sculk_catalyst":1,"minecraft:soul_torch":7},"minecraft:crafted":{"irons_spellbooks:fire_ale":1,"minecraft:dark_oak_planks":8,"paraglider:paraglider":1,"minecraft:emerald":8,"sophisticatedbackpacks:backpack":2,"minecraft:crafting_table":3,"minecraft:wooden_pickaxe":1,"regions_unexplored:pine_planks":24,"minecraft:shield":1,"minecraft:stick":12,"quark:oak_chest":1,"minecraft:iron_pickaxe":1,"minecraft:iron_ingot":4},"minecraft:broken":{"minecraft:golden_boots":1,"minecraft:shield":1,"minecraft:iron_helmet":1}},"DataVersion":3465}