{"stats":{"minecraft:dropped":{"ars_nouveau:worn_notebook":1,"minecraft:wheat_seeds":9,"alexsmobs:animal_dictionary":1,"minecraft:glass_bottle":3,"minecraft:crafting_table":1,"minecraft:wheat":2,"minecraft:rotten_flesh":3,"minecraft:iron_boots":1,"patchouli:guide_book":4,"minecraft:dandelion":1},"minecraft:killed":{"born_in_chaos_v1:bone_imp_minion":1},"minecraft:picked_up":{"collectorsalbum:uncommon_card_pack":2,"apotheosis:gem":1,"minecraft:crafting_table":2,"minecraft:wheat":59,"minecraft:torch":22,"minecraft:dandelion":1,"born_in_chaos_v1:mint_ice_cream":1,"minecraft:spruce_stairs":1,"minecraft:potato":31,"minecraft:stone_brick_wall":1,"minecraft:porkchop":7,"minecraft:oak_log":3,"minecraft:carrot":79,"minecraft:rotten_flesh":3,"minecraft:beetroot":3,"undead_revamp2:blacpetalblock":1,"minecraft:beetroot_seeds":2,"minecraft:wheat_seeds":172},"minecraft:killed_by":{"minecraft:skeleton":1},"minecraft:crafted":{"minecraft:bread":19},"minecraft:used":{"minecraft:oak_log":1,"born_in_chaos_v1:mint_ice_cream":1,"minecraft:apple":2,"minecraft:bread":7,"minecraft:iron_sword":5,"minecraft:chainmail_helmet":1,"minecraft:torch":36,"minecraft:spruce_stairs":1,"minecraft:stone_brick_wall":1,"minecraft:honey_bottle":6},"minecraft:custom":{"minecraft:time_since_rest":8922,"lootr:looted_stat":23,"minecraft:sprint_one_cm":67468,"minecraft:damage_taken":1153,"minecraft:walk_one_cm":55796,"minecraft:mob_kills":1,"minecraft:drop":16,"minecraft:damage_dealt":351,"minecraft:interact_with_crafting_table":1,"minecraft:fly_one_cm":119766,"minecraft:crouch_one_cm":5042,"minecraft:play_time":27870,"tombstone:undead_killed":1,"minecraft:deaths":2,"minecraft:sneak_time":1478,"minecraft:jump":478,"minecraft:leave_game":1,"minecraft:walk_on_water_one_cm":232,"minecraft:time_since_death":9131,"minecraft:climb_one_cm":3454,"minecraft:total_world_time":27870,"minecraft:fall_one_cm":21494},"minecraft:mined":{"minecraft:spruce_stairs":1,"minecraft:carrots":25,"minecraft:wheat":59,"minecraft:dandelion":1,"minecraft:crafting_table":1,"minecraft:torch":12,"minecraft:grass":7,"minecraft:potatoes":11,"minecraft:beetroots":3,"minecraft:tall_grass":1,"regions_unexplored:medium_grass":3,"regions_unexplored:windswept_grass":16,"minecraft:wall_torch":12}},"DataVersion":3465}