{"stats":{"minecraft:custom":{"minecraft:interact_with_smithing_table":2,"minecraft:interact_with_furnace":7,"lootr:looted_stat":7,"minecraft:mob_kills":36,"minecraft:animals_bred":1,"minecraft:interact_with_crafting_table":5,"minecraft:interact_with_campfire":10,"minecraft:damage_dealt_resisted":206,"minecraft:leave_game":2,"minecraft:time_since_death":2014,"minecraft:sleep_in_bed":1,"minecraft:climb_one_cm":406,"minecraft:damage_resisted":0,"minecraft:time_since_rest":1880,"minecraft:sprint_one_cm":142296,"minecraft:damage_taken":6546,"minecraft:walk_one_cm":230982,"minecraft:damage_blocked_by_shield":1329,"minecraft:drop":22,"minecraft:damage_dealt":7736,"minecraft:player_kills":1,"minecraft:swim_one_cm":35452,"minecraft:talked_to_villager":1,"minecraft:fly_one_cm":296745,"minecraft:crouch_one_cm":897,"minecraft:play_time":83835,"tombstone:undead_killed":20,"minecraft:deaths":20,"minecraft:sneak_time":946,"minecraft:walk_under_water_one_cm":2042,"minecraft:interact_with_brewingstand":1,"minecraft:jump":1307,"minecraft:walk_on_water_one_cm":9999,"minecraft:total_world_time":83835,"minecraft:fall_one_cm":29820},"minecraft:killed_by":{"man:managgresive":2,"apollyon:the_damned":2,"minecraft:player":2,"born_in_chaos_v1:baby_skeleton_minion":1,"irons_spellbooks:pyromancer":2,"minecraft:stray":9,"born_in_chaos_v1:zombie_fisherman":1},"minecraft:dropped":{"minecraft:gravel":14,"minecraft:stone_axe":1,"regions_unexplored:pine_planks":6,"minecraft:lilac":1,"minecraft:mossy_cobblestone":3,"minecraft:andesite_slab":2,"regions_unexplored:pine_sapling":4,"minecraft:dirt":4,"minecraft:grass":1,"crittersandcompanions:koi_fish":1,"iceandfire:copper_nugget":17,"born_in_chaos_v1:corpse_maggot":1,"minecraft:wooden_axe":1,"minecraft:rose_bush":7,"apotheosis:gem":1,"minecraft:stone_pickaxe":1,"minecraft:wooden_pickaxe":1,"minecraft:paper":1},"minecraft:mined":{"iceandfire:copper_pile":2,"minecraft:crafting_table":2,"minecraft:grass_block":3,"minecraft:rose_bush":8,"minecraft:andesite_slab":3,"minecraft:tall_grass":1,"regions_unexplored:pine_planks":3,"regions_unexplored:pine_log":34,"minecraft:spawner":3,"minecraft:large_fern":1,"minecraft:carrots":5,"minecraft:wheat":44,"regions_unexplored:mossy_stone":6,"regions_unexplored:orange_maple_leaves":1,"regions_unexplored:pine_leaves":4,"minecraft:grass":2,"minecraft:potatoes":4,"iceandfire:silver_pile":3,"iceandfire:gold_pile":3,"minecraft:beetroots":2,"minecraft:gravel":15,"minecraft:dirt":1,"minecraft:cobweb":3,"regions_unexplored:medium_grass":3,"minecraft:stone":5,"minecraft:fern":1},"minecraft:killed":{"born_in_chaos_v1:bonescaller":1,"minecraft:pig":3,"born_in_chaos_v1:pumpkin_dunce":1,"born_in_chaos_v1:baby_skeleton":1,"undead_revamp2:theheavy":1,"born_in_chaos_v1:baby_skeleton_minion":3,"born_in_chaos_v1:decrepit_skeleton":2,"born_in_chaos_v1:maggot":2,"minecraft:skeleton":1,"born_in_chaos_v1:zombie_fisherman":1,"born_in_chaos_v1:decaying_zombie":1,"minecraft:zombie":1,"born_in_chaos_v1:corpse_fly":3,"minecraft:chicken":2,"minecraft:stray":8,"crittersandcompanions:koi_fish":1,"undead_revamp2:crackleball":1,"minecraft:cow":2},"minecraft:picked_up":{"born_in_chaos_v1:corpse_maggot":2,"minecraft:crafting_table":1,"minecraft:wheat":43,"minecraft:lilac":1,"minecraft:cooked_beef":4,"minecraft:chicken":1,"terramity:fairy_dust":2,"minecraft:potato":6,"paraglider:spirit_orb":6,"minecraft:flint":1,"evilcraft:flesh_humanoid":1,"scguns:pebbles":9,"minecraft:dirt":4,"minecraft:string":3,"minecraft:item_frame":7,"minecraft:bone":16,"minecraft:experience_bottle":1,"terramity:accursed_soul":8,"minecraft:bow":1,"minecraft:wheat_seeds":115,"minecraft:gold_nugget":18,"regions_unexplored:pine_log":30,"minecraft:beef":4,"minecraft:stone_pickaxe":1,"born_in_chaos_v1:smoldering_infernal_ember":1,"minecraft:rose_bush":8,"crittersandcompanions:koi_fish":1,"born_in_chaos_v1:caramel_pepper":1,"minecraft:iron_sword":1,"minecraft:book":5,"minecraft:tipped_arrow":3,"minecraft:stick":3,"iceandfire:copper_nugget":14,"apotheosis:gem":1,"minecraft:cooked_porkchop":3,"irons_spellbooks:frozen_bone":36,"irons_spellbooks:legendary_ink":1,"regions_unexplored:pine_sapling":4,"regions_unexplored:pine_planks":9,"minecraft:gravel":14,"minecraft:porkchop":6,"minecraft:lily_of_the_valley":2,"tombstone:grave_dust":1,"minecraft:mossy_cobblestone":6,"minecraft:arrow":12,"minecraft:stone_axe":1,"minecraft:emerald":1,"minecraft:andesite_slab":2,"iceandfire:silver_nugget":10,"minecraft:cobblestone":3},"minecraft:used":{"regions_unexplored:pine_planks":42,"minecraft:wheat_seeds":53,"minecraft:rose_bush":1,"minecraft:stone_pickaxe":9,"minecraft:shield":39,"minecraft:wooden_pickaxe":8,"minecraft:iron_sword":174,"minecraft:wooden_shovel":17,"minecraft:crafting_table":2,"born_in_chaos_v1:corpse_maggot":1,"minecraft:wooden_axe":11,"minecraft:bread":5,"minecraft:iron_helmet":1,"born_in_chaos_v1:caramel_pepper":1,"tombstone:grave_key":23,"minecraft:stone_axe":4,"supplementaries:ash":1,"minecraft:cooked_porkchop":1,"tombstone:gift":2,"minecraft:cooked_beef":4,"minecraft:potato":17,"minecraft:experience_bottle":1},"minecraft:crafted":{"minecraft:wooden_shovel":1,"minecraft:crafting_table":1,"minecraft:wooden_pickaxe":1,"minecraft:stone_axe":1,"regions_unexplored:pine_planks":60,"minecraft:stick":8,"minecraft:stone_pickaxe":1,"minecraft:wooden_axe":1}},"DataVersion":3465}