{"stats":{"minecraft:custom":{"minecraft:interact_with_smithing_table":2,"lootr:looted_stat":48,"minecraft:mob_kills":36,"minecraft:animals_bred":1,"minecraft:interact_with_crafting_table":6,"minecraft:open_barrel":1,"minecraft:interact_with_campfire":10,"minecraft:damage_dealt_resisted":206,"minecraft:leave_game":2,"minecraft:time_since_death":14014,"minecraft:climb_one_cm":1560,"minecraft:damage_resisted":0,"minecraft:sprint_one_cm":166267,"minecraft:walk_one_cm":269312,"minecraft:damage_blocked_by_shield":1353,"minecraft:drop":25,"minecraft:talked_to_villager":1,"minecraft:play_time":95835,"minecraft:sneak_time":980,"minecraft:deaths":20,"minecraft:walk_under_water_one_cm":2042,"minecraft:jump":1368,"minecraft:interact_with_brewingstand":1,"minecraft:walk_on_water_one_cm":9999,"minecraft:total_world_time":95835,"minecraft:interact_with_furnace":7,"minecraft:sleep_in_bed":1,"minecraft:time_since_rest":13880,"minecraft:damage_taken":6633,"minecraft:damage_dealt":7895,"minecraft:swim_one_cm":35452,"minecraft:fly_one_cm":308625,"minecraft:player_kills":2,"minecraft:crouch_one_cm":993,"tombstone:undead_killed":20,"minecraft:fall_one_cm":30020},"minecraft:killed_by":{"minecraft:player":2,"born_in_chaos_v1:baby_skeleton_minion":1,"irons_spellbooks:pyromancer":2,"minecraft:stray":9,"born_in_chaos_v1:zombie_fisherman":1,"man:managgresive":2,"apollyon:the_damned":2},"minecraft:dropped":{"minecraft:lilac":1,"minecraft:mossy_cobblestone":3,"regions_unexplored:pine_sapling":4,"minecraft:dirt":4,"minecraft:grass":1,"iceandfire:copper_nugget":17,"minecraft:wooden_axe":1,"minecraft:rose_bush":7,"minecraft:paper":1,"minecraft:string":3,"minecraft:gravel":14,"minecraft:stone_axe":1,"regions_unexplored:pine_planks":6,"minecraft:andesite_slab":2,"minecraft:iron_boots":1,"crittersandcompanions:koi_fish":1,"born_in_chaos_v1:corpse_maggot":1,"apotheosis:gem":1,"born_in_chaos_v1:spiritual_guide_sombrero_helmet":1,"minecraft:stone_pickaxe":1,"minecraft:wooden_pickaxe":1},"minecraft:killed":{"born_in_chaos_v1:baby_skeleton_minion":3,"born_in_chaos_v1:maggot":2,"minecraft:skeleton":1,"minecraft:chicken":2,"undead_revamp2:crackleball":1,"born_in_chaos_v1:bonescaller":1,"minecraft:pig":3,"born_in_chaos_v1:pumpkin_dunce":1,"born_in_chaos_v1:baby_skeleton":1,"undead_revamp2:theheavy":1,"born_in_chaos_v1:decrepit_skeleton":2,"born_in_chaos_v1:zombie_fisherman":1,"born_in_chaos_v1:decaying_zombie":1,"minecraft:zombie":1,"born_in_chaos_v1:corpse_fly":3,"minecraft:stray":8,"crittersandcompanions:koi_fish":1,"minecraft:cow":2},"minecraft:mined":{"iceandfire:copper_pile":2,"minecraft:grass_block":3,"regions_unexplored:pine_planks":3,"minecraft:spawner":3,"minecraft:large_fern":1,"minecraft:carrots":5,"regions_unexplored:mossy_stone":6,"regions_unexplored:orange_maple_leaves":1,"regions_unexplored:pine_leaves":4,"minecraft:potatoes":4,"iceandfire:gold_pile":3,"minecraft:cobblestone_slab":1,"regions_unexplored:medium_grass":3,"minecraft:stone":5,"minecraft:amethyst_cluster":1,"minecraft:crafting_table":3,"minecraft:rose_bush":8,"minecraft:andesite_slab":3,"minecraft:tall_grass":1,"minecraft:cobblestone":5,"regions_unexplored:pine_log":34,"minecraft:wheat":44,"minecraft:grass":2,"iceandfire:silver_pile":3,"minecraft:beetroots":2,"minecraft:dirt":1,"minecraft:gravel":15,"minecraft:cobweb":3,"minecraft:cracked_stone_bricks":2,"minecraft:stone_bricks":7,"minecraft:fern":1},"minecraft:picked_up":{"minecraft:crafting_table":1,"minecraft:wheat":43,"minecraft:chicken":1,"terramity:fairy_dust":2,"minecraft:string":3,"minecraft:item_frame":7,"minecraft:experience_bottle":1,"terramity:accursed_soul":8,"regions_unexplored:pine_log":30,"minecraft:gold_nugget":18,"minecraft:beef":4,"born_in_chaos_v1:smoldering_infernal_ember":1,"minecraft:rose_bush":8,"crittersandcompanions:koi_fish":1,"minecraft:tipped_arrow":3,"minecraft:stick":3,"apotheosis:gem":1,"minecraft:porkchop":6,"tombstone:grave_dust":1,"minecraft:arrow":12,"minecraft:cobblestone":3,"born_in_chaos_v1:corpse_maggot":2,"minecraft:cooked_beef":4,"minecraft:lilac":1,"minecraft:potato":6,"paraglider:spirit_orb":6,"minecraft:flint":1,"evilcraft:flesh_humanoid":1,"scguns:pebbles":9,"minecraft:dirt":4,"minecraft:bone":16,"minecraft:bow":1,"minecraft:wheat_seeds":115,"minecraft:stone_pickaxe":1,"born_in_chaos_v1:caramel_pepper":1,"minecraft:iron_sword":1,"minecraft:book":5,"iceandfire:copper_nugget":14,"irons_spellbooks:frozen_bone":36,"minecraft:cooked_porkchop":3,"irons_spellbooks:legendary_ink":1,"regions_unexplored:pine_sapling":4,"regions_unexplored:pine_planks":9,"minecraft:gravel":14,"minecraft:amethyst_shard":4,"minecraft:lily_of_the_valley":2,"minecraft:mossy_cobblestone":6,"minecraft:stone_axe":1,"minecraft:emerald":1,"minecraft:chainmail_helmet":1,"iceandfire:silver_nugget":10,"minecraft:andesite_slab":2},"minecraft:used":{"regions_unexplored:pine_planks":42,"minecraft:rose_bush":1,"minecraft:shield":41,"minecraft:iron_sword":174,"minecraft:wooden_shovel":17,"born_in_chaos_v1:corpse_maggot":1,"minecraft:wooden_axe":11,"minecraft:iron_helmet":1,"born_in_chaos_v1:caramel_pepper":1,"supplementaries:ash":1,"tombstone:gift":2,"minecraft:cooked_beef":4,"minecraft:potato":17,"minecraft:wheat_seeds":53,"minecraft:stone_pickaxe":9,"minecraft:wooden_pickaxe":8,"minecraft:crafting_table":3,"simplyswords:mjolnir":3,"minecraft:bread":5,"minecraft:iron_pickaxe":16,"tombstone:grave_key":23,"minecraft:stone_axe":4,"minecraft:cooked_porkchop":1,"minecraft:experience_bottle":1},"minecraft:crafted":{"minecraft:stone_pickaxe":1,"minecraft:wooden_shovel":1,"minecraft:crafting_table":1,"minecraft:wooden_pickaxe":1,"minecraft:stone_axe":1,"regions_unexplored:pine_planks":60,"minecraft:stick":8,"minecraft:wooden_axe":1}},"DataVersion":3465}