{"stats":{"minecraft:custom":{"minecraft:interact_with_smithing_table":2,"lootr:looted_stat":58,"minecraft:mob_kills":152,"minecraft:animals_bred":1,"minecraft:interact_with_crafting_table":11,"minecraft:open_barrel":1,"minecraft:interact_with_campfire":10,"minecraft:damage_dealt_resisted":351,"minecraft:leave_game":3,"minecraft:time_since_death":1978,"minecraft:climb_one_cm":1560,"minecraft:damage_resisted":1969,"minecraft:sprint_one_cm":336601,"minecraft:walk_one_cm":510574,"minecraft:damage_blocked_by_shield":2943,"minecraft:drop":60,"minecraft:talked_to_villager":1,"minecraft:play_time":167607,"minecraft:deaths":55,"minecraft:sneak_time":2139,"minecraft:walk_under_water_one_cm":5436,"minecraft:jump":2443,"minecraft:interact_with_brewingstand":1,"minecraft:walk_on_water_one_cm":23778,"minecraft:total_world_time":167607,"minecraft:interact_with_furnace":7,"tombstone:raider_killed":13,"minecraft:sleep_in_bed":1,"minecraft:time_since_rest":1755,"minecraft:damage_taken":18219,"minecraft:damage_dealt":28053,"minecraft:swim_one_cm":49212,"minecraft:fly_one_cm":521888,"minecraft:player_kills":6,"minecraft:open_chest":3,"minecraft:crouch_one_cm":2548,"tombstone:undead_killed":66,"minecraft:fall_one_cm":69858},"minecraft:killed_by":{"terramity:elite_skeleton":8,"minecraft:player":2,"born_in_chaos_v1:baby_skeleton_minion":1,"minecraft:wither_skeleton":16,"irons_spellbooks:pyromancer":2,"minecraft:stray":9,"born_in_chaos_v1:zombie_fisherman":1,"minecraft:slime":1,"terramity:simple_turret":2,"evilcraft:vengeance_spirit":1,"man:managgresive":2,"apollyon:the_damned":2,"undead_revamp2:bomber":1,"minecraft:hoglin":1,"minecraft:skeleton":1,"born_in_chaos_v1:dread_hound":1},"minecraft:dropped":{"minecraft:iron_sword":1,"minecraft:wheat_seeds":64,"terramity:electronic_scrap":6,"minecraft:oak_log":6,"minecraft:lilac":1,"minecraft:ender_pearl":1,"minecraft:mossy_cobblestone":3,"minecraft:glass_bottle":64,"minecraft:iron_helmet":1,"regions_unexplored:pine_sapling":4,"minecraft:chainmail_helmet":2,"minecraft:coal":21,"minecraft:dirt":4,"minecraft:gray_wool":1,"minecraft:grass":1,"iceandfire:copper_nugget":17,"minecraft:wooden_axe":1,"minecraft:rose_bush":7,"regions_unexplored:silver_birch_leaf_pile":4,"minecraft:paper":5,"minecraft:string":4,"irons_spellbooks:frozen_bone":40,"minecraft:bone":3,"minecraft:gravel":14,"minecraft:stone_axe":1,"regions_unexplored:pine_planks":12,"minecraft:player_head":1,"minecraft:andesite_slab":2,"minecraft:wheat":128,"minecraft:oak_planks":32,"minecraft:iron_boots":1,"crittersandcompanions:silk":5,"minecraft:rabbit_hide":2,"supplementaries:ash":2,"minecraft:turtle_helmet":1,"minecraft:gunpowder":2,"crittersandcompanions:koi_fish":1,"born_in_chaos_v1:corpse_maggot":1,"apotheosis:gem":1,"born_in_chaos_v1:spiritual_guide_sombrero_helmet":1,"minecraft:oak_sapling":2,"minecraft:spider_eye":1,"minecraft:wooden_pickaxe":1,"minecraft:stone_pickaxe":1},"minecraft:killed":{"born_in_chaos_v1:zombie_lumberjack":1,"minecraft:spider":2,"alexsmobs:tasmanian_devil":2,"minecraft:slime":1,"born_in_chaos_v1:siamese_skeletonsright":1,"born_in_chaos_v1:baby_skeleton_minion":3,"born_in_chaos_v1:maggot":2,"minecraft:phantom":13,"minecraft:skeleton":2,"minecraft:chicken":2,"undead_revamp2:crackleball":20,"born_in_chaos_v1:bonescaller":1,"minecraft:pig":3,"born_in_chaos_v1:pumpkin_dunce":1,"born_in_chaos_v1:baby_skeleton":1,"undead_revamp2:the_moonflower":1,"terramity:elite_skeleton":9,"undead_revamp2:theheavy":1,"minecraft:hoglin":9,"minecraft:creeper":1,"born_in_chaos_v1:decrepit_skeleton":2,"terramity:green_fairy":1,"born_in_chaos_v1:zombie_fisherman":1,"born_in_chaos_v1:decaying_zombie":1,"minecraft:zombie":7,"born_in_chaos_v1:corpse_fly":4,"minecraft:stray":8,"crittersandcompanions:koi_fish":1,"minecraft:wither_skeleton":13,"minecraft:cow":6,"born_in_chaos_v1:siamese_skeletonsleft":1},"minecraft:mined":{"minecraft:dark_prismarine":10,"minecraft:spruce_planks":2,"minecraft:candle":10,"iceandfire:copper_pile":2,"minecraft:grass_block":3,"regions_unexplored:maple_leaves":2,"regions_unexplored:pine_planks":3,"terramity:stone_tiles":1,"minecraft:spawner":9,"minecraft:black_stained_glass_pane":1,"minecraft:large_fern":1,"minecraft:carrots":5,"regions_unexplored:mossy_stone":6,"regions_unexplored:orange_maple_leaves":1,"regions_unexplored:pine_leaves":4,"minecraft:potatoes":4,"minecraft:cobblestone_slab":1,"iceandfire:gold_pile":3,"crittersandcompanions:silk_cocoon":1,"regions_unexplored:medium_grass":4,"minecraft:stone":5,"minecraft:tripwire":1,"regions_unexplored:silver_birch_leaf_pile":1,"minecraft:amethyst_cluster":1,"minecraft:crafting_table":4,"minecraft:rose_bush":8,"minecraft:andesite_slab":3,"minecraft:tall_grass":1,"minecraft:cobblestone":5,"minecraft:oak_planks":2,"regions_unexplored:pine_log":34,"minecraft:gray_wool":2,"minecraft:wheat":44,"terramity:grate":2,"minecraft:light_gray_wool":1,"minecraft:grass":3,"minecraft:oak_log":11,"iceandfire:silver_pile":3,"minecraft:beetroots":2,"minecraft:gravel":15,"minecraft:dirt":1,"minecraft:cobweb":3,"minecraft:cracked_stone_bricks":2,"minecraft:acacia_planks":3,"minecraft:stripped_acacia_wood":2,"minecraft:stone_bricks":7,"minecraft:oak_leaves":4,"minecraft:fern":1},"minecraft:picked_up":{"minecraft:crafting_table":2,"minecraft:wheat":107,"iceandfire:witherbone":3,"minecraft:chicken":1,"terramity:fairy_dust":2,"minecraft:string":7,"minecraft:item_frame":7,"minecraft:iron_shovel":1,"minecraft:experience_bottle":1,"terramity:electronic_scrap":1,"terramity:accursed_soul":26,"minecraft:candle":40,"regions_unexplored:pine_log":30,"minecraft:gold_nugget":18,"minecraft:spruce_planks":4,"minecraft:beef":4,"born_in_chaos_v1:smoldering_infernal_ember":1,"minecraft:rose_bush":8,"crittersandcompanions:koi_fish":1,"minecraft:tipped_arrow":3,"minecraft:stick":3,"apotheosis:gem":1,"regions_unexplored:silver_birch_leaf_pile":4,"sophisticatedbackpacks:backpack":1,"minecraft:porkchop":6,"tombstone:grave_dust":3,"minecraft:arrow":12,"crittersandcompanions:silk":5,"minecraft:cobblestone":5,"born_in_chaos_v1:corpse_maggot":2,"minecraft:cooked_beef":4,"minecraft:lilac":1,"minecraft:leather":4,"minecraft:acacia_wood":1,"minecraft:potato":6,"paraglider:spirit_orb":18,"minecraft:flint":1,"minecraft:oak_log":17,"evilcraft:flesh_humanoid":1,"minecraft:gunpowder":2,"scguns:pebbles":9,"minecraft:dirt":4,"minecraft:paper":4,"minecraft:bone":17,"minecraft:acacia_planks":3,"minecraft:bow":1,"minecraft:wheat_seeds":116,"minecraft:rabbit_hide":2,"minecraft:stone_pickaxe":1,"born_in_chaos_v1:caramel_pepper":1,"terramity:music_sheet_of_untimely_death":5,"minecraft:iron_sword":2,"minecraft:oak_planks":7,"minecraft:book":5,"iceandfire:copper_nugget":14,"irons_spellbooks:frozen_bone":36,"minecraft:cooked_porkchop":3,"irons_spellbooks:legendary_ink":1,"regions_unexplored:pine_sapling":4,"regions_unexplored:pine_planks":15,"minecraft:gravel":14,"minecraft:amethyst_shard":4,"minecraft:lily_of_the_valley":2,"minecraft:spider_eye":1,"minecraft:mossy_cobblestone":6,"minecraft:dark_prismarine":1,"minecraft:stone_axe":1,"minecraft:gray_wool":2,"minecraft:emerald":1,"minecraft:chainmail_helmet":2,"minecraft:oak_sapling":2,"terramity:gold_round":14,"iceandfire:silver_nugget":10,"minecraft:andesite_slab":2,"minecraft:ender_pearl":1},"minecraft:used":{"regions_unexplored:pine_planks":48,"minecraft:trident":1,"minecraft:rose_bush":1,"minecraft:iron_shovel":1,"minecraft:shield":65,"minecraft:iron_sword":198,"minecraft:wooden_shovel":17,"minecraft:wooden_axe":11,"born_in_chaos_v1:corpse_maggot":1,"minecraft:iron_axe":10,"minecraft:iron_helmet":1,"born_in_chaos_v1:caramel_pepper":1,"supplementaries:ash":2,"minecraft:netherite_pickaxe":20,"tombstone:gift":2,"minecraft:cooked_beef":4,"minecraft:potato":17,"minecraft:wheat_seeds":53,"minecraft:stone_pickaxe":9,"minecraft:oak_planks":2,"minecraft:wooden_pickaxe":8,"minecraft:crafting_table":5,"simplyswords:mjolnir":536,"minecraft:bread":5,"minecraft:string":1,"minecraft:iron_pickaxe":21,"tombstone:grave_key":49,"minecraft:stone_axe":4,"minecraft:cobblestone":2,"minecraft:cooked_porkchop":3,"minecraft:experience_bottle":1},"minecraft:broken":{"minecraft:iron_boots":2,"minecraft:iron_chestplate":1,"minecraft:shield":1},"minecraft:crafted":{"minecraft:oak_planks":44,"minecraft:stone_pickaxe":1,"minecraft:wooden_shovel":1,"minecraft:crafting_table":3,"minecraft:wooden_pickaxe":1,"minecraft:stone_axe":1,"regions_unexplored:pine_planks":60,"minecraft:stick":8,"quark:oak_chest":1,"minecraft:wooden_axe":1}},"DataVersion":3465}