{"stats":{"minecraft:dropped":{"minecraft:enchanted_book":3,"minecraft:bread":6,"minecraft:lilac":1,"minecraft:lantern":2,"man:cassette_1safetyinstructions":1,"minecraft:apple":5,"minecraft:leather":11,"ars_nouveau:worn_notebook":1,"minecraft:torch":1,"minecraft:dark_oak_trapdoor":1,"tombstone:grave_dust":1,"irons_spellbooks:arcane_essence":6,"graveyard:gray_urn":1,"minecraft:chainmail_leggings":1,"minecraft:white_wool":7,"create:raw_zinc":3,"irons_spellbooks:blank_rune":1,"alexsmobs:animal_dictionary":1,"ars_nouveau:archwood_planks":1,"terramity:spiteful_soul":3,"minecraft:oak_planks":64,"sophisticatedbackpacks:backpack":1,"minecraft:stone_slab":1,"patchouli:guide_book":4,"supplementaries:ash":5,"minecraft:potato":12,"minecraft:turtle_helmet":1,"regions_unexplored:red_lupine":1,"apotheosis:gem":3,"terramity:accursed_soul":10,"minecraft:oak_sapling":64,"minecraft:arrow":1,"minecraft:bell":1,"minecraft:terracotta":15},"minecraft:killed":{"born_in_chaos_v1:mr_pumpkin":1,"irons_spellbooks:summoned_zombie":4,"undead_revamp2:thehunter":2,"minecraft:witch":15,"born_in_chaos_v1:restless_spirit":1,"born_in_chaos_v1:skeleton_demoman":1,"born_in_chaos_v1:sir_the_headless":1,"minecraft:spider":1,"born_in_chaos_v1:zombie_bruiser":1,"born_in_chaos_v1:maggot":1,"minecraft:skeleton":14,"scguns:redcoat":2,"minecraft:chicken":1,"irons_spellbooks:summoned_skeleton":2,"terramity:blue_fairy":1,"born_in_chaos_v1:felsteed":1,"minecraft:pig":1,"undead_revamp2:the_moonflower":1,"terramity:elite_skeleton":10,"irons_spellbooks:necromancer":1,"born_in_chaos_v1:decrepit_skeleton":1,"minecraft:sheep":1,"terramity:simple_turret":1,"minecraft:zombie":6,"born_in_chaos_v1:dread_hound":1,"born_in_chaos_v1:mrs_pumpkin":1,"born_in_chaos_v1:door_knight":1,"minecraft:cow":3},"minecraft:broken":{"minecraft:iron_boots":1,"minecraft:iron_chestplate":1,"minecraft:iron_leggings":1,"minecraft:shield":2,"minecraft:iron_sword":1,"minecraft:iron_helmet":1},"minecraft:picked_up":{"collectorsalbum:uncommon_card_pack":1,"minecraft:crafting_table":5,"minecraft:wheat":2,"minecraft:chicken":1,"minecraft:stone_slab":1,"regions_unexplored:silt_dirt":37,"minecraft:oak_stairs":1,"minecraft:potion":1,"minecraft:enchanted_book":3,"minecraft:raw_copper":37,"minecraft:red_bed":2,"minecraft:string":3,"minecraft:dark_oak_trapdoor":1,"regions_unexplored:poppy_bush":1,"collectorsalbum:legendary_card_pack":1,"terramity:electronic_scrap":3,"terramity:accursed_soul":45,"minecraft:spruce_planks":3,"minecraft:beef":8,"born_in_chaos_v1:smoldering_infernal_ember":1,"scguns:musket":1,"minecraft:stick":10,"apotheosis:gem":8,"ars_nouveau:purple_archwood_log":41,"minecraft:torch":3,"minecraft:spruce_stairs":1,"minecraft:spruce_fence":1,"sophisticatedbackpacks:backpack":1,"ars_nouveau:purple_archwood_sapling":16,"minecraft:porkchop":6,"minecraft:carrot":1,"minecraft:redstone":7,"minecraft:arrow":12,"minecraft:rotten_flesh":13,"create:clipboard":1,"graveyard:gray_urn":1,"terramity:spiteful_soul":3,"supplementaries:ash":5,"minecraft:mutton":12,"minecraft:white_wool":7,"minecraft:cobblestone":61,"minecraft:feather":2,"minecraft:lilac":1,"born_in_chaos_v1:monster_flesh":1,"minecraft:brown_wool":1,"minecraft:leather":26,"minecraft:red_glazed_terracotta":1,"paraglider:spirit_orb":10,"minecraft:oak_log":88,"minecraft:chainmail_chestplate":1,"regions_unexplored:red_lupine":2,"minecraft:gunpowder":1,"minecraft:dirt":2,"minecraft:lantern":2,"tombstone:gift":1,"born_in_chaos_v1:monster_skin":1,"scguns:powder_and_ball":1,"minecraft:bone":35,"minecraft:stone_bricks":5,"minecraft:bow":1,"minecraft:wheat_seeds":4,"minecraft:bell":1,"minecraft:iron_ingot":17,"minecraft:glowstone_dust":1,"terramity:music_sheet_of_untimely_death":3,"minecraft:iron_sword":1,"minecraft:oak_planks":100,"endrem:witch_pupil":5,"minecraft:spider_eye":1,"minecraft:sugar":3,"collectorsalbum:epic_card_pack":1,"minecraft:chainmail_leggings":1,"minecraft:iron_helmet":1,"minecraft:granite":4,"minecraft:bread":2,"minecraft:terracotta":20,"tombstone:magic_scroll":1,"minecraft:oak_sapling":64,"minecraft:coal":9,"terramity:gold_round":58},"minecraft:killed_by":{"terramity:elite_skeleton":15,"undead_revamp2:the_moonflower":4,"born_in_chaos_v1:mr_pumpkin":1,"minecraft:creeper":4,"born_in_chaos_v1:sir_pumpkinhead_without_horse":2,"terramity:simple_turret":3,"man:managgresive":2,"irons_spellbooks:necromancer":1,"minecraft:skeleton":7,"born_in_chaos_v1:pumpkinhead":1,"minecraft:witch":6,"minecraft:zombie":1,"born_in_chaos_v1:door_knight":3,"born_in_chaos_v1:felsteed":1},"minecraft:crafted":{"minecraft:oak_planks":176,"ars_nouveau:archwood_planks":28,"minecraft:iron_nugget":27,"minecraft:furnace":1,"fabledweaponry:bulwark_iron":1,"sophisticatedbackpacks:iron_backpack":2,"scguns:gun_grip":1,"sophisticatedbackpacks:backpack":2,"minecraft:crafting_table":4,"minecraft:copper_ingot":1,"sophisticatedbackpacks:gold_backpack":2,"minecraft:air":0,"minecraft:charcoal":9,"minecraft:shield":1,"minecraft:stick":44,"quark:oak_chest":2,"minecraft:iron_ingot":3,"minecraft:wooden_axe":1,"minecraft:gold_ingot":9,"minecraft:torch":72},"minecraft:used":{"create:clipboard":11,"minecraft:trident":46,"minecraft:spruce_planks":1,"minecraft:shield":90,"minecraft:iron_sword":271,"minecraft:torch":39,"minecraft:tuff":1,"minecraft:wooden_axe":9,"minecraft:iron_axe":223,"minecraft:stone_bricks":4,"minecraft:furnace":1,"tombstone:gift":5,"scguns:musket":7,"minecraft:oak_planks":54,"minecraft:crafting_table":9,"minecraft:red_bed":1,"ars_nouveau:archwood_planks":20,"minecraft:oak_log":1,"minecraft:bread":1,"minecraft:string":4,"minecraft:iron_pickaxe":107,"ars_nouveau:purple_archwood_log":34,"tombstone:magic_scroll":4,"tombstone:grave_key":71,"minecraft:brush":25,"minecraft:experience_bottle":1},"minecraft:custom":{"minecraft:interact_with_smithing_table":1,"lootr:looted_stat":58,"minecraft:mob_kills":89,"minecraft:interact_with_crafting_table":43,"minecraft:open_barrel":1,"minecraft:damage_dealt_resisted":2082,"minecraft:leave_game":3,"minecraft:time_since_death":5452,"minecraft:climb_one_cm":14226,"minecraft:damage_resisted":0,"minecraft:sprint_one_cm":291485,"minecraft:walk_one_cm":623710,"minecraft:damage_blocked_by_shield":7203,"minecraft:drop":47,"minecraft:play_time":159533,"minecraft:deaths":51,"minecraft:sneak_time":2517,"minecraft:walk_under_water_one_cm":492,"minecraft:jump":2379,"minecraft:walk_on_water_one_cm":778,"minecraft:total_world_time":159533,"minecraft:interact_with_furnace":30,"tombstone:raider_killed":15,"minecraft:sleep_in_bed":1,"minecraft:time_since_rest":5424,"minecraft:damage_absorbed":1134,"minecraft:damage_taken":17823,"minecraft:damage_dealt":26098,"minecraft:swim_one_cm":1381,"minecraft:fly_one_cm":570978,"minecraft:open_chest":1,"minecraft:crouch_one_cm":12742,"tombstone:undead_killed":44,"minecraft:fall_one_cm":73761,"minecraft:horse_one_cm":140666},"minecraft:mined":{"minecraft:spruce_planks":1,"graveyard:gray_urn":1,"minecraft:granite":5,"minecraft:spruce_fence":1,"minecraft:spawner":6,"minecraft:fire":17,"regions_unexplored:medium_grass":2,"minecraft:stone":12,"regions_unexplored:windswept_grass":1,"ars_nouveau:purple_archwood_log":45,"minecraft:tripwire":1,"minecraft:podzol":2,"minecraft:scaffolding":1,"minecraft:red_bed":2,"minecraft:brick_wall":1,"minecraft:crafting_table":5,"realmrpg_skeletons:basic_skeleton":1,"minecraft:rose_bush":2,"minecraft:copper_ore":10,"minecraft:stone_slab":1,"minecraft:tall_grass":13,"minecraft:red_glazed_terracotta":1,"minecraft:oak_planks":4,"minecraft:spruce_stairs":1,"realmrpg_skeletons:bow_skeleton":1,"minecraft:lilac":2,"minecraft:birch_leaves":2,"minecraft:grass":9,"minecraft:oak_log":115,"minecraft:coal_ore":8,"minecraft:terracotta":20,"minecraft:stone_bricks":5}},"DataVersion":3465}