{"stats":{"minecraft:broken":{"minecraft:iron_boots":1,"minecraft:iron_chestplate":1,"minecraft:iron_leggings":1,"minecraft:shield":2,"minecraft:iron_helmet":1},"minecraft:killed":{"undead_revamp2:thehunter":2,"irons_spellbooks:summoned_zombie":1,"born_in_chaos_v1:restless_spirit":1,"born_in_chaos_v1:skeleton_demoman":1,"minecraft:spider":1,"born_in_chaos_v1:maggot":1,"minecraft:skeleton":5,"scguns:redcoat":1,"irons_spellbooks:summoned_skeleton":2,"terramity:blue_fairy":1,"minecraft:pig":1,"undead_revamp2:the_moonflower":1,"terramity:elite_skeleton":10,"minecraft:sheep":1,"terramity:simple_turret":1,"minecraft:zombie":6,"born_in_chaos_v1:dread_hound":1,"born_in_chaos_v1:mrs_pumpkin":1,"minecraft:cow":3},"minecraft:used":{"create:clipboard":11,"minecraft:shield":68,"minecraft:iron_sword":47,"minecraft:torch":3,"minecraft:tuff":1,"minecraft:wooden_axe":9,"minecraft:iron_axe":89,"minecraft:stone_bricks":4,"tombstone:gift":3,"minecraft:crafting_table":4,"minecraft:red_bed":1,"ars_nouveau:archwood_planks":20,"minecraft:oak_log":1,"minecraft:bread":1,"minecraft:string":4,"minecraft:iron_pickaxe":37,"ars_nouveau:purple_archwood_log":34,"tombstone:magic_scroll":4,"tombstone:grave_key":35,"minecraft:brush":25,"minecraft:experience_bottle":1},"minecraft:picked_up":{"collectorsalbum:uncommon_card_pack":1,"minecraft:crafting_table":2,"minecraft:stone_slab":1,"regions_unexplored:silt_dirt":37,"minecraft:enchanted_book":3,"minecraft:red_bed":2,"minecraft:string":3,"minecraft:dark_oak_trapdoor":1,"regions_unexplored:poppy_bush":1,"terramity:electronic_scrap":3,"terramity:accursed_soul":21,"minecraft:beef":8,"scguns:musket":1,"apotheosis:gem":5,"minecraft:stick":4,"ars_nouveau:purple_archwood_log":41,"minecraft:torch":3,"minecraft:porkchop":3,"ars_nouveau:purple_archwood_sapling":16,"minecraft:arrow":5,"minecraft:rotten_flesh":5,"create:clipboard":1,"graveyard:gray_urn":1,"terramity:spiteful_soul":3,"supplementaries:ash":5,"minecraft:lilac":1,"minecraft:leather":26,"paraglider:spirit_orb":4,"minecraft:oak_log":88,"regions_unexplored:red_lupine":2,"minecraft:gunpowder":1,"minecraft:lantern":2,"scguns:powder_and_ball":1,"minecraft:bone":32,"minecraft:stone_bricks":5,"minecraft:wheat_seeds":4,"minecraft:bell":1,"minecraft:iron_ingot":17,"minecraft:iron_sword":1,"minecraft:oak_planks":100,"terramity:music_sheet_of_untimely_death":1,"minecraft:spider_eye":1,"minecraft:chainmail_leggings":1,"minecraft:iron_helmet":1,"minecraft:bread":2,"minecraft:terracotta":15,"tombstone:magic_scroll":1,"minecraft:oak_sapling":64,"minecraft:coal":1,"terramity:gold_round":58},"minecraft:custom":{"minecraft:interact_with_smithing_table":1,"lootr:looted_stat":37,"minecraft:mob_kills":53,"minecraft:interact_with_crafting_table":14,"minecraft:open_barrel":1,"minecraft:damage_dealt_resisted":30,"minecraft:leave_game":2,"minecraft:time_since_death":871,"minecraft:climb_one_cm":4012,"minecraft:damage_resisted":0,"minecraft:sprint_one_cm":210351,"minecraft:walk_one_cm":428230,"minecraft:damage_blocked_by_shield":6063,"minecraft:drop":45,"minecraft:play_time":98255,"minecraft:deaths":31,"minecraft:sneak_time":1104,"minecraft:walk_under_water_one_cm":492,"minecraft:jump":1412,"minecraft:walk_on_water_one_cm":778,"minecraft:total_world_time":98255,"minecraft:interact_with_furnace":12,"minecraft:sleep_in_bed":1,"minecraft:time_since_rest":544,"minecraft:damage_taken":10065,"minecraft:damage_dealt":8431,"minecraft:swim_one_cm":1381,"minecraft:fly_one_cm":363235,"minecraft:open_chest":1,"minecraft:crouch_one_cm":10099,"tombstone:undead_killed":28,"minecraft:fall_one_cm":43909,"minecraft:horse_one_cm":140666},"minecraft:killed_by":{"terramity:elite_skeleton":15,"undead_revamp2:the_moonflower":4,"minecraft:creeper":4,"terramity:simple_turret":3,"man:managgresive":1,"irons_spellbooks:necromancer":1,"minecraft:skeleton":2,"minecraft:zombie":1},"minecraft:crafted":{"minecraft:oak_planks":112,"ars_nouveau:archwood_planks":28,"sophisticatedbackpacks:iron_backpack":1,"sophisticatedbackpacks:backpack":2,"minecraft:crafting_table":2,"sophisticatedbackpacks:gold_backpack":1,"minecraft:air":0,"minecraft:shield":1,"quark:oak_chest":2,"minecraft:iron_ingot":3,"minecraft:wooden_axe":1,"minecraft:gold_ingot":9},"minecraft:dropped":{"minecraft:enchanted_book":3,"minecraft:bread":6,"minecraft:lilac":1,"minecraft:lantern":2,"man:cassette_1safetyinstructions":1,"minecraft:leather":11,"minecraft:apple":5,"ars_nouveau:worn_notebook":1,"minecraft:torch":1,"minecraft:dark_oak_trapdoor":1,"tombstone:grave_dust":1,"irons_spellbooks:arcane_essence":6,"graveyard:gray_urn":1,"minecraft:chainmail_leggings":1,"minecraft:white_wool":7,"create:raw_zinc":3,"irons_spellbooks:blank_rune":1,"alexsmobs:animal_dictionary":1,"ars_nouveau:archwood_planks":1,"terramity:spiteful_soul":3,"minecraft:oak_planks":64,"minecraft:stone_slab":1,"patchouli:guide_book":4,"supplementaries:ash":5,"minecraft:potato":12,"minecraft:turtle_helmet":1,"regions_unexplored:red_lupine":1,"apotheosis:gem":3,"terramity:accursed_soul":10,"minecraft:oak_sapling":64,"minecraft:bell":1,"minecraft:terracotta":15},"minecraft:mined":{"graveyard:gray_urn":1,"minecraft:granite":3,"minecraft:spawner":2,"minecraft:fire":17,"regions_unexplored:medium_grass":2,"ars_nouveau:purple_archwood_log":45,"minecraft:tripwire":1,"minecraft:scaffolding":1,"minecraft:red_bed":2,"minecraft:brick_wall":1,"minecraft:crafting_table":2,"realmrpg_skeletons:basic_skeleton":1,"minecraft:rose_bush":2,"minecraft:stone_slab":1,"minecraft:tall_grass":13,"minecraft:oak_planks":4,"minecraft:lilac":2,"minecraft:grass":8,"minecraft:oak_log":115,"minecraft:terracotta":15,"minecraft:stone_bricks":5}},"DataVersion":3465}