{"stats":{"minecraft:broken":{"minecraft:shield":1},"minecraft:killed":{"minecraft:pig":1,"undead_revamp2:thehunter":1,"undead_revamp2:the_moonflower":1,"minecraft:spider":1,"terramity:elite_skeleton":2,"born_in_chaos_v1:maggot":1,"minecraft:skeleton":2,"minecraft:zombie":2},"minecraft:used":{"create:clipboard":11,"minecraft:shield":57,"minecraft:torch":1,"minecraft:crafting_table":2,"ars_nouveau:archwood_planks":20,"minecraft:oak_log":1,"minecraft:wooden_axe":9,"minecraft:iron_axe":46,"minecraft:bread":1,"minecraft:string":4,"minecraft:iron_pickaxe":10,"ars_nouveau:purple_archwood_log":34,"tombstone:grave_key":2,"minecraft:stone_bricks":4,"tombstone:gift":2,"minecraft:brush":25,"minecraft:experience_bottle":1},"minecraft:picked_up":{"collectorsalbum:uncommon_card_pack":1,"minecraft:crafting_table":1,"minecraft:oak_log":1,"minecraft:string":1,"minecraft:red_bed":1,"minecraft:bone":6,"terramity:electronic_scrap":3,"minecraft:stone_bricks":5,"minecraft:stick":4,"ars_nouveau:purple_archwood_log":41,"ars_nouveau:purple_archwood_sapling":16,"minecraft:porkchop":3,"minecraft:rotten_flesh":2,"create:clipboard":1,"minecraft:chainmail_leggings":1,"graveyard:gray_urn":1,"minecraft:bread":2,"terramity:gold_round":7},"minecraft:custom":{"lootr:looted_stat":22,"minecraft:interact_with_furnace":1,"minecraft:mob_kills":12,"minecraft:interact_with_crafting_table":4,"minecraft:open_barrel":1,"minecraft:damage_dealt_resisted":0,"minecraft:leave_game":1,"minecraft:time_since_death":827,"minecraft:climb_one_cm":2165,"minecraft:damage_resisted":0,"minecraft:time_since_rest":644,"minecraft:sprint_one_cm":38468,"minecraft:damage_taken":2618,"minecraft:walk_one_cm":125601,"minecraft:damage_blocked_by_shield":3888,"minecraft:drop":10,"minecraft:damage_dealt":4428,"minecraft:swim_one_cm":138,"minecraft:fly_one_cm":59892,"minecraft:open_chest":1,"minecraft:crouch_one_cm":3880,"minecraft:play_time":38477,"tombstone:undead_killed":8,"minecraft:deaths":8,"minecraft:sneak_time":530,"minecraft:walk_under_water_one_cm":91,"minecraft:jump":327,"minecraft:walk_on_water_one_cm":125,"minecraft:total_world_time":38477,"minecraft:fall_one_cm":9830,"minecraft:horse_one_cm":140666},"minecraft:crafted":{"ars_nouveau:archwood_planks":28,"minecraft:crafting_table":1,"minecraft:wooden_axe":1},"minecraft:killed_by":{"terramity:elite_skeleton":2,"undead_revamp2:the_moonflower":4,"minecraft:skeleton":1,"minecraft:creeper":1},"minecraft:dropped":{"alexsmobs:animal_dictionary":1,"ars_nouveau:archwood_planks":1,"man:cassette_1safetyinstructions":1,"patchouli:guide_book":4,"ars_nouveau:worn_notebook":1,"graveyard:gray_urn":1,"minecraft:chainmail_leggings":1},"minecraft:mined":{"minecraft:red_bed":1,"graveyard:gray_urn":1,"minecraft:crafting_table":1,"realmrpg_skeletons:basic_skeleton":1,"minecraft:tall_grass":9,"minecraft:grass":7,"minecraft:oak_log":1,"regions_unexplored:medium_grass":1,"minecraft:stone_bricks":5,"ars_nouveau:purple_archwood_log":45,"minecraft:tripwire":1}},"DataVersion":3465}