{"stats":{"minecraft:broken":{"minecraft:shield":2,"minecraft:iron_boots":1,"minecraft:iron_helmet":1},"minecraft:killed":{"irons_spellbooks:summoned_zombie":1,"minecraft:pig":1,"undead_revamp2:thehunter":1,"undead_revamp2:the_moonflower":1,"minecraft:spider":1,"terramity:elite_skeleton":10,"born_in_chaos_v1:maggot":1,"minecraft:sheep":1,"minecraft:skeleton":2,"terramity:simple_turret":1,"minecraft:zombie":3,"irons_spellbooks:summoned_skeleton":2},"minecraft:used":{"create:clipboard":11,"minecraft:shield":66,"minecraft:torch":1,"minecraft:crafting_table":2,"minecraft:red_bed":1,"ars_nouveau:archwood_planks":20,"minecraft:tuff":1,"minecraft:oak_log":1,"minecraft:wooden_axe":9,"minecraft:iron_axe":80,"minecraft:bread":1,"minecraft:string":4,"minecraft:iron_pickaxe":36,"ars_nouveau:purple_archwood_log":34,"tombstone:grave_key":31,"minecraft:stone_bricks":4,"tombstone:gift":3,"minecraft:brush":25,"minecraft:experience_bottle":1},"minecraft:picked_up":{"collectorsalbum:uncommon_card_pack":1,"minecraft:crafting_table":1,"minecraft:stone_slab":1,"paraglider:spirit_orb":4,"minecraft:enchanted_book":3,"minecraft:oak_log":1,"minecraft:string":1,"minecraft:red_bed":2,"minecraft:bone":30,"terramity:electronic_scrap":3,"terramity:accursed_soul":7,"minecraft:stone_bricks":5,"minecraft:iron_ingot":1,"minecraft:iron_sword":1,"apotheosis:gem":4,"minecraft:stick":4,"ars_nouveau:purple_archwood_log":41,"minecraft:torch":3,"ars_nouveau:purple_archwood_sapling":16,"minecraft:porkchop":3,"minecraft:arrow":1,"minecraft:rotten_flesh":2,"create:clipboard":1,"minecraft:chainmail_leggings":1,"graveyard:gray_urn":1,"minecraft:bread":2,"minecraft:terracotta":15,"supplementaries:ash":1,"tombstone:magic_scroll":1,"minecraft:oak_sapling":64,"terramity:gold_round":58},"minecraft:custom":{"lootr:looted_stat":25,"minecraft:interact_with_furnace":1,"minecraft:mob_kills":33,"minecraft:interact_with_crafting_table":4,"minecraft:open_barrel":1,"minecraft:damage_dealt_resisted":0,"minecraft:leave_game":1,"minecraft:time_since_death":6043,"minecraft:climb_one_cm":2311,"minecraft:damage_resisted":0,"minecraft:time_since_rest":5827,"minecraft:sprint_one_cm":115484,"minecraft:damage_taken":8204,"minecraft:walk_one_cm":295747,"minecraft:damage_blocked_by_shield":5913,"minecraft:drop":26,"minecraft:damage_dealt":6100,"minecraft:swim_one_cm":138,"minecraft:fly_one_cm":181040,"minecraft:open_chest":1,"minecraft:crouch_one_cm":9107,"minecraft:play_time":62477,"tombstone:undead_killed":20,"minecraft:deaths":26,"minecraft:sneak_time":901,"minecraft:walk_under_water_one_cm":91,"minecraft:jump":637,"minecraft:walk_on_water_one_cm":125,"minecraft:total_world_time":62477,"minecraft:fall_one_cm":22445,"minecraft:horse_one_cm":140666},"minecraft:crafted":{"ars_nouveau:archwood_planks":28,"minecraft:crafting_table":1,"minecraft:wooden_axe":1},"minecraft:killed_by":{"terramity:elite_skeleton":15,"undead_revamp2:the_moonflower":4,"irons_spellbooks:necromancer":1,"minecraft:skeleton":1,"minecraft:creeper":2,"terramity:simple_turret":3},"minecraft:dropped":{"minecraft:enchanted_book":3,"minecraft:bread":6,"irons_spellbooks:blank_rune":1,"alexsmobs:animal_dictionary":1,"ars_nouveau:archwood_planks":1,"man:cassette_1safetyinstructions":1,"minecraft:apple":5,"minecraft:stone_slab":1,"patchouli:guide_book":4,"minecraft:potato":12,"supplementaries:ash":1,"ars_nouveau:worn_notebook":1,"minecraft:torch":1,"apotheosis:gem":2,"minecraft:oak_sapling":64,"terramity:accursed_soul":3,"tombstone:grave_dust":1,"irons_spellbooks:arcane_essence":6,"graveyard:gray_urn":1,"minecraft:chainmail_leggings":1},"minecraft:mined":{"minecraft:red_bed":2,"graveyard:gray_urn":1,"minecraft:brick_wall":1,"minecraft:crafting_table":1,"minecraft:granite":2,"realmrpg_skeletons:basic_skeleton":1,"minecraft:rose_bush":2,"minecraft:stone_slab":1,"minecraft:tall_grass":9,"minecraft:oak_planks":4,"minecraft:spawner":2,"minecraft:lilac":1,"minecraft:grass":7,"minecraft:oak_log":1,"regions_unexplored:medium_grass":2,"minecraft:terracotta":15,"minecraft:stone_bricks":5,"ars_nouveau:purple_archwood_log":45,"minecraft:tripwire":1}},"DataVersion":3465}