{"stats":{"minecraft:killed":{"minecraft:zombie":1,"minecraft:pig":1},"minecraft:picked_up":{"minecraft:crafting_table":1,"minecraft:stick":4,"ars_nouveau:purple_archwood_log":41,"ars_nouveau:purple_archwood_sapling":16,"minecraft:porkchop":3,"minecraft:oak_log":1,"minecraft:red_bed":1,"minecraft:bone":2,"create:clipboard":1,"minecraft:stone_bricks":5,"graveyard:gray_urn":1,"minecraft:bread":2},"minecraft:used":{"create:clipboard":11,"minecraft:oak_log":1,"minecraft:wooden_axe":9,"minecraft:iron_axe":2,"minecraft:bread":1,"minecraft:iron_pickaxe":10,"minecraft:shield":16,"minecraft:stone_bricks":4,"minecraft:crafting_table":1,"minecraft:brush":25},"minecraft:custom":{"minecraft:time_since_rest":19325,"minecraft:interact_with_furnace":1,"lootr:looted_stat":18,"minecraft:sprint_one_cm":29514,"minecraft:damage_taken":435,"minecraft:walk_one_cm":47302,"minecraft:damage_blocked_by_shield":480,"minecraft:mob_kills":2,"minecraft:drop":9,"minecraft:damage_dealt":370,"minecraft:swim_one_cm":138,"minecraft:interact_with_crafting_table":4,"minecraft:fly_one_cm":51455,"minecraft:open_barrel":1,"minecraft:open_chest":1,"minecraft:crouch_one_cm":3588,"tombstone:undead_killed":1,"minecraft:play_time":26477,"minecraft:deaths":1,"minecraft:sneak_time":423,"minecraft:walk_under_water_one_cm":91,"minecraft:jump":271,"minecraft:damage_dealt_resisted":0,"minecraft:leave_game":1,"minecraft:walk_on_water_one_cm":125,"minecraft:time_since_death":19654,"minecraft:climb_one_cm":2165,"minecraft:total_world_time":26477,"minecraft:fall_one_cm":5423,"minecraft:horse_one_cm":140666},"minecraft:killed_by":{"minecraft:skeleton":1},"minecraft:crafted":{"ars_nouveau:archwood_planks":8,"minecraft:crafting_table":1,"minecraft:wooden_axe":1},"minecraft:dropped":{"ars_nouveau:worn_notebook":1,"alexsmobs:animal_dictionary":1,"ars_nouveau:archwood_planks":1,"man:cassette_1safetyinstructions":1,"graveyard:gray_urn":1,"patchouli:guide_book":4},"minecraft:mined":{"minecraft:red_bed":1,"graveyard:gray_urn":1,"minecraft:crafting_table":1,"minecraft:grass":7,"minecraft:oak_log":1,"realmrpg_skeletons:basic_skeleton":1,"minecraft:tall_grass":9,"regions_unexplored:medium_grass":1,"minecraft:stone_bricks":5,"ars_nouveau:purple_archwood_log":45}},"DataVersion":3465}