{"stats":{"minecraft:custom":{"minecraft:interact_with_smithing_table":1,"lootr:looted_stat":4,"minecraft:interact_with_furnace":7,"minecraft:mob_kills":14,"minecraft:animals_bred":1,"minecraft:interact_with_crafting_table":5,"minecraft:damage_dealt_resisted":0,"minecraft:leave_game":1,"minecraft:time_since_death":10010,"minecraft:sleep_in_bed":1,"minecraft:climb_one_cm":406,"minecraft:damage_resisted":0,"minecraft:time_since_rest":9734,"minecraft:sprint_one_cm":76816,"minecraft:damage_taken":1950,"minecraft:walk_one_cm":130405,"minecraft:drop":8,"minecraft:damage_dealt":2845,"minecraft:swim_one_cm":8871,"minecraft:player_kills":1,"minecraft:fly_one_cm":164108,"minecraft:crouch_one_cm":27,"minecraft:play_time":50523,"tombstone:undead_killed":9,"minecraft:deaths":6,"minecraft:sneak_time":67,"minecraft:walk_under_water_one_cm":558,"minecraft:jump":688,"minecraft:walk_on_water_one_cm":2405,"minecraft:total_world_time":50523,"minecraft:fall_one_cm":13985},"minecraft:killed_by":{"man:managgresive":1,"minecraft:player":2,"minecraft:stray":3},"minecraft:dropped":{"minecraft:gravel":14,"minecraft:lilac":1,"regions_unexplored:pine_sapling":4,"minecraft:grass":1,"crittersandcompanions:koi_fish":1,"minecraft:wooden_axe":1,"minecraft:rose_bush":7,"minecraft:wooden_pickaxe":1},"minecraft:killed":{"born_in_chaos_v1:pumpkin_dunce":1,"born_in_chaos_v1:baby_skeleton":1,"born_in_chaos_v1:decrepit_skeleton":1,"born_in_chaos_v1:maggot":2,"minecraft:skeleton":1,"born_in_chaos_v1:decaying_zombie":1,"minecraft:zombie":1,"minecraft:stray":4,"crittersandcompanions:koi_fish":1,"minecraft:cow":1},"minecraft:mined":{"iceandfire:copper_pile":2,"minecraft:crafting_table":2,"minecraft:grass_block":3,"minecraft:rose_bush":8,"minecraft:tall_grass":1,"regions_unexplored:pine_log":34,"minecraft:large_fern":1,"minecraft:carrots":5,"minecraft:wheat":44,"regions_unexplored:mossy_stone":6,"regions_unexplored:pine_leaves":3,"minecraft:grass":2,"minecraft:potatoes":4,"minecraft:beetroots":2,"iceandfire:silver_pile":3,"iceandfire:gold_pile":3,"minecraft:gravel":15,"minecraft:dirt":1,"minecraft:cobweb":3,"regions_unexplored:medium_grass":3,"minecraft:stone":5,"minecraft:fern":1},"minecraft:picked_up":{"minecraft:crafting_table":1,"minecraft:wheat":43,"minecraft:lilac":1,"minecraft:potato":6,"minecraft:flint":1,"scguns:pebbles":9,"minecraft:dirt":4,"minecraft:string":3,"minecraft:item_frame":5,"minecraft:experience_bottle":1,"minecraft:bone":7,"minecraft:bow":1,"minecraft:wheat_seeds":114,"minecraft:gold_nugget":18,"regions_unexplored:pine_log":30,"minecraft:beef":1,"born_in_chaos_v1:smoldering_infernal_ember":1,"minecraft:rose_bush":8,"crittersandcompanions:koi_fish":1,"born_in_chaos_v1:caramel_pepper":1,"minecraft:iron_sword":1,"minecraft:book":2,"minecraft:tipped_arrow":1,"minecraft:stick":3,"iceandfire:copper_nugget":14,"apotheosis:gem":1,"irons_spellbooks:frozen_bone":14,"regions_unexplored:pine_sapling":4,"minecraft:gravel":14,"tombstone:grave_dust":1,"minecraft:mossy_cobblestone":6,"minecraft:arrow":7,"minecraft:emerald":1,"iceandfire:silver_nugget":10,"minecraft:cobblestone":3},"minecraft:used":{"minecraft:wheat_seeds":53,"minecraft:rose_bush":1,"minecraft:stone_pickaxe":3,"minecraft:wooden_pickaxe":8,"minecraft:iron_sword":53,"minecraft:wooden_shovel":16,"minecraft:crafting_table":2,"minecraft:wooden_axe":11,"minecraft:bread":5,"minecraft:iron_helmet":1,"born_in_chaos_v1:caramel_pepper":1,"tombstone:grave_key":7,"minecraft:stone_axe":1,"tombstone:gift":2,"minecraft:potato":17,"minecraft:experience_bottle":1},"minecraft:crafted":{"minecraft:wooden_shovel":1,"minecraft:crafting_table":1,"minecraft:wooden_pickaxe":1,"minecraft:stone_axe":1,"regions_unexplored:pine_planks":20,"minecraft:stick":8,"minecraft:stone_pickaxe":1,"minecraft:wooden_axe":1}},"DataVersion":3465}