{"stats":{"minecraft:custom":{"lootr:looted_stat":62,"minecraft:animals_bred":1,"minecraft:interact_with_crafting_table":29,"minecraft:open_barrel":1,"minecraft:leave_game":5,"minecraft:time_since_death":393,"minecraft:damage_resisted":2592,"minecraft:sprint_one_cm":430625,"minecraft:damage_blocked_by_shield":3498,"minecraft:drop":67,"minecraft:talked_to_villager":2,"minecraft:play_time":216046,"minecraft:deaths":63,"minecraft:jump":3465,"minecraft:interact_with_brewingstand":1,"minecraft:walk_on_water_one_cm":44252,"minecraft:interact_with_furnace":12,"minecraft:interact_with_loom":2,"minecraft:sleep_in_bed":1,"minecraft:damage_dealt":36238,"minecraft:player_kills":6,"minecraft:crouch_one_cm":3527,"tombstone:undead_killed":86,"minecraft:interact_with_smithing_table":2,"minecraft:mob_kills":203,"minecraft:interact_with_campfire":10,"minecraft:damage_dealt_resisted":2554,"minecraft:climb_one_cm":1560,"minecraft:walk_one_cm":680976,"minecraft:damage_dealt_absorbed":33,"minecraft:sneak_time":2667,"minecraft:walk_under_water_one_cm":7550,"minecraft:total_world_time":216046,"tombstone:raider_killed":13,"minecraft:time_since_rest":169,"minecraft:damage_taken":22628,"minecraft:swim_one_cm":65429,"minecraft:fly_one_cm":762789,"minecraft:open_chest":3,"minecraft:fall_one_cm":120813},"minecraft:killed_by":{"terramity:elite_skeleton":8,"undead_revamp2:sucker":1,"minecraft:wither_skeleton":16,"irons_spellbooks:pyromancer":2,"born_in_chaos_v1:zombie_fisherman":1,"terramity:simple_turret":2,"man:managgresive":2,"undead_revamp2:bomber":2,"minecraft:zombie":1,"minecraft:player":2,"born_in_chaos_v1:baby_skeleton_minion":1,"minecraft:stray":9,"minecraft:slime":1,"evilcraft:vengeance_spirit":1,"apollyon:the_damned":2,"minecraft:hoglin":1,"minecraft:skeleton":2,"born_in_chaos_v1:dread_hound":2,"iceandfire:troll":1},"minecraft:dropped":{"minecraft:iron_sword":1,"minecraft:oak_log":6,"terramity:electronic_scrap":6,"minecraft:ender_pearl":1,"minecraft:glass_bottle":64,"minecraft:saddle":1,"minecraft:dirt":4,"minecraft:grass":1,"minecraft:bone":3,"minecraft:gravel":14,"minecraft:stone_axe":1,"minecraft:andesite_slab":2,"minecraft:wheat":128,"minecraft:rotten_flesh":13,"minecraft:oak_planks":33,"minecraft:rabbit_hide":2,"supplementaries:ash":2,"minecraft:turtle_helmet":1,"minecraft:gunpowder":2,"crittersandcompanions:koi_fish":1,"born_in_chaos_v1:corpse_maggot":1,"apotheosis:gem":1,"born_in_chaos_v1:spiritual_guide_sombrero_helmet":1,"minecraft:wheat_seeds":67,"minecraft:lilac":1,"minecraft:mossy_cobblestone":3,"minecraft:iron_helmet":1,"regions_unexplored:pine_sapling":4,"minecraft:chainmail_helmet":2,"minecraft:coal":21,"minecraft:gray_wool":1,"iceandfire:copper_nugget":17,"minecraft:wooden_axe":1,"minecraft:rose_bush":7,"terramity:bomb_charm":1,"regions_unexplored:silver_birch_leaf_pile":4,"minecraft:paper":5,"minecraft:string":4,"irons_spellbooks:frozen_bone":40,"regions_unexplored:pine_planks":12,"minecraft:player_head":1,"minecraft:iron_boots":1,"crittersandcompanions:silk":5,"iceandfire:silver_ingot":1,"minecraft:oak_sapling":2,"minecraft:golden_sword":1,"minecraft:spider_eye":1,"minecraft:stone_pickaxe":1,"minecraft:wooden_pickaxe":1},"minecraft:killed":{"scguns:swarm":1,"born_in_chaos_v1:zombie_lumberjack":2,"minecraft:spider":3,"born_in_chaos_v1:siamese_skeletonsright":2,"born_in_chaos_v1:baby_skeleton_minion":3,"minecraft:skeleton":4,"minecraft:bee":4,"minecraft:chicken":2,"alexsmobs:centipede_head":1,"undead_revamp2:crackleball":20,"undead_revamp2:thespitter":1,"born_in_chaos_v1:bonescaller":1,"minecraft:pig":3,"born_in_chaos_v1:diamond_termite":5,"born_in_chaos_v1:pumpkin_dunce":1,"undead_revamp2:theheavy":2,"minecraft:creeper":1,"born_in_chaos_v1:zombie_fisherman":1,"minecraft:zombie":16,"born_in_chaos_v1:dread_hound":1,"born_in_chaos_v1:corpse_fly":4,"minecraft:stray":8,"crittersandcompanions:koi_fish":1,"born_in_chaos_v1:door_knight":1,"minecraft:cow":6,"born_in_chaos_v1:siamese_skeletonsleft":2,"undead_revamp2:bigsucker":1,"alexsmobs:tasmanian_devil":2,"minecraft:slime":1,"born_in_chaos_v1:maggot":8,"minecraft:phantom":13,"born_in_chaos_v1:baby_spider":1,"born_in_chaos_v1:baby_skeleton":2,"undead_revamp2:the_moonflower":1,"terramity:elite_skeleton":9,"minecraft:hoglin":9,"born_in_chaos_v1:decrepit_skeleton":2,"terramity:green_fairy":1,"royalvariations:royal_zombie":1,"undead_revamp2:thesomnolence":1,"born_in_chaos_v1:decaying_zombie":1,"minecraft:wither_skeleton":13,"scguns:dissident":1},"minecraft:mined":{"create:deepslate_zinc_ore":12,"minecraft:spruce_planks":2,"iceandfire:copper_pile":2,"minecraft:grass_block":5,"minecraft:spawner":9,"minecraft:magma_block":7,"minecraft:iron_ore":3,"minecraft:fire":3,"regions_unexplored:mossy_stone":6,"regions_unexplored:pine_leaves":4,"iceandfire:gold_pile":3,"minecraft:dirt_path":1,"minecraft:tripwire":1,"minecraft:deepslate_redstone_ore":24,"minecraft:blackstone":10,"minecraft:amethyst_cluster":1,"minecraft:cobblestone":5,"minecraft:oak_planks":2,"regions_unexplored:pine_log":34,"minecraft:deepslate_copper_ore":3,"evilcraft:dark_ore_deepslate":6,"minecraft:wheat":44,"terramity:grate":2,"minecraft:light_gray_wool":1,"minecraft:grass":3,"minecraft:oak_log":11,"minecraft:beetroots":2,"minecraft:dirt":2,"minecraft:smooth_basalt":2,"regions_unexplored:prismoss_sprout":2,"minecraft:oak_leaves":4,"minecraft:deepslate":12,"scguns:sulfur_ore":1,"minecraft:dark_prismarine":10,"minecraft:tuff":7,"minecraft:deepslate_diamond_ore":11,"minecraft:candle":10,"born_in_chaos_v1:infected_diamond_ore":3,"born_in_chaos_v1:black_argillite":2,"regions_unexplored:maple_leaves":2,"regions_unexplored:pine_planks":3,"terramity:stone_tiles":1,"regions_unexplored:raw_redstone_block":7,"minecraft:large_fern":1,"minecraft:black_stained_glass_pane":1,"minecraft:carrots":5,"regions_unexplored:orange_maple_leaves":1,"minecraft:potatoes":4,"minecraft:deepslate_iron_ore":39,"minecraft:cobblestone_slab":1,"crittersandcompanions:silk_cocoon":1,"regions_unexplored:medium_grass":6,"scguns:deepslate_sulfur_ore":9,"minecraft:stone":48,"terramity:deepslate_dimlite_ore":3,"regions_unexplored:silver_birch_leaf_pile":1,"minecraft:crafting_table":8,"minecraft:rose_bush":8,"minecraft:andesite_slab":3,"minecraft:tall_grass":1,"minecraft:copper_ore":1,"minecraft:lapis_ore":3,"minecraft:deepslate_gold_ore":2,"quark:blackstone_furnace":1,"regions_unexplored:prismarite_cluster":2,"supplementaries:urn":12,"minecraft:gray_wool":2,"minecraft:bee_nest":1,"iceandfire:silver_pile":6,"minecraft:gravel":15,"minecraft:dripstone_block":3,"terramity:deepslate_iridescent_ore":4,"minecraft:cobweb":3,"minecraft:cracked_stone_bricks":2,"minecraft:acacia_planks":21,"minecraft:stripped_acacia_wood":2,"minecraft:stone_bricks":7,"minecraft:fern":1},"minecraft:picked_up":{"minecraft:wheat":107,"terramity:fairy_dust":2,"tombstone:grave_key":1,"minecraft:string":7,"regions_unexplored:prismarite_cluster":2,"minecraft:raw_copper":12,"minecraft:experience_bottle":1,"regions_unexplored:pine_log":30,"minecraft:gold_nugget":18,"minecraft:cobbled_deepslate":10,"minecraft:spruce_planks":10,"born_in_chaos_v1:smoldering_infernal_ember":1,"minecraft:rose_bush":8,"crittersandcompanions:koi_fish":1,"minecraft:tipped_arrow":3,"minecraft:stick":7,"apotheosis:gem":3,"minecraft:torch":5,"minecraft:porkchop":6,"tombstone:grave_dust":4,"regions_unexplored:raw_redstone_block":7,"minecraft:rotten_flesh":31,"supplementaries:ash":18,"minecraft:cobblestone":6,"minecraft:magma_block":5,"minecraft:cooked_beef":4,"minecraft:lilac":1,"minecraft:potato":6,"paraglider:spirit_orb":18,"minecraft:flint":1,"minecraft:tuff":7,"create:raw_zinc":12,"evilcraft:flesh_humanoid":1,"supplementaries:flax_seeds":4,"minecraft:lapis_lazuli":15,"minecraft:dirt":6,"minecraft:bone":25,"minecraft:acacia_planks":23,"minecraft:bow":1,"minecraft:wheat_seeds":116,"minecraft:raw_gold":2,"scguns:sulfur_chunk":24,"terramity:music_sheet_of_untimely_death":5,"minecraft:oak_planks":9,"minecraft:cooked_porkchop":3,"irons_spellbooks:frozen_bone":36,"irons_spellbooks:legendary_ink":1,"regions_unexplored:pine_sapling":4,"regions_unexplored:pine_planks":15,"quark:blackstone_furnace":1,"minecraft:lily_of_the_valley":2,"minecraft:mossy_cobblestone":6,"minecraft:dark_prismarine":1,"minecraft:diamond":10,"minecraft:emerald":1,"minecraft:chainmail_helmet":2,"minecraft:oak_sapling":2,"iceandfire:silver_nugget":20,"minecraft:andesite_slab":2,"minecraft:crafting_table":6,"iceandfire:witherbone":4,"minecraft:chicken":1,"minecraft:item_frame":7,"minecraft:iron_shovel":1,"terramity:electronic_scrap":1,"minecraft:blackstone":10,"terramity:accursed_soul":26,"minecraft:candle":40,"minecraft:beef":4,"minecraft:raw_iron":42,"regions_unexplored:silver_birch_leaf_pile":4,"sophisticatedbackpacks:backpack":1,"minecraft:redstone":85,"iceandfire:silver_ingot":1,"minecraft:arrow":13,"terramity:untapped_dimlite":3,"crittersandcompanions:silk":5,"minecraft:saddle":1,"minecraft:gold_ingot":2,"born_in_chaos_v1:fused_bone":1,"born_in_chaos_v1:corpse_maggot":2,"minecraft:leather":4,"minecraft:acacia_wood":1,"minecraft:oak_log":17,"minecraft:gunpowder":2,"scguns:pebbles":9,"minecraft:paper":4,"minecraft:rabbit_hide":2,"minecraft:iron_ingot":1,"minecraft:stone_pickaxe":1,"tombstone:bag_of_seeds":1,"born_in_chaos_v1:caramel_pepper":1,"minecraft:iron_sword":2,"minecraft:book":5,"iceandfire:copper_nugget":14,"minecraft:smooth_basalt":2,"minecraft:dripstone_block":1,"minecraft:gravel":14,"minecraft:amethyst_shard":4,"minecraft:spruce_log":1,"terramity:iridescent_shard":9,"minecraft:spider_eye":1,"minecraft:stone_axe":1,"evilcraft:dark_gem":27,"minecraft:gray_wool":2,"terramity:gold_round":14,"minecraft:ender_pearl":1},"minecraft:used":{"regions_unexplored:pine_planks":48,"minecraft:iron_shovel":4,"minecraft:shield":77,"minecraft:iron_sword":223,"born_in_chaos_v1:corpse_maggot":1,"minecraft:iron_helmet":1,"born_in_chaos_v1:caramel_pepper":1,"supplementaries:ash":2,"minecraft:potato":17,"minecraft:stone_pickaxe":9,"minecraft:oak_planks":2,"minecraft:ender_pearl":1,"minecraft:wooden_pickaxe":8,"simplyswords:mjolnir":577,"quark:blackstone_furnace":1,"minecraft:bread":5,"minecraft:string":1,"tombstone:grave_key":57,"minecraft:diamond_sword":99,"minecraft:experience_bottle":1,"minecraft:trident":1,"minecraft:rose_bush":1,"minecraft:wooden_shovel":17,"minecraft:wooden_axe":11,"minecraft:iron_axe":34,"minecraft:golden_carrot":9,"minecraft:netherite_pickaxe":265,"tombstone:gift":2,"minecraft:cooked_beef":4,"minecraft:wheat_seeds":53,"minecraft:crafting_table":10,"minecraft:iron_pickaxe":21,"minecraft:stone_axe":4,"minecraft:cobblestone":2,"minecraft:cooked_porkchop":3},"minecraft:broken":{"minecraft:diamond_helmet":1,"minecraft:iron_boots":2,"minecraft:iron_chestplate":2,"minecraft:shield":1},"minecraft:crafted":{"minecraft:oak_planks":44,"minecraft:wooden_shovel":1,"minecraft:crafting_table":4,"minecraft:wooden_pickaxe":1,"quark:blackstone_furnace":1,"minecraft:shield":1,"minecraft:stick":8,"sophisticatedbackpacks:diamond_backpack":1,"quark:oak_chest":1,"minecraft:iron_ingot":6,"minecraft:stone_pickaxe":1,"sophisticatedbackpacks:iron_backpack":1,"iceandfire:silver_ingot":1,"sophisticatedbackpacks:gold_backpack":1,"minecraft:stone_axe":1,"minecraft:air":0,"regions_unexplored:pine_planks":60,"minecraft:wooden_axe":1}},"DataVersion":3465}