{"stats":{"minecraft:custom":{"minecraft:interact_with_smithing_table":2,"lootr:looted_stat":4,"minecraft:interact_with_furnace":7,"minecraft:mob_kills":23,"minecraft:animals_bred":1,"minecraft:interact_with_crafting_table":5,"minecraft:interact_with_campfire":7,"minecraft:damage_dealt_resisted":0,"minecraft:leave_game":2,"minecraft:time_since_death":2455,"minecraft:sleep_in_bed":1,"minecraft:climb_one_cm":406,"minecraft:damage_resisted":0,"minecraft:time_since_rest":2244,"minecraft:sprint_one_cm":114812,"minecraft:damage_taken":4119,"minecraft:walk_one_cm":174177,"minecraft:drop":14,"minecraft:damage_dealt":4003,"minecraft:talked_to_villager":1,"minecraft:swim_one_cm":17883,"minecraft:player_kills":1,"minecraft:fly_one_cm":242376,"minecraft:crouch_one_cm":111,"minecraft:play_time":61537,"tombstone:undead_killed":13,"minecraft:deaths":13,"minecraft:sneak_time":109,"minecraft:walk_under_water_one_cm":1309,"minecraft:jump":1015,"minecraft:walk_on_water_one_cm":4398,"minecraft:total_world_time":61537,"minecraft:fall_one_cm":20832},"minecraft:killed_by":{"man:managgresive":1,"apollyon:the_damned":1,"minecraft:player":2,"minecraft:stray":9},"minecraft:dropped":{"minecraft:gravel":14,"minecraft:lilac":1,"minecraft:mossy_cobblestone":3,"regions_unexplored:pine_sapling":4,"minecraft:grass":1,"crittersandcompanions:koi_fish":1,"iceandfire:copper_nugget":17,"minecraft:wooden_axe":1,"minecraft:rose_bush":7,"minecraft:wooden_pickaxe":1,"minecraft:paper":1},"minecraft:mined":{"iceandfire:copper_pile":2,"minecraft:crafting_table":2,"minecraft:grass_block":3,"minecraft:rose_bush":8,"minecraft:tall_grass":1,"regions_unexplored:pine_log":34,"minecraft:spawner":3,"minecraft:large_fern":1,"minecraft:carrots":5,"minecraft:wheat":44,"regions_unexplored:mossy_stone":6,"regions_unexplored:pine_leaves":4,"minecraft:grass":2,"minecraft:potatoes":4,"minecraft:beetroots":2,"iceandfire:silver_pile":3,"iceandfire:gold_pile":3,"minecraft:gravel":15,"minecraft:dirt":1,"minecraft:cobweb":3,"regions_unexplored:medium_grass":3,"minecraft:stone":5,"minecraft:fern":1},"minecraft:killed":{"minecraft:pig":3,"born_in_chaos_v1:pumpkin_dunce":1,"born_in_chaos_v1:baby_skeleton":1,"born_in_chaos_v1:decrepit_skeleton":1,"born_in_chaos_v1:maggot":2,"minecraft:skeleton":1,"born_in_chaos_v1:decaying_zombie":1,"minecraft:zombie":1,"minecraft:stray":8,"crittersandcompanions:koi_fish":1,"minecraft:cow":2},"minecraft:picked_up":{"minecraft:crafting_table":1,"minecraft:wheat":43,"minecraft:cooked_beef":4,"minecraft:lilac":1,"minecraft:potato":6,"paraglider:spirit_orb":6,"minecraft:flint":1,"scguns:pebbles":9,"minecraft:dirt":4,"minecraft:string":3,"minecraft:item_frame":6,"minecraft:experience_bottle":1,"minecraft:bone":13,"terramity:accursed_soul":8,"minecraft:bow":1,"minecraft:wheat_seeds":114,"minecraft:gold_nugget":18,"regions_unexplored:pine_log":30,"minecraft:beef":4,"born_in_chaos_v1:smoldering_infernal_ember":1,"minecraft:rose_bush":8,"crittersandcompanions:koi_fish":1,"born_in_chaos_v1:caramel_pepper":1,"minecraft:iron_sword":1,"minecraft:book":2,"minecraft:tipped_arrow":3,"minecraft:stick":3,"iceandfire:copper_nugget":14,"apotheosis:gem":1,"minecraft:cooked_porkchop":3,"irons_spellbooks:frozen_bone":36,"regions_unexplored:pine_sapling":4,"minecraft:gravel":14,"minecraft:porkchop":6,"tombstone:grave_dust":1,"minecraft:mossy_cobblestone":6,"minecraft:arrow":12,"minecraft:emerald":1,"iceandfire:silver_nugget":10,"minecraft:cobblestone":3},"minecraft:used":{"regions_unexplored:pine_planks":1,"minecraft:wheat_seeds":53,"minecraft:rose_bush":1,"minecraft:stone_pickaxe":6,"minecraft:wooden_pickaxe":8,"minecraft:iron_sword":77,"minecraft:wooden_shovel":16,"minecraft:crafting_table":2,"minecraft:wooden_axe":11,"minecraft:bread":5,"minecraft:iron_helmet":1,"born_in_chaos_v1:caramel_pepper":1,"tombstone:grave_key":19,"minecraft:stone_axe":1,"tombstone:gift":2,"minecraft:cooked_beef":4,"minecraft:potato":17,"minecraft:experience_bottle":1},"minecraft:crafted":{"minecraft:wooden_shovel":1,"minecraft:crafting_table":1,"minecraft:wooden_pickaxe":1,"minecraft:stone_axe":1,"regions_unexplored:pine_planks":20,"minecraft:stick":8,"minecraft:stone_pickaxe":1,"minecraft:wooden_axe":1}},"DataVersion":3465}