{"stats":{"minecraft:killed":{"minecraft:pig":1},"minecraft:picked_up":{"minecraft:crafting_table":1,"minecraft:stick":4,"ars_nouveau:purple_archwood_log":41,"ars_nouveau:purple_archwood_sapling":16,"minecraft:porkchop":3,"minecraft:oak_log":1,"minecraft:red_bed":1,"minecraft:bone":2,"create:clipboard":1,"minecraft:stone_bricks":5,"graveyard:gray_urn":1,"minecraft:bread":2},"minecraft:used":{"minecraft:oak_log":1,"minecraft:wooden_axe":9,"minecraft:bread":1,"minecraft:iron_pickaxe":10,"minecraft:stone_bricks":4,"minecraft:crafting_table":1,"minecraft:brush":3},"minecraft:custom":{"minecraft:time_since_rest":7325,"minecraft:interact_with_furnace":1,"lootr:looted_stat":8,"minecraft:sprint_one_cm":16542,"minecraft:damage_taken":290,"minecraft:walk_one_cm":27871,"minecraft:mob_kills":1,"minecraft:drop":7,"minecraft:damage_dealt":170,"minecraft:swim_one_cm":138,"minecraft:interact_with_crafting_table":4,"minecraft:fly_one_cm":25475,"minecraft:open_barrel":1,"minecraft:crouch_one_cm":3363,"minecraft:play_time":14477,"minecraft:deaths":1,"minecraft:sneak_time":406,"minecraft:walk_under_water_one_cm":91,"minecraft:jump":145,"minecraft:damage_dealt_resisted":0,"minecraft:leave_game":1,"minecraft:walk_on_water_one_cm":125,"minecraft:time_since_death":7654,"minecraft:climb_one_cm":2123,"minecraft:total_world_time":14477,"minecraft:fall_one_cm":3842},"minecraft:killed_by":{"minecraft:skeleton":1},"minecraft:crafted":{"ars_nouveau:archwood_planks":8,"minecraft:crafting_table":1,"minecraft:wooden_axe":1},"minecraft:dropped":{"ars_nouveau:worn_notebook":1,"alexsmobs:animal_dictionary":1,"man:cassette_1safetyinstructions":1,"patchouli:guide_book":4},"minecraft:mined":{"minecraft:red_bed":1,"graveyard:gray_urn":1,"minecraft:crafting_table":1,"minecraft:grass":4,"minecraft:oak_log":1,"realmrpg_skeletons:basic_skeleton":1,"minecraft:tall_grass":3,"minecraft:stone_bricks":5,"ars_nouveau:purple_archwood_log":45}},"DataVersion":3465}