{"stats":{"minecraft:broken":{"minecraft:shield":2,"minecraft:iron_boots":1,"minecraft:iron_helmet":1},"minecraft:killed":{"minecraft:pig":1,"undead_revamp2:thehunter":1,"undead_revamp2:the_moonflower":1,"minecraft:spider":1,"terramity:elite_skeleton":9,"born_in_chaos_v1:maggot":1,"minecraft:skeleton":2,"minecraft:zombie":2},"minecraft:used":{"create:clipboard":11,"minecraft:shield":66,"minecraft:torch":1,"minecraft:crafting_table":2,"minecraft:red_bed":1,"ars_nouveau:archwood_planks":20,"minecraft:tuff":1,"minecraft:oak_log":1,"minecraft:wooden_axe":9,"minecraft:iron_axe":76,"minecraft:bread":1,"minecraft:string":4,"minecraft:iron_pickaxe":15,"ars_nouveau:purple_archwood_log":34,"tombstone:grave_key":16,"minecraft:stone_bricks":4,"tombstone:gift":3,"minecraft:brush":25,"minecraft:experience_bottle":1},"minecraft:picked_up":{"collectorsalbum:uncommon_card_pack":1,"minecraft:crafting_table":1,"minecraft:stone_slab":1,"paraglider:spirit_orb":4,"minecraft:enchanted_book":1,"minecraft:oak_log":1,"minecraft:string":1,"minecraft:red_bed":1,"minecraft:bone":22,"terramity:electronic_scrap":3,"terramity:accursed_soul":7,"minecraft:stone_bricks":5,"apotheosis:gem":2,"minecraft:stick":4,"ars_nouveau:purple_archwood_log":41,"ars_nouveau:purple_archwood_sapling":16,"minecraft:porkchop":3,"minecraft:rotten_flesh":2,"create:clipboard":1,"minecraft:chainmail_leggings":1,"graveyard:gray_urn":1,"minecraft:bread":2,"supplementaries:ash":1,"tombstone:magic_scroll":1,"terramity:gold_round":37},"minecraft:custom":{"lootr:looted_stat":22,"minecraft:interact_with_furnace":1,"minecraft:mob_kills":23,"minecraft:interact_with_crafting_table":4,"minecraft:open_barrel":1,"minecraft:damage_dealt_resisted":0,"minecraft:leave_game":1,"minecraft:time_since_death":26,"minecraft:climb_one_cm":2165,"minecraft:damage_resisted":0,"minecraft:time_since_rest":1,"minecraft:sprint_one_cm":82310,"minecraft:damage_taken":5303,"minecraft:walk_one_cm":204743,"minecraft:damage_blocked_by_shield":5913,"minecraft:drop":19,"minecraft:damage_dealt":6100,"minecraft:swim_one_cm":138,"minecraft:fly_one_cm":81751,"minecraft:open_chest":1,"minecraft:crouch_one_cm":5236,"minecraft:play_time":50477,"tombstone:undead_killed":15,"minecraft:deaths":17,"minecraft:sneak_time":670,"minecraft:walk_under_water_one_cm":91,"minecraft:jump":386,"minecraft:walk_on_water_one_cm":125,"minecraft:total_world_time":50477,"minecraft:fall_one_cm":12072,"minecraft:horse_one_cm":140666},"minecraft:crafted":{"ars_nouveau:archwood_planks":28,"minecraft:crafting_table":1,"minecraft:wooden_axe":1},"minecraft:killed_by":{"terramity:elite_skeleton":9,"undead_revamp2:the_moonflower":4,"minecraft:skeleton":1,"minecraft:creeper":1,"terramity:simple_turret":2},"minecraft:dropped":{"minecraft:enchanted_book":1,"minecraft:bread":6,"alexsmobs:animal_dictionary":1,"ars_nouveau:archwood_planks":1,"man:cassette_1safetyinstructions":1,"minecraft:apple":5,"minecraft:stone_slab":1,"patchouli:guide_book":4,"supplementaries:ash":1,"ars_nouveau:worn_notebook":1,"apotheosis:gem":1,"terramity:accursed_soul":3,"tombstone:grave_dust":1,"irons_spellbooks:arcane_essence":6,"graveyard:gray_urn":1,"minecraft:chainmail_leggings":1},"minecraft:mined":{"minecraft:red_bed":1,"graveyard:gray_urn":1,"minecraft:crafting_table":1,"realmrpg_skeletons:basic_skeleton":1,"minecraft:stone_slab":1,"minecraft:tall_grass":9,"minecraft:spawner":2,"minecraft:grass":7,"minecraft:oak_log":1,"regions_unexplored:medium_grass":1,"minecraft:stone_bricks":5,"ars_nouveau:purple_archwood_log":45,"minecraft:tripwire":1}},"DataVersion":3465}