{"stats":{"minecraft:broken":{"minecraft:shield":2,"minecraft:iron_boots":1,"minecraft:iron_helmet":1},"minecraft:killed":{"irons_spellbooks:summoned_zombie":1,"minecraft:pig":1,"undead_revamp2:thehunter":1,"undead_revamp2:the_moonflower":1,"minecraft:spider":1,"terramity:elite_skeleton":10,"born_in_chaos_v1:maggot":1,"minecraft:sheep":1,"minecraft:skeleton":2,"terramity:simple_turret":1,"minecraft:zombie":3,"irons_spellbooks:summoned_skeleton":2,"terramity:blue_fairy":1},"minecraft:used":{"create:clipboard":11,"minecraft:shield":66,"minecraft:iron_sword":1,"minecraft:torch":3,"minecraft:crafting_table":2,"minecraft:red_bed":1,"ars_nouveau:archwood_planks":20,"minecraft:tuff":1,"minecraft:wooden_axe":9,"minecraft:oak_log":1,"minecraft:string":4,"minecraft:iron_axe":83,"minecraft:bread":1,"minecraft:iron_pickaxe":36,"ars_nouveau:purple_archwood_log":34,"tombstone:magic_scroll":2,"tombstone:grave_key":31,"minecraft:stone_bricks":4,"tombstone:gift":3,"minecraft:brush":25,"minecraft:experience_bottle":1},"minecraft:picked_up":{"collectorsalbum:uncommon_card_pack":1,"minecraft:crafting_table":1,"minecraft:lilac":1,"minecraft:leather":2,"minecraft:stone_slab":1,"minecraft:enchanted_book":3,"paraglider:spirit_orb":4,"minecraft:oak_log":79,"minecraft:dark_oak_trapdoor":1,"minecraft:string":1,"minecraft:red_bed":2,"minecraft:bone":30,"terramity:electronic_scrap":3,"minecraft:stone_bricks":5,"terramity:accursed_soul":14,"minecraft:bell":1,"minecraft:iron_ingot":1,"minecraft:iron_sword":1,"minecraft:stick":4,"ars_nouveau:purple_archwood_log":41,"apotheosis:gem":5,"minecraft:torch":3,"ars_nouveau:purple_archwood_sapling":16,"minecraft:porkchop":3,"minecraft:arrow":1,"minecraft:rotten_flesh":2,"create:clipboard":1,"minecraft:chainmail_leggings":1,"graveyard:gray_urn":1,"terramity:spiteful_soul":2,"minecraft:bread":2,"minecraft:terracotta":15,"supplementaries:ash":5,"tombstone:magic_scroll":1,"minecraft:oak_sapling":64,"terramity:gold_round":58},"minecraft:custom":{"minecraft:interact_with_smithing_table":1,"minecraft:interact_with_furnace":8,"lootr:looted_stat":32,"minecraft:mob_kills":34,"minecraft:interact_with_crafting_table":5,"minecraft:open_barrel":1,"minecraft:damage_dealt_resisted":0,"minecraft:leave_game":2,"minecraft:time_since_death":6249,"minecraft:climb_one_cm":3659,"minecraft:damage_resisted":0,"minecraft:time_since_rest":6072,"minecraft:damage_taken":8605,"minecraft:walk_one_cm":345243,"minecraft:sprint_one_cm":162039,"minecraft:damage_blocked_by_shield":5913,"minecraft:drop":33,"minecraft:damage_dealt":6110,"minecraft:swim_one_cm":1381,"minecraft:fly_one_cm":248814,"minecraft:open_chest":1,"minecraft:crouch_one_cm":9383,"minecraft:play_time":74255,"tombstone:undead_killed":20,"minecraft:deaths":27,"minecraft:sneak_time":946,"minecraft:walk_under_water_one_cm":492,"minecraft:jump":884,"minecraft:walk_on_water_one_cm":778,"minecraft:total_world_time":74255,"minecraft:fall_one_cm":31114,"minecraft:horse_one_cm":140666},"minecraft:crafted":{"minecraft:oak_planks":48,"ars_nouveau:archwood_planks":28,"minecraft:crafting_table":1,"minecraft:air":0,"minecraft:iron_ingot":3,"minecraft:wooden_axe":1,"minecraft:gold_ingot":2},"minecraft:killed_by":{"man:managgresive":1,"terramity:elite_skeleton":15,"undead_revamp2:the_moonflower":4,"irons_spellbooks:necromancer":1,"minecraft:skeleton":1,"minecraft:creeper":2,"terramity:simple_turret":3},"minecraft:dropped":{"minecraft:enchanted_book":3,"minecraft:bread":6,"irons_spellbooks:blank_rune":1,"minecraft:lilac":1,"alexsmobs:animal_dictionary":1,"terramity:spiteful_soul":2,"ars_nouveau:archwood_planks":1,"man:cassette_1safetyinstructions":1,"minecraft:apple":5,"minecraft:stone_slab":1,"patchouli:guide_book":4,"ars_nouveau:worn_notebook":1,"supplementaries:ash":5,"minecraft:potato":12,"minecraft:torch":1,"minecraft:dark_oak_trapdoor":1,"apotheosis:gem":2,"minecraft:oak_sapling":64,"terramity:accursed_soul":3,"tombstone:grave_dust":1,"irons_spellbooks:arcane_essence":6,"minecraft:bell":1,"graveyard:gray_urn":1,"minecraft:chainmail_leggings":1,"minecraft:terracotta":15},"minecraft:mined":{"minecraft:scaffolding":1,"minecraft:red_bed":2,"graveyard:gray_urn":1,"minecraft:brick_wall":1,"minecraft:crafting_table":1,"minecraft:granite":2,"realmrpg_skeletons:basic_skeleton":1,"minecraft:rose_bush":2,"minecraft:stone_slab":1,"minecraft:tall_grass":10,"minecraft:oak_planks":4,"minecraft:spawner":2,"minecraft:fire":17,"minecraft:lilac":2,"minecraft:grass":8,"minecraft:oak_log":115,"regions_unexplored:medium_grass":2,"minecraft:terracotta":15,"minecraft:stone_bricks":5,"ars_nouveau:purple_archwood_log":45,"minecraft:tripwire":1}},"DataVersion":3465}