{"stats":{"minecraft:broken":{"minecraft:shield":2,"minecraft:iron_boots":1,"minecraft:iron_chestplate":1,"minecraft:iron_helmet":1,"minecraft:iron_leggings":1},"minecraft:killed":{"irons_spellbooks:summoned_zombie":1,"minecraft:pig":1,"undead_revamp2:thehunter":2,"born_in_chaos_v1:restless_spirit":1,"undead_revamp2:the_moonflower":1,"minecraft:spider":1,"terramity:elite_skeleton":10,"born_in_chaos_v1:maggot":1,"minecraft:sheep":1,"minecraft:skeleton":5,"terramity:simple_turret":1,"minecraft:zombie":6,"born_in_chaos_v1:dread_hound":1,"born_in_chaos_v1:mrs_pumpkin":1,"irons_spellbooks:summoned_skeleton":2,"minecraft:cow":3,"terramity:blue_fairy":1},"minecraft:used":{"create:clipboard":11,"minecraft:shield":66,"minecraft:iron_sword":40,"minecraft:torch":3,"minecraft:crafting_table":2,"minecraft:red_bed":1,"ars_nouveau:archwood_planks":20,"minecraft:tuff":1,"minecraft:wooden_axe":9,"minecraft:oak_log":1,"minecraft:string":4,"minecraft:iron_axe":83,"minecraft:bread":1,"minecraft:iron_pickaxe":37,"ars_nouveau:purple_archwood_log":34,"tombstone:magic_scroll":4,"tombstone:grave_key":34,"minecraft:stone_bricks":4,"tombstone:gift":3,"minecraft:brush":25,"minecraft:experience_bottle":1},"minecraft:picked_up":{"collectorsalbum:uncommon_card_pack":1,"minecraft:crafting_table":1,"minecraft:lilac":1,"minecraft:leather":26,"minecraft:stone_slab":1,"minecraft:enchanted_book":3,"paraglider:spirit_orb":4,"minecraft:oak_log":88,"regions_unexplored:red_lupine":1,"minecraft:dark_oak_trapdoor":1,"minecraft:string":1,"minecraft:red_bed":2,"minecraft:lantern":2,"minecraft:bone":30,"terramity:electronic_scrap":3,"minecraft:stone_bricks":5,"terramity:accursed_soul":14,"minecraft:bell":1,"minecraft:beef":8,"minecraft:iron_ingot":17,"minecraft:iron_sword":1,"minecraft:stick":4,"ars_nouveau:purple_archwood_log":41,"apotheosis:gem":5,"minecraft:torch":3,"ars_nouveau:purple_archwood_sapling":16,"minecraft:porkchop":3,"minecraft:arrow":5,"minecraft:rotten_flesh":2,"create:clipboard":1,"minecraft:chainmail_leggings":1,"minecraft:iron_helmet":1,"graveyard:gray_urn":1,"terramity:spiteful_soul":3,"minecraft:bread":2,"minecraft:terracotta":15,"supplementaries:ash":5,"tombstone:magic_scroll":1,"minecraft:oak_sapling":64,"terramity:gold_round":58},"minecraft:custom":{"minecraft:interact_with_smithing_table":1,"minecraft:interact_with_furnace":12,"lootr:looted_stat":37,"minecraft:mob_kills":51,"minecraft:interact_with_crafting_table":5,"minecraft:open_barrel":1,"minecraft:damage_dealt_resisted":30,"minecraft:leave_game":2,"minecraft:time_since_death":5296,"minecraft:climb_one_cm":4012,"minecraft:damage_resisted":0,"minecraft:time_since_rest":5078,"minecraft:damage_taken":9659,"minecraft:walk_one_cm":407577,"minecraft:sprint_one_cm":194858,"minecraft:damage_blocked_by_shield":5913,"minecraft:drop":42,"minecraft:damage_dealt":7867,"minecraft:swim_one_cm":1381,"minecraft:fly_one_cm":326694,"minecraft:open_chest":1,"minecraft:crouch_one_cm":9796,"minecraft:play_time":86255,"tombstone:undead_killed":27,"minecraft:deaths":30,"minecraft:sneak_time":1006,"minecraft:walk_under_water_one_cm":492,"minecraft:jump":1253,"minecraft:walk_on_water_one_cm":778,"minecraft:total_world_time":86255,"minecraft:fall_one_cm":38717,"minecraft:horse_one_cm":140666},"minecraft:crafted":{"minecraft:oak_planks":112,"ars_nouveau:archwood_planks":28,"minecraft:crafting_table":1,"minecraft:air":0,"minecraft:iron_ingot":3,"minecraft:wooden_axe":1,"minecraft:gold_ingot":9},"minecraft:killed_by":{"man:managgresive":1,"terramity:elite_skeleton":15,"undead_revamp2:the_moonflower":4,"irons_spellbooks:necromancer":1,"minecraft:skeleton":2,"minecraft:creeper":3,"minecraft:zombie":1,"terramity:simple_turret":3},"minecraft:dropped":{"minecraft:enchanted_book":3,"minecraft:bread":6,"irons_spellbooks:blank_rune":1,"minecraft:lilac":1,"alexsmobs:animal_dictionary":1,"terramity:spiteful_soul":3,"ars_nouveau:archwood_planks":1,"minecraft:lantern":2,"man:cassette_1safetyinstructions":1,"minecraft:leather":11,"minecraft:apple":5,"minecraft:stone_slab":1,"patchouli:guide_book":4,"ars_nouveau:worn_notebook":1,"supplementaries:ash":5,"minecraft:potato":12,"minecraft:turtle_helmet":1,"regions_unexplored:red_lupine":1,"minecraft:torch":1,"minecraft:dark_oak_trapdoor":1,"apotheosis:gem":3,"minecraft:oak_sapling":64,"terramity:accursed_soul":3,"tombstone:grave_dust":1,"irons_spellbooks:arcane_essence":6,"minecraft:bell":1,"graveyard:gray_urn":1,"minecraft:chainmail_leggings":1,"minecraft:white_wool":7,"create:raw_zinc":3,"minecraft:terracotta":15},"minecraft:mined":{"minecraft:scaffolding":1,"minecraft:red_bed":2,"graveyard:gray_urn":1,"minecraft:brick_wall":1,"minecraft:crafting_table":1,"minecraft:granite":3,"realmrpg_skeletons:basic_skeleton":1,"minecraft:rose_bush":2,"minecraft:stone_slab":1,"minecraft:tall_grass":11,"minecraft:oak_planks":4,"minecraft:spawner":2,"minecraft:fire":17,"minecraft:lilac":2,"minecraft:grass":8,"minecraft:oak_log":115,"regions_unexplored:medium_grass":2,"minecraft:terracotta":15,"minecraft:stone_bricks":5,"ars_nouveau:purple_archwood_log":45,"minecraft:tripwire":1}},"DataVersion":3465}