{"stats":{"minecraft:killed":{"born_in_chaos_v1:zombie_lumberjack":1,"born_in_chaos_v1:restless_spirit":2,"scguns:cog_minion":1,"born_in_chaos_v1:siamese_skeletonsright":1,"born_in_chaos_v1:zombie_bruiser":1,"undead_revamp2:theswarmer":1,"minecraft:skeleton":2,"born_in_chaos_v1:pumpkin_dunce":1,"minecraft:zombie":5,"born_in_chaos_v1:corpse_fly":2,"born_in_chaos_v1:dark_vortex":1,"born_in_chaos_v1:mrs_pumpkin":2,"born_in_chaos_v1:siamese_skeletonsleft":1},"minecraft:custom":{"minecraft:interact_with_smithing_table":1,"lootr:looted_stat":16,"minecraft:mob_kills":22,"minecraft:interact_with_crafting_table":11,"minecraft:damage_dealt_resisted":622,"minecraft:leave_game":2,"minecraft:time_since_death":6079,"minecraft:climb_one_cm":1909,"minecraft:damage_resisted":0,"minecraft:sprint_one_cm":64784,"minecraft:walk_one_cm":225289,"minecraft:damage_blocked_by_shield":5026,"minecraft:drop":46,"minecraft:play_time":79728,"minecraft:deaths":9,"minecraft:sneak_time":1139,"minecraft:walk_under_water_one_cm":3078,"minecraft:jump":1040,"minecraft:walk_on_water_one_cm":9797,"minecraft:total_world_time":79728,"minecraft:interact_with_furnace":2,"minecraft:interact_with_loom":1,"minecraft:time_since_rest":5942,"minecraft:damage_taken":3935,"minecraft:damage_dealt":7145,"minecraft:fly_one_cm":127290,"minecraft:swim_one_cm":9291,"minecraft:player_kills":1,"minecraft:open_chest":1,"minecraft:crouch_one_cm":2001,"tombstone:undead_killed":12,"minecraft:fall_one_cm":16989},"minecraft:killed_by":{"minecraft:husk":2,"minecraft:player":2,"undead_revamp2:the_moonflower":1,"royalvariations:royal_skeleton":1,"born_in_chaos_v1:zombie_bruiser":1,"born_in_chaos_v1:mrs_pumpkin":1,"minecraft:zombie":1},"minecraft:dropped":{"minecraft:enchanted_book":1,"minecraft:cobblestone":71,"minecraft:item_frame":3,"minecraft:stick":3,"minecraft:dirt":6,"minecraft:torch":18,"irons_spellbooks:arcane_essence":12,"minecraft:chain":1,"minecraft:wooden_sword":1,"minecraft:bone":13,"minecraft:gravel":41,"alexsmobs:animal_dictionary":3,"scguns:pebbles":6,"minecraft:clay_ball":128,"regions_unexplored:larch_sapling":8,"evilcraft:origins_of_darkness":1,"terramity:music_sheet_of_untimely_death":1,"scguns:raw_anthralite":1,"regions_unexplored:peat_dirt":1,"minecraft:gunpowder":3,"born_in_chaos_v1:corpse_maggot":4,"apotheosis:gem":1,"iceandfire:pixie_dust":1,"minecraft:spruce_wood":3,"minecraft:barrel":1,"minecraft:scaffolding":36,"born_in_chaos_v1:dark_rod":2},"minecraft:broken":{"minecraft:leather_leggings":1,"minecraft:stone_pickaxe":1,"minecraft:shield":1,"minecraft:iron_pickaxe":1,"minecraft:wooden_axe":1},"minecraft:picked_up":{"minecraft:crafting_table":1,"regions_unexplored:larch_planks":3,"minecraft:clay_ball":100,"minecraft:leather_leggings":1,"minecraft:enchanted_book":1,"minecraft:chain":1,"born_in_chaos_v1:holiday_candy":1,"scguns:raw_anthralite":1,"minecraft:raw_copper":3,"minecraft:item_frame":4,"minecraft:experience_bottle":2,"irons_spellbooks:arcane_essence":12,"minecraft:cobbled_deepslate":43,"regions_unexplored:larch_log":66,"minecraft:coal_block":10,"minecraft:raw_iron":6,"minecraft:stick":9,"apotheosis:gem":2,"collectorsalbum:rare_card_pack":1,"minecraft:torch":43,"evilcraft:origins_of_darkness":2,"ars_nouveau:sourceberry_bush":8,"supplementaries:quiver":1,"born_in_chaos_v1:gummy_vampire_teeth":1,"minecraft:cobblestone":164,"born_in_chaos_v1:fused_bone":2,"born_in_chaos_v1:corpse_maggot":4,"regions_unexplored:peat_dirt":1,"iceandfire:sapphire_gem":1,"minecraft:leather_chestplate":1,"scguns:small_iron_casing":2,"minecraft:flint":2,"scguns:pebbles":6,"minecraft:dirt":6,"tombstone:gift":1,"scguns:powder_and_ball":2,"minecraft:bone":10,"minecraft:iron_ingot":2,"regions_unexplored:larch_sapling":8,"scguns:sulfur_chunk":16,"terramity:music_sheet_of_untimely_death":1,"minecraft:scaffolding":36,"born_in_chaos_v1:ethereal_spirit":3,"minecraft:gravel":80,"born_in_chaos_v1:dark_rod":3,"minecraft:spruce_log":9,"alexsmobs:animal_dictionary":2,"minecraft:iron_helmet":1,"minecraft:emerald":2,"minecraft:coal":75,"iceandfire:raw_silver":4},"minecraft:used":{"minecraft:iron_shovel":234,"minecraft:shield":76,"minecraft:iron_sword":192,"minecraft:torch":7,"minecraft:wooden_axe":44,"minecraft:iron_axe":3,"born_in_chaos_v1:gummy_vampire_teeth":1,"minecraft:item_frame":1,"regions_unexplored:larch_planks":3,"ars_nouveau:sourceberry_bush":15,"tombstone:gift":2,"minecraft:potato":6,"minecraft:water_bucket":3,"minecraft:stone_pickaxe":161,"minecraft:wooden_pickaxe":19,"minecraft:salmon":3,"minecraft:crafting_table":4,"minecraft:spruce_log":3,"relics:horse_flute":7,"minecraft:bread":18,"minecraft:iron_pickaxe":251,"tombstone:grave_key":2,"minecraft:wooden_sword":5,"minecraft:cobblestone":69,"minecraft:bucket":3,"minecraft:experience_bottle":2},"minecraft:crafted":{"minecraft:wooden_sword":1,"regions_unexplored:larch_planks":34,"minecraft:iron_axe":1,"minecraft:spruce_wood":3,"minecraft:stone_pickaxe":1,"minecraft:crafting_table":3,"minecraft:spruce_planks":4,"minecraft:wooden_pickaxe":1,"minecraft:iron_sword":1,"terramity:flintlock_pistol":1,"minecraft:shield":2,"minecraft:stick":4,"minecraft:iron_pickaxe":1,"minecraft:wooden_axe":1},"minecraft:mined":{"create:zinc_ore":11,"minecraft:tuff":1,"minecraft:spruce_planks":2,"iceandfire:silver_ore":4,"minecraft:cave_vines_plant":1,"minecraft:coal_block":10,"ars_nouveau:sourceberry_bush":3,"minecraft:large_fern":1,"minecraft:iron_ore":5,"regions_unexplored:larch_leaves":8,"minecraft:deepslate_iron_ore":1,"scguns:phosphorite":20,"regions_unexplored:medium_grass":1,"regions_unexplored:larch_log":67,"scguns:deepslate_sulfur_ore":8,"minecraft:stone":136,"minecraft:scaffolding":27,"minecraft:clay":90,"minecraft:crafting_table":1,"regions_unexplored:peat_grass_block":1,"iceandfire:sapphire_ore":1,"minecraft:wall_torch":5,"supplementaries:urn":2,"minecraft:coal_ore":78,"minecraft:gravel":107,"minecraft:dirt":40,"minecraft:stone_bricks":2,"scguns:anthralite_ore":1,"minecraft:deepslate":116}},"DataVersion":3465}