{"stats":{"minecraft:killed":{"undead_revamp2:thehunter":1,"royalvariations:royal_skeleton":2,"minecraft:skeleton":2,"undead_revamp2:therod":1,"undead_revamp2:the_moonflower":1,"undead_revamp2:theheavy":1},"minecraft:custom":{"lootr:looted_stat":38,"minecraft:mob_kills":8,"minecraft:interact_with_crafting_table":5,"minecraft:bell_ring":2,"minecraft:damage_dealt_resisted":499,"minecraft:leave_game":4,"minecraft:time_since_death":5803,"minecraft:climb_one_cm":5395,"minecraft:damage_resisted":0,"minecraft:sprint_one_cm":167860,"minecraft:walk_one_cm":167022,"minecraft:damage_blocked_by_shield":555,"minecraft:drop":132,"minecraft:play_time":79962,"minecraft:deaths":12,"minecraft:sneak_time":689,"minecraft:walk_under_water_one_cm":953,"minecraft:jump":1181,"minecraft:walk_on_water_one_cm":5234,"minecraft:total_world_time":79962,"minecraft:time_since_rest":5646,"minecraft:damage_taken":4141,"minecraft:damage_absorbed":140,"minecraft:damage_dealt":2436,"minecraft:swim_one_cm":9792,"minecraft:fly_one_cm":162570,"minecraft:player_kills":5,"minecraft:open_chest":1,"minecraft:crouch_one_cm":2384,"tombstone:undead_killed":8,"minecraft:fall_one_cm":22426},"minecraft:killed_by":{"minecraft:husk":1,"irons_spellbooks:priest":1,"minecraft:player":6,"undead_revamp2:the_moonflower":1,"royalvariations:royal_skeleton":1,"minecraft:skeleton":2},"minecraft:dropped":{"minecraft:iron_ingot":1,"minecraft:stripped_mangrove_wood":3,"minecraft:wheat_seeds":38,"regions_unexplored:larch_planks":39,"scguns:powder_and_ball":2,"born_in_chaos_v1:holiday_candy":2,"minecraft:iron_helmet":2,"minecraft:cobblestone":112,"minecraft:cracked_stone_bricks":1,"scguns:ancient_brass":9,"minecraft:copper_ingot":1,"terramity:music_sheet_of_defense":2,"minecraft:chainmail_helmet":1,"minecraft:coal":1,"scguns:phosphorite":21,"minecraft:leather_helmet":1,"minecraft:item_frame":2,"minecraft:stick":6,"minecraft:flint":9,"minecraft:dirt":49,"ars_nouveau:worn_notebook":1,"minecraft:wooden_axe":1,"minecraft:snowball":5,"tombstone:grave_dust":2,"minecraft:wooden_sword":1,"minecraft:dark_oak_planks":4,"create:raw_zinc":11,"minecraft:cyan_carpet":3,"minecraft:bone":16,"minecraft:armor_stand":1,"minecraft:gravel":54,"alexsmobs:animal_dictionary":1,"minecraft:cobbled_deepslate":13,"minecraft:raw_copper":3,"scguns:pebbles":16,"terramity:spiteful_soul":2,"minecraft:wheat":7,"undead_revamp2:arapholia":1,"minecraft:rotten_flesh":11,"minecraft:clay_ball":340,"regions_unexplored:larch_sapling":4,"evilcraft:origins_of_darkness":1,"terramity:music_sheet_of_untimely_death":4,"scguns:raw_anthralite":4,"evilcraft:flesh_humanoid":6,"minecraft:pumpkin_seeds":3,"patchouli:guide_book":8,"regions_unexplored:peat_dirt":27,"minecraft:leather_chestplate":1,"supplementaries:flax_seeds":1,"supplementaries:quiver":1,"minecraft:shield":1,"undead_revamp2:heavytooth":2,"minecraft:gunpowder":19,"minecraft:bundle":1,"born_in_chaos_v1:corpse_maggot":2,"apotheosis:gem":1,"minecraft:leather_boots":1,"terramity:accursed_soul":10,"minecraft:leather_leggings":2,"minecraft:stone_bricks":2,"minecraft:barrel":1,"minecraft:stone_pickaxe":1,"minecraft:wooden_pickaxe":3,"iceandfire:manuscript":5},"minecraft:broken":{"minecraft:leather_chestplate":1,"minecraft:leather_boots":1,"minecraft:wooden_axe":1},"minecraft:picked_up":{"minecraft:crafting_table":2,"minecraft:wheat":7,"regions_unexplored:larch_planks":14,"minecraft:clay_ball":284,"minecraft:leather_leggings":2,"minecraft:wooden_pickaxe":2,"minecraft:shield":1,"born_in_chaos_v1:holiday_candy":2,"iceandfire:manuscript":5,"scguns:raw_anthralite":7,"minecraft:raw_copper":3,"minecraft:wooden_sword":2,"minecraft:item_frame":2,"minecraft:armor_stand":2,"minecraft:cyan_carpet":2,"terramity:accursed_soul":5,"minecraft:cracked_stone_bricks":1,"minecraft:cobbled_deepslate":75,"regions_unexplored:larch_log":31,"scguns:ancient_brass":6,"minecraft:stripped_mangrove_wood":2,"apotheosis:gem":1,"minecraft:stick":9,"minecraft:raw_iron":4,"minecraft:copper_ingot":1,"minecraft:torch":4,"paraglider:kakariko_goddess_statue":1,"tombstone:grave_dust":1,"minecraft:dark_oak_planks":2,"minecraft:arrow":7,"minecraft:rotten_flesh":11,"born_in_chaos_v1:sweet_sword":1,"terramity:spiteful_soul":2,"paraglider:horned_statue":1,"minecraft:glow_berries":1,"minecraft:snowball":5,"undead_revamp2:arapholia":1,"minecraft:cobblestone":116,"born_in_chaos_v1:corpse_maggot":2,"regions_unexplored:peat_dirt":18,"minecraft:leather_chestplate":2,"minecraft:potato":1,"scguns:phosphorite":21,"minecraft:flint":9,"create:raw_zinc":11,"evilcraft:flesh_humanoid":2,"undead_revamp2:huntereye":1,"supplementaries:flax_seeds":1,"minecraft:magenta_bed":2,"minecraft:gunpowder":11,"scguns:pebbles":16,"minecraft:dirt":49,"minecraft:leather_boots":2,"minecraft:bone":16,"minecraft:stone_bricks":2,"minecraft:wheat_seeds":38,"regions_unexplored:larch_sapling":2,"born_in_chaos_v1:caramel_pepper":1,"terramity:music_sheet_of_untimely_death":3,"patchouli:guide_book":4,"royalvariations:royal_bone":1,"minecraft:gravel":55,"minecraft:spruce_log":3,"terramity:music_sheet_of_defense":1,"minecraft:barrel":1,"minecraft:leather_helmet":1,"undead_revamp2:heavytooth":2,"minecraft:bundle":1,"minecraft:pumpkin_seeds":3,"minecraft:iron_helmet":1,"born_in_chaos_v1:rotten_infernal_pumpkin":1,"minecraft:emerald":1,"minecraft:coal":6},"minecraft:used":{"minecraft:armor_stand":1,"minecraft:spruce_planks":18,"minecraft:shield":6,"minecraft:torch":14,"minecraft:wooden_axe":59,"minecraft:iron_axe":22,"born_in_chaos_v1:caramel_pepper":1,"undead_revamp2:huntereye":1,"regions_unexplored:larch_planks":35,"tombstone:gift":2,"born_in_chaos_v1:sweet_sword":1,"minecraft:stone_pickaxe":40,"minecraft:wooden_pickaxe":8,"minecraft:glow_berries":1,"minecraft:crafting_table":5,"minecraft:magenta_bed":1,"minecraft:crossbow":7,"minecraft:bread":14,"tombstone:grave_key":25,"scguns:flintlock_pistol":28,"minecraft:gravel":1,"minecraft:cobblestone":1},"minecraft:crafted":{"regions_unexplored:larch_planks":124,"minecraft:stone_pickaxe":1,"minecraft:crafting_table":3,"minecraft:spruce_planks":24,"minecraft:wooden_pickaxe":2,"minecraft:stick":12,"minecraft:wooden_axe":2,"minecraft:torch":20},"minecraft:mined":{"minecraft:spruce_planks":1,"regions_unexplored:larch_planks":8,"minecraft:iron_ore":4,"regions_unexplored:larch_leaves":9,"minecraft:packed_ice":1,"scguns:phosphorite":1,"minecraft:stripped_mangrove_wood":1,"regions_unexplored:larch_log":31,"minecraft:stone":30,"minecraft:glass_pane":4,"minecraft:clay":1,"minecraft:crafting_table":2,"minecraft:calcite":1,"supplementaries:urn":1,"paraglider:horned_statue":1,"minecraft:wheat":10,"minecraft:magenta_bed":2,"paraglider:kakariko_goddess_statue":1,"minecraft:spruce_log":3,"minecraft:pumpkin_stem":2,"minecraft:coal_ore":4,"minecraft:cracked_stone_bricks":1,"minecraft:oak_leaves":1}},"DataVersion":3465}