{"stats":{"minecraft:custom":{"minecraft:time_since_rest":4801,"minecraft:damage_dealt":147,"minecraft:crouch_one_cm":32,"lootr:looted_stat":2,"minecraft:sprint_one_cm":6746,"minecraft:play_time":4801,"minecraft:time_since_death":4801,"minecraft:walk_one_cm":4534,"minecraft:sneak_time":4,"minecraft:total_world_time":4801,"minecraft:drop":7,"minecraft:fly_one_cm":1394,"minecraft:leave_game":1,"minecraft:jump":9},"minecraft:dropped":{"theoneprobe:probenote":1,"alexsmobs:animal_dictionary":1,"ars_nouveau:worn_notebook":1,"patchouli:guide_book":4},"minecraft:used":{"minecraft:iron_helmet":1,"minecraft:iron_boots":1},"minecraft:mined":{"minecraft:large_fern":1,"regions_unexplored:medium_grass":1}},"DataVersion":3465}