{"stats":{"minecraft:custom":{"minecraft:time_since_rest":1534,"lootr:looted_stat":5,"minecraft:sprint_one_cm":46217,"minecraft:damage_taken":518,"minecraft:walk_one_cm":41231,"minecraft:drop":24,"minecraft:damage_dealt":163,"minecraft:swim_one_cm":5955,"minecraft:interact_with_crafting_table":2,"minecraft:fly_one_cm":34578,"minecraft:crouch_one_cm":826,"minecraft:play_time":16205,"minecraft:deaths":1,"minecraft:sneak_time":391,"minecraft:walk_under_water_one_cm":2106,"minecraft:jump":178,"minecraft:leave_game":1,"minecraft:time_since_death":1756,"minecraft:walk_on_water_one_cm":1316,"minecraft:total_world_time":16205,"minecraft:climb_one_cm":217,"minecraft:fall_one_cm":5350},"minecraft:dropped":{"ars_nouveau:worn_notebook":1,"alexsmobs:animal_dictionary":1,"minecraft:cornflower":1,"minecraft:spruce_planks":17,"apotheosis:gem":2,"minecraft:oak_sapling":10,"theoneprobe:probenote":1,"minecraft:lantern":1,"minecraft:spruce_slab":2,"minecraft:spruce_stairs":1,"minecraft:yellow_carpet":1,"patchouli:guide_book":4,"minecraft:lily_of_the_valley":2,"minecraft:item_frame":5},"minecraft:mined":{"minecraft:large_fern":1,"minecraft:target":2,"minecraft:grass":1,"minecraft:oak_log":10,"minecraft:yellow_carpet":2,"regions_unexplored:medium_grass":1,"minecraft:oak_leaves":2},"minecraft:picked_up":{"minecraft:stick":2,"apotheosis:gem":2,"minecraft:chicken":1,"minecraft:flower_pot":3,"minecraft:spruce_stairs":1,"minecraft:target":2,"minecraft:stone_brick_stairs":2,"minecraft:oak_log":10,"minecraft:lily_of_the_valley":2,"minecraft:cornflower":1,"minecraft:lantern":1,"minecraft:item_frame":5,"minecraft:yellow_carpet":2,"minecraft:bow":1,"minecraft:spruce_planks":17,"minecraft:oak_sapling":10,"minecraft:spruce_trapdoor":1},"minecraft:used":{"minecraft:bread":1,"minecraft:iron_helmet":1,"minecraft:spruce_trapdoor":1,"tombstone:grave_key":1,"minecraft:iron_boots":1,"minecraft:stone_brick_stairs":2,"minecraft:target":2,"minecraft:crafting_table":1,"minecraft:yellow_carpet":1},"minecraft:crafted":{"minecraft:oak_planks":40,"minecraft:crafting_table":1,"minecraft:stick":4,"minecraft:wooden_axe":1}},"DataVersion":3465}