{"stats":{"minecraft:custom":{"lootr:looted_stat":76,"minecraft:mob_kills":70,"minecraft:interact_with_crafting_table":25,"minecraft:open_barrel":3,"minecraft:damage_dealt_resisted":152,"minecraft:eat_cake_slice":2,"minecraft:leave_game":2,"minecraft:time_since_death":13167,"minecraft:climb_one_cm":4266,"minecraft:damage_resisted":0,"minecraft:sprint_one_cm":381467,"minecraft:walk_one_cm":470249,"minecraft:drop":228,"minecraft:damage_dealt_absorbed":50,"minecraft:play_time":159956,"minecraft:deaths":51,"minecraft:sneak_time":6302,"minecraft:walk_under_water_one_cm":16490,"minecraft:interact_with_lectern":1,"minecraft:jump":2542,"minecraft:walk_on_water_one_cm":19394,"minecraft:total_world_time":159956,"minecraft:interact_with_furnace":15,"minecraft:time_since_rest":12973,"minecraft:damage_taken":20103,"minecraft:damage_absorbed":369,"minecraft:damage_dealt":29459,"minecraft:swim_one_cm":19848,"minecraft:fly_one_cm":377352,"minecraft:open_chest":6,"minecraft:crouch_one_cm":15170,"tombstone:undead_killed":36,"minecraft:fall_one_cm":101288},"minecraft:killed_by":{"terramity:elite_skeleton":8,"undead_revamp2:sucker":1,"minecraft:player":2,"minecraft:wither_skeleton":8,"irons_spellbooks:pyromancer":1,"terramity:simple_turret":4,"man:managgresive":4,"born_in_chaos_v1:bonescaller":1,"minecraft:hoglin":1,"minecraft:skeleton":4,"minecraft:zombie":9,"scguns:cog_minion":2,"undead_revamp2:theheavy":1},"minecraft:dropped":{"minecraft:iron_ingot":9,"minecraft:iron_sword":2,"minecraft:acacia_wood":1,"regions_unexplored:corpse_flower":1,"minecraft:wheat_seeds":1,"terramity:electronic_scrap":1,"minecraft:diamond":1,"iceandfire:wither_shard":3,"minecraft:book":3,"minecraft:iron_helmet":2,"minecraft:cobblestone":30,"minecraft:lantern":2,"minecraft:copper_ingot":8,"minecraft:dirt":12,"terramity:grate":1,"scguns:ancient_brass":3,"minecraft:coal":9,"minecraft:spruce_stairs":2,"minecraft:chainmail_helmet":2,"minecraft:yellow_carpet":1,"paraglider:spirit_orb":4,"minecraft:stick":17,"minecraft:item_frame":5,"minecraft:cyan_terracotta":2,"irons_spellbooks:scroll":8,"ars_nouveau:worn_notebook":1,"create:cut_ochrum_bricks":2,"irons_spellbooks:hogskin":18,"minecraft:cornflower":2,"minecraft:diamond_helmet":2,"theoneprobe:probenote":1,"tombstone:grave_dust":10,"minecraft:iron_leggings":4,"minecraft:iron_axe":1,"irons_spellbooks:common_ink":2,"minecraft:sand":2,"regions_unexplored:silver_birch_leaf_pile":2,"minecraft:dark_oak_planks":5,"minecraft:iron_shovel":3,"minecraft:paper":4,"minecraft:string":3,"quark:yellow_shard":6,"terramity:fairy_dust":2,"create:cut_ochrum_brick_stairs":1,"minecraft:acacia_planks":3,"minecraft:gold_ingot":15,"minecraft:bone":22,"simplyswords:runic_tablet":1,"undead_revamp2:suckermemebrane":11,"irons_spellbooks:fire_rune":1,"alexsmobs:animal_dictionary":1,"minecraft:andesite_slab":1,"minecraft:tuff":1,"minecraft:wheat":2,"irons_spellbooks:uncommon_ink":1,"tombstone:gift":1,"minecraft:rotten_flesh":49,"minecraft:iron_boots":1,"minecraft:light_gray_wool":1,"minecraft:oak_planks":13,"supplementaries:pedestal":3,"terramity:circuit_board":1,"terramity:music_sheet_of_untimely_death":9,"minecraft:nether_bricks":2,"evilcraft:flesh_humanoid":9,"patchouli:guide_book":4,"minecraft:lily_of_the_valley":2,"scguns:anthralite_nugget":1,"minecraft:diamond_sword":1,"supplementaries:quiver":1,"supplementaries:ash":20,"create:small_ochrum_bricks":1,"minecraft:spruce_boat":1,"minecraft:turtle_helmet":1,"minecraft:mud_bricks":2,"minecraft:flower_pot":3,"undead_revamp2:heavytooth":2,"minecraft:gunpowder":2,"regions_unexplored:apple_oak_sapling":4,"minecraft:spruce_trapdoor":5,"minecraft:spruce_planks":29,"minecraft:iron_chestplate":3,"born_in_chaos_v1:corpse_maggot":20,"apotheosis:gem":10,"minecraft:oak_sapling":45,"terramity:accursed_soul":8,"minecraft:chainmail_boots":3,"minecraft:spider_eye":1,"minecraft:stone_bricks":1,"minecraft:spruce_slab":6,"minecraft:bow":4,"minecraft:raw_gold":3,"minecraft:dark_prismarine":14},"minecraft:killed":{"scguns:swarm":2,"creeperoverhaul:beach_creeper":1,"irons_spellbooks:pyromancer":1,"minecraft:spider":1,"scguns:cog_minion":1,"born_in_chaos_v1:baby_spider":1,"born_in_chaos_v1:baby_skeleton_minion":1,"born_in_chaos_v1:maggot":4,"minecraft:skeleton":6,"undead_revamp2:therod":2,"undead_revamp2:sucker":1,"mofus_better_end_:small_end_guardian":5,"iceandfire:ghost":1,"minecraft:zombie":23,"born_in_chaos_v1:corpse_fly":6,"minecraft:wither_skeleton":2},"minecraft:mined":{"minecraft:dark_oak_planks":2,"minecraft:dark_prismarine":13,"minecraft:spruce_planks":5,"minecraft:nether_bricks":2,"minecraft:yellow_carpet":2,"supplementaries:pedestal":4,"regions_unexplored:pine_planks":1,"minecraft:mud_bricks":2,"regions_unexplored:argillite":1,"minecraft:spawner":5,"minecraft:large_fern":1,"create:cut_ochrum_bricks":2,"minecraft:furnace":1,"minecraft:iron_ore":12,"minecraft:fire":1,"minecraft:target":2,"minecraft:bookshelf":1,"minecraft:deepslate_iron_ore":1,"minecraft:shroomlight":2,"regions_unexplored:apple_oak_leaves":1,"quark:orange_framed_glass":2,"regions_unexplored:medium_grass":3,"create:andesite_door":2,"minecraft:stone":28,"minecraft:cyan_terracotta":2,"minecraft:crafting_table":1,"minecraft:calcite":3,"minecraft:mud_brick_stairs":1,"create:small_ochrum_bricks":1,"create:cut_ochrum_brick_stairs":1,"minecraft:cobblestone":2,"minecraft:oak_planks":28,"regions_unexplored:pine_log":1,"supplementaries:urn":1,"minecraft:tnt":2,"minecraft:grass":3,"minecraft:coal_ore":18,"minecraft:oak_log":112,"minecraft:cobweb":1,"minecraft:acacia_planks":3,"minecraft:yellow_stained_glass":2,"minecraft:oak_leaves":5},"minecraft:picked_up":{"irons_spellbooks:scroll":5,"minecraft:crafting_table":1,"minecraft:iron_chestplate":2,"minecraft:wheat":5,"iceandfire:witherbone":9,"minecraft:chainmail_boots":2,"minecraft:chicken":1,"minecraft:flower_pot":3,"minecraft:turtle_helmet":1,"terramity:fairy_dust":2,"minecraft:stone_brick_stairs":2,"minecraft:cornflower":2,"minecraft:string":3,"minecraft:iron_leggings":1,"minecraft:iron_shovel":1,"quark:yellow_shard":6,"minecraft:item_frame":5,"minecraft:furnace":1,"terramity:accursed_soul":8,"minecraft:calcite":3,"irons_spellbooks:conjurers_talisman":1,"regions_unexplored:pine_log":1,"minecraft:spruce_planks":38,"irons_spellbooks:emerald_stoneplate_ring":1,"minecraft:player_head":4,"iceandfire:wither_shard":3,"scguns:ancient_brass":3,"minecraft:light_gray_wool":1,"minecraft:spruce_slab":4,"minecraft:spruce_trapdoor":7,"undead_revamp2:suckermemebrane":11,"minecraft:stick":38,"minecraft:raw_iron":21,"apotheosis:gem":10,"regions_unexplored:silver_birch_leaf_pile":2,"regions_unexplored:corpse_flower":1,"minecraft:copper_ingot":8,"minecraft:torch":1,"quark:orange_framed_glass":2,"minecraft:spruce_stairs":2,"supplementaries:pedestal":3,"minecraft:porkchop":6,"minecraft:target":2,"tombstone:grave_dust":7,"minecraft:carrot":1,"irons_spellbooks:fire_rune":1,"minecraft:dark_oak_planks":5,"regions_unexplored:argillite":1,"minecraft:tnt":2,"minecraft:arrow":10,"minecraft:rotten_flesh":47,"born_in_chaos_v1:sweet_sword":1,"minecraft:nether_bricks":2,"create:small_ochrum_bricks":1,"minecraft:cyan_terracotta":2,"minecraft:gold_ingot":15,"supplementaries:ash":16,"create:andesite_door":2,"minecraft:cobblestone":51,"born_in_chaos_v1:corpse_maggot":20,"minecraft:netherite_boots":1,"minecraft:mud_bricks":2,"minecraft:mud_brick_stairs":1,"minecraft:acacia_wood":1,"scguns:phosphorite":1,"paraglider:spirit_orb":4,"minecraft:tuff":1,"minecraft:oak_log":112,"evilcraft:flesh_humanoid":5,"minecraft:gunpowder":2,"scguns:pebbles":3,"minecraft:dirt":12,"minecraft:lantern":2,"scguns:anthralite_nugget":1,"terramity:grate":1,"irons_spellbooks:hogskin":10,"minecraft:bone":20,"minecraft:acacia_planks":3,"minecraft:apple":4,"minecraft:stone_bricks":1,"minecraft:bow":3,"minecraft:wheat_seeds":2,"minecraft:iron_ingot":10,"minecraft:diamond_helmet":1,"born_in_chaos_v1:caramel_pepper":1,"create:cut_ochrum_bricks":2,"terramity:music_sheet_of_untimely_death":4,"minecraft:oak_planks":29,"minecraft:book":3,"create:cut_ochrum_brick_stairs":1,"regions_unexplored:pine_planks":1,"minecraft:sand":2,"minecraft:lily_of_the_valley":2,"minecraft:spider_eye":1,"minecraft:dark_prismarine":14,"undead_revamp2:heavytooth":2,"minecraft:bundle":1,"undead_revamp2:rawbostrox":1,"minecraft:yellow_carpet":2,"minecraft:diamond":11,"minecraft:spruce_boat":2,"minecraft:iron_helmet":1,"minecraft:oak_sapling":45,"minecraft:coal":30,"terramity:gold_round":3,"minecraft:andesite_slab":2,"regions_unexplored:apple_oak_sapling":4},"minecraft:used":{"minecraft:trident":3,"minecraft:flint_and_steel":64,"minecraft:iron_sword":125,"minecraft:player_head":4,"minecraft:stick":3,"minecraft:iron_chestplate":1,"minecraft:torch":109,"create:andesite_door":2,"minecraft:target":2,"minecraft:diamond_helmet":2,"regions_unexplored:argillite":1,"quark:orange_framed_glass":2,"minecraft:yellow_carpet":1,"minecraft:mud_brick_stairs":1,"minecraft:spruce_boat":1,"minecraft:wooden_axe":47,"minecraft:iron_axe":111,"minecraft:iron_helmet":1,"born_in_chaos_v1:caramel_pepper":1,"minecraft:iron_boots":1,"minecraft:stone_brick_stairs":2,"minecraft:golden_carrot":6,"supplementaries:ash":2,"minecraft:furnace":2,"tombstone:gift":4,"born_in_chaos_v1:sweet_sword":3,"minecraft:calcite":3,"minecraft:oak_planks":430,"minecraft:andesite_slab":1,"scguns:phosphorite":1,"minecraft:golden_apple":10,"minecraft:tnt":2,"minecraft:crafting_table":8,"supplementaries:bomb":2,"minecraft:apple":3,"minecraft:bread":18,"minecraft:iron_pickaxe":111,"minecraft:spruce_trapdoor":2,"tombstone:grave_key":64,"minecraft:diamond_sword":270,"minecraft:cobblestone":5,"minecraft:cooked_porkchop":1,"regions_unexplored:pine_planks":1},"minecraft:broken":{"minecraft:iron_boots":1,"minecraft:flint_and_steel":1,"minecraft:iron_axe":1,"minecraft:iron_helmet":1,"minecraft:wooden_axe":1},"minecraft:crafted":{"minecraft:oak_planks":448,"minecraft:furnace":2,"minecraft:diamond_helmet":1,"minecraft:diamond_leggings":1,"minecraft:iron_axe":1,"tombstone:grave_key":1,"minecraft:spruce_boat":1,"sophisticatedbackpacks:iron_backpack":1,"minecraft:crafting_table":7,"iceandfire:wither_shard":3,"sophisticatedbackpacks:gold_backpack":1,"minecraft:bread":11,"minecraft:air":0,"regions_unexplored:pine_planks":4,"minecraft:golden_apple":8,"minecraft:iron_chestplate":1,"sophisticatedbackpacks:diamond_backpack":1,"minecraft:stick":16,"minecraft:iron_ingot":9,"minecraft:wooden_axe":2,"minecraft:torch":112,"minecraft:diamond_chestplate":1}},"DataVersion":3465}