{"stats":{"minecraft:custom":{"lootr:looted_stat":45,"minecraft:mob_kills":18,"minecraft:interact_with_crafting_table":4,"minecraft:open_barrel":1,"minecraft:damage_dealt_resisted":152,"minecraft:leave_game":1,"minecraft:time_since_death":206,"minecraft:climb_one_cm":217,"minecraft:damage_resisted":0,"minecraft:time_since_rest":9,"minecraft:sprint_one_cm":124406,"minecraft:damage_taken":4029,"minecraft:walk_one_cm":171619,"minecraft:drop":77,"minecraft:damage_dealt":6411,"minecraft:swim_one_cm":11192,"minecraft:fly_one_cm":115718,"minecraft:crouch_one_cm":3248,"minecraft:play_time":52205,"tombstone:undead_killed":5,"minecraft:deaths":10,"minecraft:sneak_time":1635,"minecraft:walk_under_water_one_cm":3402,"minecraft:interact_with_lectern":1,"minecraft:jump":716,"minecraft:walk_on_water_one_cm":3337,"minecraft:total_world_time":52205,"minecraft:fall_one_cm":19429},"minecraft:killed_by":{"man:managgresive":2,"born_in_chaos_v1:bonescaller":1,"terramity:elite_skeleton":1,"irons_spellbooks:pyromancer":1,"minecraft:skeleton":1,"minecraft:zombie":1,"scguns:cog_minion":1,"terramity:simple_turret":1},"minecraft:dropped":{"minecraft:iron_ingot":7,"alexsmobs:animal_dictionary":1,"minecraft:andesite_slab":1,"minecraft:wheat":2,"minecraft:rotten_flesh":25,"minecraft:lantern":2,"scguns:ancient_brass":3,"terramity:music_sheet_of_untimely_death":1,"minecraft:spruce_stairs":2,"minecraft:chainmail_helmet":1,"evilcraft:flesh_humanoid":3,"minecraft:yellow_carpet":1,"patchouli:guide_book":4,"scguns:anthralite_nugget":1,"minecraft:item_frame":5,"minecraft:lily_of_the_valley":2,"ars_nouveau:worn_notebook":1,"minecraft:flower_pot":3,"minecraft:spruce_trapdoor":5,"minecraft:spruce_planks":18,"minecraft:cornflower":2,"born_in_chaos_v1:corpse_maggot":17,"apotheosis:gem":6,"minecraft:oak_sapling":33,"minecraft:chainmail_boots":2,"theoneprobe:probenote":1,"tombstone:grave_dust":6,"irons_spellbooks:common_ink":2,"minecraft:stone_bricks":1,"minecraft:spruce_slab":6,"minecraft:sand":2,"minecraft:bow":1,"regions_unexplored:silver_birch_leaf_pile":2,"minecraft:iron_shovel":1,"minecraft:paper":4,"terramity:fairy_dust":2},"minecraft:mined":{"minecraft:yellow_carpet":2,"minecraft:cobblestone":2,"minecraft:oak_planks":20,"minecraft:large_fern":1,"minecraft:target":2,"minecraft:grass":1,"minecraft:oak_log":38,"regions_unexplored:medium_grass":1,"minecraft:oak_leaves":2},"minecraft:killed":{"creeperoverhaul:beach_creeper":1,"irons_spellbooks:pyromancer":1,"scguns:cog_minion":1,"born_in_chaos_v1:baby_skeleton_minion":1,"born_in_chaos_v1:maggot":3,"minecraft:zombie":4,"born_in_chaos_v1:corpse_fly":6},"minecraft:picked_up":{"irons_spellbooks:scroll":1,"born_in_chaos_v1:corpse_maggot":18,"minecraft:wheat":5,"minecraft:chainmail_boots":2,"minecraft:chicken":1,"minecraft:flower_pot":3,"terramity:fairy_dust":2,"minecraft:stone_brick_stairs":2,"minecraft:oak_log":38,"evilcraft:flesh_humanoid":1,"minecraft:gunpowder":1,"scguns:pebbles":3,"minecraft:cornflower":2,"minecraft:lantern":2,"scguns:anthralite_nugget":1,"minecraft:item_frame":5,"minecraft:apple":3,"minecraft:stone_bricks":1,"minecraft:bow":1,"minecraft:spruce_planks":34,"minecraft:iron_ingot":6,"scguns:ancient_brass":3,"born_in_chaos_v1:caramel_pepper":1,"minecraft:spruce_slab":4,"minecraft:oak_planks":20,"minecraft:spruce_trapdoor":7,"minecraft:stick":23,"apotheosis:gem":6,"regions_unexplored:silver_birch_leaf_pile":2,"minecraft:sand":2,"minecraft:spruce_stairs":2,"minecraft:carrot":1,"minecraft:target":2,"irons_spellbooks:fire_rune":1,"tombstone:grave_dust":4,"minecraft:lily_of_the_valley":2,"undead_revamp2:heavytooth":1,"undead_revamp2:rawbostrox":1,"minecraft:bundle":1,"minecraft:yellow_carpet":2,"minecraft:rotten_flesh":25,"born_in_chaos_v1:sweet_sword":1,"minecraft:oak_sapling":33,"minecraft:andesite_slab":2,"minecraft:cobblestone":5},"minecraft:used":{"minecraft:trident":3,"minecraft:oak_planks":59,"minecraft:andesite_slab":1,"minecraft:iron_sword":27,"minecraft:torch":8,"minecraft:target":2,"minecraft:crafting_table":3,"minecraft:yellow_carpet":1,"minecraft:wooden_axe":29,"minecraft:apple":3,"born_in_chaos_v1:caramel_pepper":1,"minecraft:iron_axe":95,"minecraft:bread":4,"minecraft:iron_pickaxe":2,"minecraft:iron_helmet":1,"minecraft:iron_boots":1,"minecraft:spruce_trapdoor":2,"tombstone:grave_key":14,"minecraft:stone_brick_stairs":2,"minecraft:cobblestone":5,"minecraft:cooked_porkchop":1,"tombstone:gift":4,"born_in_chaos_v1:sweet_sword":3},"minecraft:broken":{"minecraft:wooden_axe":1},"minecraft:crafted":{"minecraft:oak_planks":152,"minecraft:crafting_table":3,"minecraft:bread":11,"minecraft:iron_axe":1,"minecraft:stick":4,"minecraft:wooden_axe":1,"minecraft:torch":8}},"DataVersion":3465}