{"stats":{"minecraft:custom":{"lootr:looted_stat":45,"minecraft:mob_kills":11,"minecraft:interact_with_crafting_table":3,"minecraft:open_barrel":1,"minecraft:damage_dealt_resisted":152,"minecraft:leave_game":1,"minecraft:time_since_death":4189,"minecraft:climb_one_cm":217,"minecraft:damage_resisted":0,"minecraft:time_since_rest":4038,"minecraft:sprint_one_cm":97942,"minecraft:damage_taken":1924,"minecraft:walk_one_cm":132092,"minecraft:drop":58,"minecraft:damage_dealt":4828,"minecraft:swim_one_cm":10362,"minecraft:fly_one_cm":78807,"minecraft:crouch_one_cm":2543,"minecraft:play_time":40205,"tombstone:undead_killed":3,"minecraft:deaths":4,"minecraft:sneak_time":1291,"minecraft:walk_under_water_one_cm":2244,"minecraft:interact_with_lectern":1,"minecraft:jump":481,"minecraft:walk_on_water_one_cm":2757,"minecraft:total_world_time":40205,"minecraft:fall_one_cm":12852},"minecraft:killed_by":{"born_in_chaos_v1:bonescaller":1,"irons_spellbooks:pyromancer":1,"minecraft:zombie":1},"minecraft:dropped":{"minecraft:iron_ingot":6,"alexsmobs:animal_dictionary":1,"minecraft:andesite_slab":1,"minecraft:rotten_flesh":22,"minecraft:lantern":2,"minecraft:spruce_stairs":2,"minecraft:chainmail_helmet":1,"evilcraft:flesh_humanoid":3,"minecraft:yellow_carpet":1,"patchouli:guide_book":4,"minecraft:item_frame":5,"minecraft:lily_of_the_valley":2,"ars_nouveau:worn_notebook":1,"minecraft:flower_pot":3,"minecraft:spruce_trapdoor":5,"minecraft:spruce_planks":18,"minecraft:cornflower":2,"born_in_chaos_v1:corpse_maggot":16,"apotheosis:gem":5,"minecraft:oak_sapling":10,"minecraft:chainmail_boots":1,"theoneprobe:probenote":1,"tombstone:grave_dust":3,"irons_spellbooks:common_ink":2,"minecraft:stone_bricks":1,"minecraft:spruce_slab":2,"minecraft:bow":1,"minecraft:iron_shovel":1,"terramity:fairy_dust":2},"minecraft:mined":{"minecraft:yellow_carpet":2,"minecraft:cobblestone":2,"minecraft:oak_planks":6,"minecraft:large_fern":1,"minecraft:target":2,"minecraft:grass":1,"minecraft:oak_log":10,"regions_unexplored:medium_grass":1,"minecraft:oak_leaves":2},"minecraft:killed":{"creeperoverhaul:beach_creeper":1,"irons_spellbooks:pyromancer":1,"born_in_chaos_v1:baby_skeleton_minion":1,"born_in_chaos_v1:maggot":1,"minecraft:zombie":2,"born_in_chaos_v1:corpse_fly":4},"minecraft:picked_up":{"irons_spellbooks:scroll":1,"born_in_chaos_v1:corpse_maggot":16,"minecraft:wheat":5,"minecraft:chicken":1,"minecraft:flower_pot":3,"terramity:fairy_dust":2,"minecraft:stone_brick_stairs":2,"minecraft:oak_log":10,"evilcraft:flesh_humanoid":1,"minecraft:cornflower":2,"minecraft:lantern":2,"minecraft:item_frame":5,"minecraft:stone_bricks":1,"minecraft:bow":1,"minecraft:spruce_planks":34,"minecraft:iron_ingot":6,"minecraft:spruce_slab":2,"minecraft:oak_planks":6,"minecraft:spruce_trapdoor":7,"minecraft:stick":2,"apotheosis:gem":5,"minecraft:spruce_stairs":2,"minecraft:carrot":1,"minecraft:target":2,"irons_spellbooks:fire_rune":1,"tombstone:grave_dust":2,"minecraft:lily_of_the_valley":2,"undead_revamp2:heavytooth":1,"undead_revamp2:rawbostrox":1,"minecraft:bundle":1,"minecraft:yellow_carpet":2,"minecraft:rotten_flesh":22,"born_in_chaos_v1:sweet_sword":1,"minecraft:oak_sapling":10,"minecraft:andesite_slab":2,"minecraft:cobblestone":5},"minecraft:used":{"minecraft:oak_planks":15,"minecraft:andesite_slab":1,"minecraft:iron_sword":10,"minecraft:torch":8,"minecraft:target":2,"minecraft:crafting_table":2,"minecraft:yellow_carpet":1,"minecraft:wooden_axe":29,"minecraft:apple":3,"minecraft:iron_axe":74,"minecraft:bread":3,"minecraft:iron_pickaxe":2,"minecraft:iron_helmet":1,"minecraft:iron_boots":1,"minecraft:spruce_trapdoor":2,"tombstone:grave_key":4,"minecraft:stone_brick_stairs":2,"minecraft:cobblestone":4,"minecraft:cooked_porkchop":1,"tombstone:gift":2,"born_in_chaos_v1:sweet_sword":3},"minecraft:broken":{"minecraft:wooden_axe":1},"minecraft:crafted":{"minecraft:oak_planks":40,"minecraft:crafting_table":2,"minecraft:iron_axe":1,"minecraft:stick":4,"minecraft:wooden_axe":1,"minecraft:torch":8}},"DataVersion":3465}