{"stats":{"minecraft:custom":{"minecraft:interact_with_furnace":3,"lootr:looted_stat":51,"minecraft:mob_kills":18,"minecraft:interact_with_crafting_table":7,"minecraft:open_barrel":1,"minecraft:damage_dealt_resisted":152,"minecraft:leave_game":2,"minecraft:time_since_death":1784,"minecraft:climb_one_cm":217,"minecraft:damage_resisted":0,"minecraft:time_since_rest":1585,"minecraft:sprint_one_cm":150462,"minecraft:damage_taken":7279,"minecraft:walk_one_cm":209791,"minecraft:drop":101,"minecraft:damage_dealt":6528,"minecraft:swim_one_cm":11192,"minecraft:fly_one_cm":133604,"minecraft:crouch_one_cm":4082,"minecraft:play_time":64089,"tombstone:undead_killed":5,"minecraft:deaths":19,"minecraft:sneak_time":2111,"minecraft:walk_under_water_one_cm":3402,"minecraft:interact_with_lectern":1,"minecraft:jump":847,"minecraft:walk_on_water_one_cm":3660,"minecraft:total_world_time":64089,"minecraft:fall_one_cm":27112},"minecraft:killed_by":{"man:managgresive":2,"born_in_chaos_v1:bonescaller":1,"terramity:elite_skeleton":7,"irons_spellbooks:pyromancer":1,"minecraft:skeleton":1,"minecraft:zombie":1,"scguns:cog_minion":1,"terramity:simple_turret":4},"minecraft:dropped":{"minecraft:iron_ingot":7,"simplyswords:runic_tablet":1,"irons_spellbooks:fire_rune":1,"alexsmobs:animal_dictionary":1,"minecraft:andesite_slab":1,"minecraft:wheat":2,"irons_spellbooks:uncommon_ink":1,"minecraft:iron_helmet":1,"minecraft:cobblestone":3,"minecraft:rotten_flesh":25,"minecraft:oak_planks":4,"minecraft:lantern":2,"terramity:grate":1,"scguns:ancient_brass":3,"terramity:music_sheet_of_untimely_death":6,"minecraft:spruce_stairs":2,"minecraft:chainmail_helmet":1,"evilcraft:flesh_humanoid":5,"minecraft:yellow_carpet":1,"patchouli:guide_book":4,"scguns:anthralite_nugget":1,"minecraft:item_frame":5,"minecraft:lily_of_the_valley":2,"irons_spellbooks:scroll":4,"ars_nouveau:worn_notebook":1,"minecraft:turtle_helmet":1,"minecraft:flower_pot":3,"minecraft:gunpowder":1,"minecraft:spruce_trapdoor":5,"minecraft:spruce_planks":18,"minecraft:cornflower":2,"born_in_chaos_v1:corpse_maggot":18,"apotheosis:gem":6,"minecraft:oak_sapling":33,"minecraft:chainmail_boots":3,"theoneprobe:probenote":1,"tombstone:grave_dust":6,"irons_spellbooks:common_ink":2,"minecraft:stone_bricks":1,"minecraft:spruce_slab":6,"minecraft:sand":2,"minecraft:bow":1,"regions_unexplored:silver_birch_leaf_pile":2,"minecraft:iron_shovel":1,"minecraft:paper":4,"terramity:fairy_dust":2,"minecraft:bone":1},"minecraft:mined":{"minecraft:yellow_carpet":2,"minecraft:cobblestone":2,"minecraft:oak_planks":22,"minecraft:large_fern":1,"minecraft:iron_ore":1,"minecraft:target":2,"minecraft:grass":1,"minecraft:oak_log":38,"regions_unexplored:medium_grass":1,"minecraft:stone":14,"minecraft:oak_leaves":5},"minecraft:killed":{"creeperoverhaul:beach_creeper":1,"irons_spellbooks:pyromancer":1,"scguns:cog_minion":1,"born_in_chaos_v1:baby_skeleton_minion":1,"born_in_chaos_v1:maggot":3,"minecraft:zombie":4,"born_in_chaos_v1:corpse_fly":6},"minecraft:picked_up":{"irons_spellbooks:scroll":5,"born_in_chaos_v1:corpse_maggot":19,"minecraft:wheat":5,"minecraft:chainmail_boots":2,"minecraft:chicken":1,"minecraft:flower_pot":3,"minecraft:turtle_helmet":1,"terramity:fairy_dust":2,"minecraft:stone_brick_stairs":2,"minecraft:oak_log":38,"evilcraft:flesh_humanoid":3,"minecraft:gunpowder":1,"scguns:pebbles":3,"minecraft:cornflower":2,"minecraft:lantern":2,"scguns:anthralite_nugget":1,"terramity:grate":1,"minecraft:item_frame":5,"minecraft:bone":1,"minecraft:apple":3,"minecraft:stone_bricks":1,"minecraft:bow":1,"minecraft:spruce_planks":34,"minecraft:iron_ingot":6,"terramity:music_sheet_of_untimely_death":4,"scguns:ancient_brass":3,"born_in_chaos_v1:caramel_pepper":1,"minecraft:spruce_slab":4,"minecraft:oak_planks":23,"minecraft:spruce_trapdoor":7,"minecraft:stick":23,"minecraft:raw_iron":1,"apotheosis:gem":6,"regions_unexplored:silver_birch_leaf_pile":2,"minecraft:sand":2,"minecraft:spruce_stairs":2,"minecraft:carrot":1,"minecraft:target":2,"irons_spellbooks:fire_rune":1,"tombstone:grave_dust":4,"minecraft:lily_of_the_valley":2,"undead_revamp2:heavytooth":1,"undead_revamp2:rawbostrox":1,"minecraft:bundle":1,"minecraft:yellow_carpet":2,"minecraft:rotten_flesh":25,"born_in_chaos_v1:sweet_sword":1,"minecraft:oak_sapling":33,"terramity:gold_round":3,"minecraft:andesite_slab":2,"minecraft:cobblestone":16},"minecraft:used":{"minecraft:trident":3,"minecraft:oak_planks":158,"minecraft:andesite_slab":1,"minecraft:iron_sword":30,"minecraft:iron_chestplate":1,"minecraft:torch":8,"minecraft:target":2,"minecraft:crafting_table":3,"minecraft:yellow_carpet":1,"minecraft:wooden_axe":29,"minecraft:apple":3,"born_in_chaos_v1:caramel_pepper":1,"minecraft:iron_axe":100,"minecraft:bread":6,"minecraft:iron_pickaxe":17,"minecraft:iron_helmet":1,"minecraft:iron_boots":1,"minecraft:spruce_trapdoor":2,"tombstone:grave_key":23,"minecraft:stone_brick_stairs":2,"minecraft:cobblestone":5,"minecraft:furnace":1,"minecraft:cooked_porkchop":1,"tombstone:gift":4,"born_in_chaos_v1:sweet_sword":3},"minecraft:broken":{"minecraft:wooden_axe":1},"minecraft:crafted":{"minecraft:oak_planks":152,"minecraft:crafting_table":3,"minecraft:furnace":1,"minecraft:air":0,"minecraft:bread":11,"minecraft:iron_chestplate":1,"minecraft:iron_axe":1,"minecraft:stick":4,"minecraft:iron_ingot":1,"minecraft:wooden_axe":1,"minecraft:torch":8}},"DataVersion":3465}