{"stats":{"minecraft:custom":{"lootr:looted_stat":84,"minecraft:interact_with_crafting_table":25,"minecraft:open_barrel":3,"minecraft:eat_cake_slice":2,"minecraft:time_since_death":48,"minecraft:leave_game":2,"minecraft:damage_resisted":0,"minecraft:sprint_one_cm":410722,"minecraft:drop":247,"minecraft:play_time":174287,"minecraft:deaths":59,"minecraft:jump":2956,"minecraft:walk_on_water_one_cm":20225,"minecraft:interact_with_furnace":18,"minecraft:damage_dealt":33909,"minecraft:crouch_one_cm":15363,"tombstone:undead_killed":44,"minecraft:mob_kills":80,"minecraft:damage_dealt_resisted":746,"minecraft:climb_one_cm":4266,"minecraft:walk_one_cm":515554,"minecraft:damage_dealt_absorbed":50,"minecraft:sneak_time":6336,"minecraft:walk_under_water_one_cm":16732,"minecraft:interact_with_lectern":1,"minecraft:boat_one_cm":33214,"minecraft:total_world_time":174287,"minecraft:time_since_rest":1,"minecraft:damage_absorbed":369,"minecraft:damage_taken":22219,"minecraft:swim_one_cm":20587,"minecraft:fly_one_cm":415177,"minecraft:open_chest":6,"minecraft:fall_one_cm":106809},"minecraft:killed_by":{"terramity:elite_skeleton":8,"undead_revamp2:sucker":1,"minecraft:wither_skeleton":8,"irons_spellbooks:pyromancer":1,"born_in_chaos_v1:bone_imp_minion":2,"terramity:simple_turret":4,"man:managgresive":4,"minecraft:cave_spider":1,"minecraft:zombie":9,"born_in_chaos_v1:supreme_bonescaller_stage_2":1,"scguns:cog_minion":2,"undead_revamp2:theheavy":1,"born_in_chaos_v1:bonescaller_not_despawn":1,"minecraft:player":3,"minecraft:stray":2,"born_in_chaos_v1:bonescaller":1,"minecraft:hoglin":1,"minecraft:skeleton":4},"minecraft:dropped":{"minecraft:iron_sword":2,"minecraft:acacia_wood":1,"terramity:electronic_scrap":1,"minecraft:diamond":1,"minecraft:lantern":2,"scguns:ancient_brass":3,"paraglider:spirit_orb":6,"minecraft:item_frame":5,"minecraft:cyan_terracotta":2,"minecraft:dirt":12,"minecraft:cornflower":2,"irons_spellbooks:hogskin":18,"minecraft:crimson_roots":1,"theoneprobe:probenote":1,"minecraft:sand":2,"minecraft:iron_pickaxe":1,"minecraft:dark_oak_planks":5,"ars_nouveau:source_gem":3,"minecraft:gold_ingot":15,"minecraft:bone":22,"simplyswords:runic_tablet":1,"undead_revamp2:suckermemebrane":11,"irons_spellbooks:fire_rune":1,"alexsmobs:animal_dictionary":1,"minecraft:andesite_slab":1,"minecraft:wheat":2,"tombstone:gift":1,"minecraft:rotten_flesh":53,"minecraft:oak_planks":13,"evilcraft:flesh_humanoid":11,"patchouli:guide_book":4,"scguns:anthralite_nugget":1,"supplementaries:ash":20,"minecraft:tipped_arrow":1,"minecraft:turtle_helmet":1,"minecraft:gunpowder":2,"regions_unexplored:apple_oak_sapling":4,"born_in_chaos_v1:corpse_maggot":20,"apotheosis:gem":10,"minecraft:chainmail_boots":3,"minecraft:spruce_slab":6,"minecraft:iron_ingot":9,"regions_unexplored:corpse_flower":1,"born_in_chaos_v1:shattered_skull":4,"minecraft:wheat_seeds":2,"iceandfire:wither_shard":3,"minecraft:iron_helmet":2,"minecraft:cobblestone":30,"minecraft:book":6,"terramity:grate":1,"minecraft:copper_ingot":8,"minecraft:spruce_stairs":2,"minecraft:chainmail_helmet":2,"minecraft:yellow_carpet":1,"minecraft:coal":9,"minecraft:stick":17,"irons_spellbooks:scroll":8,"ars_nouveau:worn_notebook":1,"create:cut_ochrum_bricks":2,"minecraft:diamond_helmet":2,"tombstone:grave_dust":10,"minecraft:iron_leggings":4,"irons_spellbooks:common_ink":2,"minecraft:iron_axe":1,"regions_unexplored:silver_birch_leaf_pile":2,"minecraft:iron_shovel":3,"minecraft:paper":4,"quark:yellow_shard":6,"minecraft:string":7,"irons_spellbooks:frozen_bone":8,"terramity:fairy_dust":2,"create:cut_ochrum_brick_stairs":1,"minecraft:acacia_planks":3,"minecraft:tuff":1,"irons_spellbooks:uncommon_ink":1,"minecraft:light_gray_wool":1,"minecraft:iron_boots":1,"supplementaries:pedestal":3,"terramity:circuit_board":1,"terramity:music_sheet_of_untimely_death":9,"minecraft:nether_bricks":2,"minecraft:lily_of_the_valley":2,"minecraft:diamond_sword":1,"supplementaries:quiver":1,"create:small_ochrum_bricks":1,"minecraft:spruce_boat":1,"minecraft:mud_bricks":2,"minecraft:flower_pot":3,"undead_revamp2:heavytooth":2,"minecraft:spruce_trapdoor":5,"minecraft:spruce_planks":29,"minecraft:iron_chestplate":3,"terramity:accursed_soul":13,"minecraft:oak_sapling":45,"minecraft:stone_bricks":1,"minecraft:spider_eye":1,"minecraft:bow":4,"minecraft:raw_gold":3,"minecraft:dark_prismarine":14},"minecraft:killed":{"scguns:swarm":2,"minecraft:cave_spider":1,"creeperoverhaul:beach_creeper":1,"irons_spellbooks:pyromancer":1,"minecraft:spider":1,"born_in_chaos_v1:baby_skeleton_minion":1,"minecraft:skeleton":6,"undead_revamp2:therod":2,"minecraft:zombie":24,"born_in_chaos_v1:corpse_fly":6,"minecraft:stray":2,"scguns:cog_minion":1,"born_in_chaos_v1:skeleton_thrasher_not_despawn":1,"born_in_chaos_v1:maggot":4,"born_in_chaos_v1:baby_spider":1,"undead_revamp2:sucker":1,"mofus_better_end_:small_end_guardian":5,"born_in_chaos_v1:bone_imp_minion":3,"iceandfire:ghost":1,"born_in_chaos_v1:bonescaller_not_despawn":1,"minecraft:wither_skeleton":2},"minecraft:mined":{"minecraft:dark_oak_planks":2,"minecraft:spruce_planks":5,"minecraft:yellow_carpet":2,"supplementaries:pedestal":4,"minecraft:mud_bricks":2,"minecraft:spawner":7,"minecraft:iron_ore":12,"minecraft:fire":1,"minecraft:target":2,"quark:orange_framed_glass":2,"create:andesite_door":2,"minecraft:cyan_terracotta":2,"minecraft:calcite":3,"minecraft:mud_brick_stairs":1,"create:small_ochrum_bricks":1,"create:cut_ochrum_brick_stairs":1,"minecraft:cobblestone":2,"minecraft:oak_planks":28,"regions_unexplored:pine_log":1,"minecraft:tnt":4,"minecraft:grass":3,"minecraft:oak_log":112,"minecraft:yellow_stained_glass":2,"minecraft:oak_leaves":5,"minecraft:dark_prismarine":13,"minecraft:nether_bricks":2,"regions_unexplored:pine_planks":1,"minecraft:large_fern":1,"regions_unexplored:argillite":1,"create:cut_ochrum_bricks":2,"minecraft:furnace":2,"minecraft:bookshelf":2,"minecraft:shroomlight":2,"minecraft:deepslate_iron_ore":1,"regions_unexplored:apple_oak_leaves":1,"minecraft:stone":28,"regions_unexplored:medium_grass":3,"minecraft:crafting_table":2,"supplementaries:urn":1,"minecraft:coal_ore":18,"minecraft:cobweb":1,"minecraft:acacia_planks":3},"minecraft:picked_up":{"irons_spellbooks:scroll":5,"minecraft:iron_chestplate":2,"minecraft:wheat":5,"minecraft:chainmail_boots":2,"minecraft:flower_pot":3,"terramity:fairy_dust":2,"minecraft:stone_brick_stairs":2,"minecraft:string":3,"minecraft:iron_leggings":1,"regions_unexplored:pine_log":1,"minecraft:spruce_planks":38,"iceandfire:wither_shard":3,"minecraft:calcite":3,"minecraft:iron_pickaxe":1,"minecraft:furnace":2,"minecraft:tipped_arrow":1,"apotheosis:gem":10,"minecraft:stick":38,"undead_revamp2:suckermemebrane":11,"born_in_chaos_v1:shattered_skull":3,"regions_unexplored:corpse_flower":1,"minecraft:torch":1,"minecraft:spruce_stairs":2,"minecraft:porkchop":23,"minecraft:target":2,"tombstone:grave_dust":7,"irons_spellbooks:fire_rune":1,"regions_unexplored:argillite":1,"minecraft:rotten_flesh":49,"born_in_chaos_v1:sweet_sword":1,"minecraft:cyan_terracotta":2,"create:andesite_door":2,"supplementaries:ash":17,"minecraft:cobblestone":51,"minecraft:mud_brick_stairs":1,"born_in_chaos_v1:staff_of_magic_arrows":1,"paraglider:spirit_orb":6,"minecraft:tuff":1,"evilcraft:flesh_humanoid":5,"minecraft:dirt":12,"minecraft:lantern":2,"terramity:grate":1,"irons_spellbooks:hogskin":10,"minecraft:bone":25,"minecraft:acacia_planks":3,"minecraft:bow":3,"minecraft:wheat_seeds":2,"minecraft:diamond_helmet":1,"minecraft:oak_planks":29,"terramity:music_sheet_of_untimely_death":4,"minecraft:cooked_porkchop":1,"irons_spellbooks:frozen_bone":8,"regions_unexplored:pine_planks":1,"minecraft:sand":2,"minecraft:lily_of_the_valley":2,"undead_revamp2:heavytooth":2,"minecraft:dark_prismarine":14,"minecraft:bundle":2,"minecraft:yellow_carpet":2,"minecraft:diamond":11,"minecraft:spruce_boat":2,"minecraft:oak_sapling":45,"minecraft:andesite_slab":2,"minecraft:crimson_roots":1,"regions_unexplored:apple_oak_sapling":4,"minecraft:crafting_table":2,"minecraft:chicken":1,"iceandfire:witherbone":9,"born_in_chaos_v1:seedof_chaos":1,"minecraft:turtle_helmet":1,"minecraft:cornflower":2,"minecraft:item_frame":5,"minecraft:iron_shovel":1,"quark:yellow_shard":6,"terramity:accursed_soul":13,"irons_spellbooks:conjurers_talisman":1,"scguns:ancient_brass":3,"minecraft:player_head":4,"minecraft:spruce_slab":4,"minecraft:light_gray_wool":1,"irons_spellbooks:emerald_stoneplate_ring":1,"minecraft:spruce_trapdoor":7,"minecraft:raw_iron":21,"regions_unexplored:silver_birch_leaf_pile":2,"minecraft:copper_ingot":8,"supplementaries:pedestal":3,"quark:orange_framed_glass":2,"minecraft:carrot":1,"minecraft:dark_oak_planks":5,"minecraft:tnt":2,"minecraft:arrow":10,"minecraft:nether_bricks":2,"minecraft:gold_ingot":15,"create:small_ochrum_bricks":1,"born_in_chaos_v1:corpse_maggot":20,"minecraft:netherite_boots":1,"minecraft:mud_bricks":2,"minecraft:acacia_wood":1,"scguns:phosphorite":1,"minecraft:oak_log":112,"minecraft:gunpowder":2,"scguns:pebbles":3,"scguns:anthralite_nugget":1,"minecraft:apple":4,"minecraft:stone_bricks":1,"minecraft:iron_ingot":10,"born_in_chaos_v1:caramel_pepper":1,"create:cut_ochrum_bricks":2,"minecraft:book":6,"create:cut_ochrum_brick_stairs":1,"minecraft:spider_eye":1,"undead_revamp2:rawbostrox":1,"minecraft:iron_helmet":1,"terramity:gold_round":3,"minecraft:coal":35},"minecraft:used":{"minecraft:iron_sword":125,"minecraft:player_head":4,"minecraft:iron_chestplate":1,"regions_unexplored:argillite":1,"minecraft:carrot":1,"minecraft:spruce_boat":1,"born_in_chaos_v1:smoked_flesh":1,"minecraft:iron_helmet":1,"minecraft:netherite_hoe":2,"born_in_chaos_v1:caramel_pepper":1,"minecraft:stone_brick_stairs":2,"supplementaries:ash":2,"minecraft:furnace":3,"born_in_chaos_v1:sweet_sword":3,"minecraft:oak_planks":430,"minecraft:golden_apple":10,"minecraft:bread":18,"tombstone:grave_key":72,"minecraft:diamond_sword":347,"minecraft:trident":3,"minecraft:flint_and_steel":64,"minecraft:stick":3,"minecraft:torch":110,"minecraft:target":2,"create:andesite_door":2,"minecraft:diamond_helmet":2,"quark:orange_framed_glass":2,"minecraft:yellow_carpet":1,"minecraft:mud_brick_stairs":1,"minecraft:wooden_axe":47,"minecraft:iron_axe":115,"minecraft:iron_boots":1,"minecraft:golden_carrot":6,"tombstone:gift":4,"minecraft:calcite":3,"minecraft:andesite_slab":1,"scguns:phosphorite":1,"minecraft:tnt":2,"minecraft:crafting_table":8,"supplementaries:bomb":2,"minecraft:dark_prismarine":1,"minecraft:apple":3,"minecraft:iron_pickaxe":115,"minecraft:spruce_trapdoor":2,"minecraft:cobblestone":5,"minecraft:cooked_porkchop":3,"regions_unexplored:pine_planks":1},"minecraft:broken":{"minecraft:iron_boots":1,"minecraft:wooden_axe":1,"minecraft:flint_and_steel":1,"minecraft:iron_axe":1,"minecraft:iron_helmet":1},"minecraft:crafted":{"minecraft:oak_planks":448,"minecraft:diamond_helmet":1,"minecraft:diamond_leggings":1,"tombstone:grave_key":1,"minecraft:cooked_porkchop":2,"minecraft:crafting_table":7,"iceandfire:wither_shard":3,"minecraft:iron_chestplate":1,"sophisticatedbackpacks:diamond_backpack":1,"minecraft:stick":16,"minecraft:iron_ingot":9,"minecraft:furnace":2,"minecraft:iron_axe":1,"minecraft:spruce_boat":1,"sophisticatedbackpacks:iron_backpack":1,"sophisticatedbackpacks:gold_backpack":1,"minecraft:bread":11,"minecraft:air":0,"regions_unexplored:pine_planks":4,"minecraft:golden_apple":8,"minecraft:wooden_axe":2,"minecraft:torch":112,"minecraft:diamond_chestplate":1}},"DataVersion":3465}