{"stats":{"minecraft:custom":{"lootr:looted_stat":54,"minecraft:mob_kills":21,"minecraft:interact_with_crafting_table":10,"minecraft:open_barrel":1,"minecraft:damage_dealt_resisted":152,"minecraft:leave_game":2,"minecraft:time_since_death":576,"minecraft:climb_one_cm":973,"minecraft:damage_resisted":0,"minecraft:sprint_one_cm":191871,"minecraft:walk_one_cm":259726,"minecraft:drop":131,"minecraft:play_time":87956,"minecraft:deaths":34,"minecraft:sneak_time":4922,"minecraft:walk_under_water_one_cm":3402,"minecraft:interact_with_lectern":1,"minecraft:jump":1285,"minecraft:walk_on_water_one_cm":5370,"minecraft:total_world_time":87956,"minecraft:interact_with_furnace":3,"minecraft:time_since_rest":347,"minecraft:damage_taken":11477,"minecraft:damage_dealt":9526,"minecraft:swim_one_cm":11192,"minecraft:fly_one_cm":188970,"minecraft:open_chest":2,"minecraft:crouch_one_cm":10818,"tombstone:undead_killed":8,"minecraft:fall_one_cm":39274},"minecraft:killed_by":{"terramity:elite_skeleton":8,"minecraft:player":1,"minecraft:wither_skeleton":6,"irons_spellbooks:pyromancer":1,"terramity:simple_turret":4,"man:managgresive":3,"born_in_chaos_v1:bonescaller":1,"minecraft:hoglin":1,"minecraft:skeleton":1,"minecraft:zombie":3,"scguns:cog_minion":1,"undead_revamp2:theheavy":1},"minecraft:dropped":{"minecraft:iron_ingot":7,"minecraft:wheat_seeds":1,"iceandfire:wither_shard":3,"minecraft:iron_helmet":1,"minecraft:cobblestone":5,"minecraft:lantern":2,"terramity:grate":1,"scguns:ancient_brass":3,"minecraft:spruce_stairs":2,"minecraft:chainmail_helmet":1,"minecraft:yellow_carpet":1,"minecraft:item_frame":5,"minecraft:cyan_terracotta":2,"irons_spellbooks:scroll":8,"ars_nouveau:worn_notebook":1,"irons_spellbooks:hogskin":18,"minecraft:cornflower":2,"theoneprobe:probenote":1,"tombstone:grave_dust":6,"minecraft:iron_leggings":2,"irons_spellbooks:common_ink":2,"minecraft:sand":2,"regions_unexplored:silver_birch_leaf_pile":2,"minecraft:dark_oak_planks":5,"minecraft:iron_shovel":1,"minecraft:paper":4,"minecraft:string":1,"terramity:fairy_dust":2,"minecraft:bone":1,"simplyswords:runic_tablet":1,"irons_spellbooks:fire_rune":1,"alexsmobs:animal_dictionary":1,"minecraft:andesite_slab":1,"minecraft:wheat":2,"irons_spellbooks:uncommon_ink":1,"minecraft:rotten_flesh":25,"minecraft:oak_planks":4,"terramity:circuit_board":1,"terramity:music_sheet_of_untimely_death":7,"evilcraft:flesh_humanoid":6,"patchouli:guide_book":4,"minecraft:lily_of_the_valley":2,"scguns:anthralite_nugget":1,"minecraft:spruce_boat":1,"minecraft:turtle_helmet":1,"minecraft:flower_pot":3,"undead_revamp2:heavytooth":1,"minecraft:gunpowder":1,"regions_unexplored:apple_oak_sapling":4,"minecraft:spruce_trapdoor":5,"minecraft:spruce_planks":25,"born_in_chaos_v1:corpse_maggot":20,"apotheosis:gem":8,"minecraft:oak_sapling":45,"minecraft:chainmail_boots":3,"minecraft:stone_bricks":1,"minecraft:spruce_slab":6,"minecraft:bow":2,"minecraft:dark_prismarine":7},"minecraft:killed":{"creeperoverhaul:beach_creeper":1,"irons_spellbooks:pyromancer":1,"scguns:cog_minion":1,"born_in_chaos_v1:baby_skeleton_minion":1,"born_in_chaos_v1:maggot":3,"minecraft:skeleton":1,"minecraft:zombie":4,"born_in_chaos_v1:corpse_fly":6,"minecraft:wither_skeleton":2},"minecraft:mined":{"minecraft:dark_oak_planks":2,"minecraft:dark_prismarine":6,"minecraft:yellow_carpet":2,"minecraft:spawner":2,"minecraft:large_fern":1,"minecraft:iron_ore":1,"minecraft:target":2,"regions_unexplored:medium_grass":2,"create:andesite_door":2,"minecraft:stone":14,"minecraft:cyan_terracotta":2,"minecraft:cobblestone":2,"minecraft:oak_planks":27,"minecraft:grass":2,"minecraft:oak_log":106,"minecraft:cobweb":1,"minecraft:oak_leaves":5},"minecraft:picked_up":{"irons_spellbooks:scroll":5,"minecraft:wheat":5,"iceandfire:witherbone":8,"minecraft:chainmail_boots":2,"minecraft:chicken":1,"minecraft:flower_pot":3,"minecraft:turtle_helmet":1,"terramity:fairy_dust":2,"minecraft:stone_brick_stairs":2,"minecraft:cornflower":2,"minecraft:string":1,"minecraft:item_frame":5,"irons_spellbooks:conjurers_talisman":1,"minecraft:spruce_planks":34,"iceandfire:wither_shard":3,"scguns:ancient_brass":3,"minecraft:spruce_slab":4,"minecraft:spruce_trapdoor":7,"minecraft:stick":34,"minecraft:raw_iron":1,"apotheosis:gem":8,"regions_unexplored:silver_birch_leaf_pile":2,"minecraft:spruce_stairs":2,"minecraft:porkchop":6,"minecraft:target":2,"tombstone:grave_dust":4,"minecraft:carrot":1,"irons_spellbooks:fire_rune":1,"minecraft:dark_oak_planks":5,"minecraft:rotten_flesh":25,"born_in_chaos_v1:sweet_sword":1,"minecraft:cyan_terracotta":2,"create:andesite_door":2,"minecraft:cobblestone":18,"born_in_chaos_v1:corpse_maggot":20,"minecraft:oak_log":106,"evilcraft:flesh_humanoid":3,"minecraft:gunpowder":1,"scguns:pebbles":3,"minecraft:lantern":2,"scguns:anthralite_nugget":1,"terramity:grate":1,"irons_spellbooks:hogskin":10,"minecraft:bone":9,"minecraft:apple":4,"minecraft:stone_bricks":1,"minecraft:bow":2,"minecraft:wheat_seeds":1,"minecraft:iron_ingot":6,"born_in_chaos_v1:caramel_pepper":1,"terramity:music_sheet_of_untimely_death":4,"minecraft:oak_planks":28,"minecraft:sand":2,"minecraft:lily_of_the_valley":2,"minecraft:dark_prismarine":6,"undead_revamp2:heavytooth":2,"minecraft:bundle":1,"undead_revamp2:rawbostrox":1,"minecraft:yellow_carpet":2,"minecraft:spruce_boat":2,"minecraft:oak_sapling":45,"minecraft:coal":6,"terramity:gold_round":3,"minecraft:andesite_slab":2,"regions_unexplored:apple_oak_sapling":4},"minecraft:used":{"minecraft:trident":3,"minecraft:iron_sword":122,"minecraft:iron_chestplate":1,"minecraft:torch":8,"create:andesite_door":2,"minecraft:target":2,"minecraft:yellow_carpet":1,"minecraft:spruce_boat":1,"minecraft:wooden_axe":36,"minecraft:iron_axe":103,"minecraft:iron_helmet":1,"born_in_chaos_v1:caramel_pepper":1,"minecraft:iron_boots":1,"minecraft:stone_brick_stairs":2,"minecraft:furnace":1,"tombstone:gift":4,"born_in_chaos_v1:sweet_sword":3,"minecraft:oak_planks":395,"minecraft:andesite_slab":1,"minecraft:crafting_table":4,"minecraft:apple":3,"minecraft:bread":8,"minecraft:iron_pickaxe":29,"minecraft:spruce_trapdoor":2,"tombstone:grave_key":36,"minecraft:cobblestone":5,"minecraft:cooked_porkchop":1},"minecraft:broken":{"minecraft:iron_boots":1,"minecraft:iron_axe":1,"minecraft:iron_helmet":1,"minecraft:wooden_axe":1},"minecraft:crafted":{"minecraft:oak_planks":424,"minecraft:furnace":1,"minecraft:iron_axe":1,"minecraft:spruce_boat":1,"minecraft:crafting_table":4,"iceandfire:wither_shard":3,"minecraft:bread":11,"minecraft:air":0,"minecraft:iron_chestplate":1,"minecraft:stick":4,"minecraft:iron_ingot":1,"minecraft:wooden_axe":2,"minecraft:torch":8}},"DataVersion":3465}