{"stats":{"minecraft:killed":{"minecraft:cow":1},"minecraft:used":{"minecraft:apple":3,"minecraft:bread":3,"minecraft:oak_planks":6,"minecraft:leather_helmet":1,"minecraft:iron_boots":1,"minecraft:iron_sword":7,"tombstone:grave_key":1,"minecraft:beef":3,"minecraft:chainmail_boots":1,"tombstone:gift":2,"minecraft:experience_bottle":1},"minecraft:picked_up":{"minecraft:stick":6,"minecraft:leather":1,"regions_unexplored:silt_dirt":1,"minecraft:oak_log":17,"minecraft:white_bed":1,"minecraft:tnt":1,"minecraft:item_frame":2,"minecraft:experience_bottle":1,"minecraft:wheat_seeds":1,"minecraft:hay_block":1,"minecraft:beef":3,"minecraft:oak_sapling":16,"minecraft:iron_sword":1,"terramity:music_sheet_of_untimely_death":1},"minecraft:custom":{"minecraft:time_since_rest":1,"lootr:looted_stat":11,"minecraft:sprint_one_cm":92285,"minecraft:damage_taken":1379,"minecraft:walk_one_cm":42150,"minecraft:mob_kills":1,"minecraft:drop":11,"minecraft:damage_dealt":318,"minecraft:swim_one_cm":11009,"minecraft:interact_with_crafting_table":1,"minecraft:fly_one_cm":37877,"minecraft:crouch_one_cm":264,"minecraft:play_time":17903,"minecraft:deaths":4,"minecraft:sneak_time":43,"minecraft:walk_under_water_one_cm":878,"minecraft:jump":180,"minecraft:eat_cake_slice":3,"minecraft:time_since_death":129,"minecraft:walk_on_water_one_cm":1636,"minecraft:climb_one_cm":1683,"minecraft:total_world_time":17903,"minecraft:interact_with_smoker":1,"minecraft:fall_one_cm":6228,"minecraft:horse_one_cm":58140},"minecraft:killed_by":{"undead_revamp2:the_moonflower":2,"terramity:simple_turret":2},"minecraft:crafted":{"minecraft:oak_planks":68,"minecraft:crafting_table":1,"minecraft:stick":8},"minecraft:dropped":{"ars_nouveau:worn_notebook":1,"minecraft:wheat_seeds":1,"alexsmobs:animal_dictionary":1,"minecraft:tnt":1,"minecraft:leather":1,"regions_unexplored:silt_dirt":1,"terramity:music_sheet_of_untimely_death":1,"patchouli:guide_book":4},"minecraft:mined":{"minecraft:white_bed":1,"minecraft:tnt":1,"minecraft:bookshelf":1,"minecraft:oak_log":17}},"DataVersion":3465}