{"stats":{"minecraft:killed":{"born_in_chaos_v1:spiritof_chaos":1,"minecraft:husk":2,"born_in_chaos_v1:pumpkin_dunce":1,"minecraft:skeleton":1,"born_in_chaos_v1:corpse_fly":1},"minecraft:custom":{"minecraft:interact_with_furnace":2,"lootr:looted_stat":10,"minecraft:mob_kills":6,"minecraft:interact_with_crafting_table":3,"minecraft:open_barrel":1,"minecraft:damage_dealt_resisted":141,"minecraft:eat_cake_slice":4,"minecraft:leave_game":2,"minecraft:time_since_death":6709,"minecraft:climb_one_cm":1121,"minecraft:damage_resisted":0,"minecraft:time_since_rest":6516,"minecraft:sprint_one_cm":85459,"minecraft:damage_taken":3902,"minecraft:walk_one_cm":145872,"minecraft:drop":64,"minecraft:damage_dealt":1464,"minecraft:swim_one_cm":252,"minecraft:fly_one_cm":32656,"minecraft:player_kills":4,"minecraft:crouch_one_cm":526,"tombstone:undead_killed":3,"minecraft:play_time":50161,"minecraft:deaths":11,"minecraft:sneak_time":151,"minecraft:walk_under_water_one_cm":10119,"minecraft:jump":501,"minecraft:walk_on_water_one_cm":3529,"minecraft:total_world_time":50161,"minecraft:fall_one_cm":15142},"minecraft:killed_by":{"minecraft:husk":1,"minecraft:player":4,"minecraft:cave_spider":1,"minecraft:skeleton":2,"minecraft:zombie":1,"born_in_chaos_v1:corpse_fly":1},"minecraft:dropped":{"minecraft:furnace":1,"minecraft:player_head":1,"minecraft:cobbled_deepslate":223,"alexsmobs:animal_dictionary":1,"regions_unexplored:larch_planks":7,"minecraft:tuff":2,"scguns:powder_and_ball":12,"minecraft:cobblestone":44,"minecraft:rotten_flesh":13,"minecraft:clay_ball":136,"born_in_chaos_v1:caramel_pepper":1,"terramity:music_sheet_of_untimely_death":1,"terramity:music_sheet_of_defense":1,"scguns:raw_anthralite":3,"scguns:phosphorite":9,"patchouli:guide_book":4,"supplementaries:antique_ink":4,"minecraft:dirt":12,"ars_nouveau:worn_notebook":1,"minecraft:waxed_cut_copper":1,"minecraft:spruce_planks":5,"apotheosis:gem":2,"iceandfire:pixie_dust":1,"minecraft:chest":1,"minecraft:wooden_pickaxe":1,"minecraft:stone_pickaxe":1,"minecraft:calcite":7,"iceandfire:manuscript":10,"minecraft:spruce_sapling":8},"minecraft:picked_up":{"relics:ice_skates":1,"relics:roller_skates":1,"minecraft:crafting_table":3,"regions_unexplored:larch_planks":7,"minecraft:clay_ball":172,"born_in_chaos_v1:seedof_chaos":1,"terramity:fairy_dust":1,"minecraft:wooden_pickaxe":1,"paraglider:spirit_orb":4,"scguns:phosphorite":4,"minecraft:tuff":2,"minecraft:oak_log":1,"minecraft:shield":1,"iceandfire:manuscript":5,"scguns:raw_anthralite":3,"minecraft:dirt":15,"tombstone:gift":1,"minecraft:bow":1,"minecraft:cracked_stone_bricks":1,"minecraft:cobbled_deepslate":226,"relics:infinity_ham":1,"minecraft:spruce_planks":5,"irons_spellbooks:emerald_stoneplate_ring":1,"minecraft:stone_pickaxe":2,"minecraft:calcite":7,"minecraft:player_head":1,"born_in_chaos_v1:caramel_pepper":1,"scguns:sulfur_chunk":3,"minecraft:moss_block":2,"minecraft:chest":1,"minecraft:furnace":1,"iceandfire:pixie_dust":1,"minecraft:raw_iron":2,"apotheosis:gem":3,"minecraft:sweet_berries":2,"quark:shale":9,"minecraft:torch":19,"minecraft:spruce_sapling":8,"minecraft:spruce_log":4,"minecraft:leather_helmet":1,"minecraft:arrow":3,"minecraft:rotten_flesh":3,"collectorsalbum:epic_card_pack":2,"supplementaries:antique_ink":4,"ars_nouveau:sourceberry_bush":42,"minecraft:waxed_cut_copper":1,"minecraft:coal":7,"minecraft:cobblestone":61},"minecraft:broken":{"minecraft:stone_pickaxe":1},"minecraft:used":{"minecraft:stone_pickaxe":240,"quark:shale":9,"minecraft:wooden_pickaxe":19,"minecraft:iron_sword":34,"minecraft:rotten_flesh":2,"minecraft:salmon":2,"minecraft:torch":27,"minecraft:dirt":9,"minecraft:crafting_table":2,"minecraft:bread":1,"tombstone:grave_key":15,"evilcraft:flesh_humanoid":1,"minecraft:stone_axe":19,"minecraft:bow":1,"minecraft:sweet_berries":4,"minecraft:furnace":1,"ars_nouveau:sourceberry_bush":14,"tombstone:gift":6},"minecraft:crafted":{"minecraft:oak_planks":4,"minecraft:crafting_table":1,"minecraft:spruce_planks":16,"minecraft:wooden_pickaxe":1,"minecraft:furnace":1,"minecraft:stone_axe":1,"minecraft:stick":16,"minecraft:iron_ingot":1,"minecraft:stone_pickaxe":2,"minecraft:torch":12},"minecraft:mined":{"minecraft:waxed_cut_copper":1,"minecraft:tuff":1,"minecraft:spruce_planks":4,"quark:shale":9,"regions_unexplored:larch_planks":8,"minecraft:crafting_table":3,"minecraft:grass_block":2,"minecraft:lightning_rod":1,"minecraft:cobblestone":14,"ars_nouveau:sourceberry_bush":16,"minecraft:moss_block":2,"minecraft:wall_torch":3,"minecraft:spawner":2,"minecraft:large_fern":12,"supplementaries:urn":3,"minecraft:furnace":1,"minecraft:iron_ore":4,"minecraft:spruce_log":12,"minecraft:coal_ore":4,"minecraft:oak_log":1,"minecraft:cave_vines":5,"minecraft:deepslate_iron_ore":1,"minecraft:dirt":8,"scguns:phosphorite":1,"minecraft:cracked_stone_bricks":1,"minecraft:stone":41,"minecraft:player_head":1,"minecraft:oak_leaves":3,"minecraft:deepslate":156,"minecraft:fern":1}},"DataVersion":3465}