{"stats":{"minecraft:custom":{"minecraft:interact_with_smithing_table":1,"lootr:looted_stat":55,"minecraft:mob_kills":21,"minecraft:interact_with_crafting_table":3,"minecraft:open_barrel":6,"minecraft:bell_ring":1,"minecraft:damage_dealt_resisted":0,"minecraft:eat_cake_slice":2,"minecraft:leave_game":8,"minecraft:time_since_death":5340,"minecraft:climb_one_cm":1121,"minecraft:damage_resisted":28,"minecraft:sprint_one_cm":308910,"minecraft:walk_one_cm":191081,"minecraft:damage_blocked_by_shield":367,"minecraft:drop":148,"minecraft:play_time":103892,"minecraft:sneak_time":806,"minecraft:deaths":36,"minecraft:walk_under_water_one_cm":10897,"minecraft:jump":1304,"minecraft:walk_on_water_one_cm":10646,"minecraft:total_world_time":103892,"minecraft:time_since_rest":5125,"minecraft:damage_absorbed":240,"minecraft:damage_taken":13464,"minecraft:damage_dealt":9882,"minecraft:swim_one_cm":27842,"minecraft:fly_one_cm":256157,"minecraft:open_chest":7,"minecraft:crouch_one_cm":675,"tombstone:undead_killed":6,"minecraft:fall_one_cm":43691},"minecraft:killed_by":{"terramity:elite_skeleton":6,"minecraft:player":1,"minecraft:wither_skeleton":12,"minecraft:creeper":1,"terramity:simple_turret":5,"minecraft:hoglin":1,"minecraft:skeleton":2,"minecraft:zombie":4,"scguns:cog_minion":1,"born_in_chaos_v1:maggot":1},"minecraft:dropped":{"minecraft:enchanted_book":1,"minecraft:iron_ingot":6,"minecraft:iron_sword":2,"minecraft:acacia_wood":4,"minecraft:wheat_seeds":2,"terramity:electronic_scrap":1,"regions_unexplored:red_maple_shrub":2,"minecraft:iron_helmet":1,"minecraft:cobblestone":5,"create:cogwheel":9,"terramity:grate":1,"terramity:ball_n_chain":1,"minecraft:coal":4,"minecraft:item_frame":1,"minecraft:stick":4,"minecraft:dirt":3,"regions_unexplored:red_maple_sapling":3,"irons_spellbooks:scroll":1,"regions_unexplored:red_maple_leaf_pile":3,"create:cut_ochrum_bricks":1,"iceandfire:copper_nugget":14,"minecraft:torch":1,"minecraft:netherite_boots":1,"tombstone:grave_dust":4,"minecraft:gold_nugget":1,"irons_spellbooks:common_ink":2,"minecraft:sand":13,"regions_unexplored:silver_birch_leaf_pile":1,"undead_revamp2:blacpetalblock":2,"minecraft:dark_oak_planks":6,"minecraft:string":1,"quark:yellow_shard":6,"create:cut_ochrum_brick_stairs":1,"minecraft:bone":14,"minecraft:oak_door":1,"minecraft:gravel":11,"scguns:pebbles":3,"iceandfire:witherbone":3,"minecraft:rotten_flesh":23,"minecraft:light_gray_wool":1,"minecraft:oak_planks":3,"minecraft:iron_boots":2,"terramity:music_sheet_of_untimely_death":7,"evilcraft:flesh_humanoid":3,"minecraft:potato":6,"minecraft:turtle_helmet":1,"terramity:iridescent_shard":1,"minecraft:flower_pot":3,"minecraft:gunpowder":2,"irons_spellbooks:conjurers_talisman":1,"minecraft:spruce_trapdoor":5,"minecraft:spruce_planks":1,"minecraft:iron_chestplate":1,"apotheosis:gem":2,"terramity:accursed_soul":9,"minecraft:chainmail_boots":2,"minecraft:bow":1,"terramity:gold_round":8,"create:andesite_alloy":1},"minecraft:killed":{"minecraft:spider":1,"minecraft:skeleton":2,"terramity:elite_skeleton":1,"minecraft:hoglin":6,"born_in_chaos_v1:bloody_gadfly":1,"minecraft:zombie":3,"born_in_chaos_v1:corpse_fly":4},"minecraft:mined":{"minecraft:spruce_planks":1,"minecraft:white_bed":1,"regions_unexplored:maple_log":12,"minecraft:grass_block":2,"regions_unexplored:maple_leaves":5,"minecraft:spawner":1,"minecraft:black_stained_glass_pane":1,"minecraft:acacia_wood":1,"minecraft:dirt_path":1,"regions_unexplored:apple_oak_leaves":6,"regions_unexplored:medium_grass":5,"minecraft:spruce_wood":1,"minecraft:dandelion":1,"regions_unexplored:silt_dirt":3,"minecraft:rose_bush":1,"minecraft:tall_grass":1,"minecraft:oak_planks":1,"regions_unexplored:sandy_tall_grass":1,"regions_unexplored:red_maple_leaf_pile":1,"minecraft:grass":4,"minecraft:gravel":15,"minecraft:sand":37,"minecraft:oak_leaves":1},"minecraft:picked_up":{"minecraft:iron_chestplate":1,"minecraft:wheat":2,"iceandfire:witherbone":2,"minecraft:chainmail_boots":1,"minecraft:flower_pot":3,"minecraft:turtle_helmet":1,"minecraft:diamond_sword":1,"regions_unexplored:silt_dirt":3,"regions_unexplored:red_maple_leaf_pile":3,"minecraft:string":1,"minecraft:iron_leggings":1,"minecraft:item_frame":1,"minecraft:iron_shovel":1,"quark:yellow_shard":6,"terramity:accursed_soul":9,"minecraft:bucket":1,"minecraft:spruce_planks":1,"minecraft:light_gray_wool":2,"minecraft:spruce_trapdoor":5,"minecraft:iron_boots":1,"apotheosis:gem":2,"minecraft:stick":4,"regions_unexplored:silver_birch_leaf_pile":1,"minecraft:torch":1,"tombstone:grave_dust":1,"minecraft:trident":1,"minecraft:dark_oak_planks":16,"minecraft:arrow":2,"minecraft:rotten_flesh":23,"create:experience_nugget":2,"minecraft:cobblestone":2,"born_in_chaos_v1:corpse_maggot":8,"minecraft:golden_carrot":15,"minecraft:acacia_wood":4,"born_in_chaos_v1:mint_ice_cream":1,"paraglider:spirit_orb":4,"minecraft:flint":1,"minecraft:oak_log":37,"create:andesite_alloy":1,"evilcraft:flesh_humanoid":4,"regions_unexplored:red_maple_sapling":3,"minecraft:gunpowder":2,"scguns:pebbles":3,"minecraft:dirt":3,"tombstone:gift":1,"terramity:grate":1,"irons_spellbooks:common_ink":2,"minecraft:bone":9,"minecraft:apple":3,"undead_revamp2:blacpetalblock":1,"minecraft:bow":1,"regions_unexplored:red_maple_shrub":2,"minecraft:wheat_seeds":2,"minecraft:spruce_wood":1,"minecraft:iron_ingot":8,"terramity:music_sheet_of_untimely_death":6,"minecraft:iron_sword":2,"minecraft:oak_planks":62,"create:cut_ochrum_bricks":1,"iceandfire:copper_nugget":14,"create:cogwheel":7,"create:cut_ochrum_brick_stairs":1,"minecraft:gravel":11,"minecraft:sand":34,"minecraft:white_bed":1,"minecraft:bundle":1,"minecraft:iron_helmet":2,"regions_unexplored:maple_log":8,"minecraft:chainmail_helmet":1,"minecraft:coal":1,"terramity:gold_round":5,"regions_unexplored:apple_oak_sapling":1},"minecraft:used":{"regions_unexplored:silt_dirt":3,"minecraft:trident":185,"minecraft:iron_shovel":57,"simplyswords:iron_warglaive":5,"minecraft:shield":4,"minecraft:iron_sword":2,"minecraft:rotten_flesh":2,"regions_unexplored:maple_planks":28,"minecraft:iron_chestplate":1,"minecraft:dirt":2,"minecraft:diamond_helmet":1,"minecraft:dark_oak_planks":10,"born_in_chaos_v1:corpse_maggot":8,"minecraft:iron_helmet":1,"minecraft:iron_boots":2,"minecraft:netherite_boots":1,"minecraft:light_gray_wool":1,"minecraft:golden_carrot":1,"tombstone:gift":5,"minecraft:acacia_wood":1,"minecraft:iron_leggings":1,"born_in_chaos_v1:mint_ice_cream":1,"minecraft:water_bucket":16,"minecraft:oak_planks":176,"minecraft:golden_apple":6,"minecraft:sand":21,"minecraft:crafting_table":1,"supplementaries:bomb":2,"minecraft:diamond_pickaxe":1,"regions_unexplored:apple_oak_sapling":1,"minecraft:apple":2,"minecraft:bread":6,"tombstone:grave_key":17,"create:black_toolbox":1,"minecraft:chainmail_boots":2,"minecraft:turtle_helmet":1,"minecraft:bucket":16,"minecraft:diamond_leggings":1,"minecraft:splash_potion":1,"minecraft:experience_bottle":13},"minecraft:broken":{"minecraft:iron_chestplate":1,"minecraft:iron_leggings":1,"minecraft:iron_helmet":1},"minecraft:crafted":{"minecraft:oak_planks":148,"regions_unexplored:maple_planks":32,"minecraft:flint_and_steel":1,"minecraft:diamond_helmet":1,"tombstone:grave_key":6,"minecraft:crafting_table":1,"minecraft:spruce_planks":4,"minecraft:diamond_pickaxe":1,"minecraft:stick":8}},"DataVersion":3465}