{"stats":{"minecraft:custom":{"minecraft:time_since_rest":8537,"minecraft:interact_with_smithing_table":1,"minecraft:sprint_one_cm":18191,"lootr:looted_stat":1,"minecraft:play_time":20420,"minecraft:damage_taken":289,"minecraft:deaths":1,"minecraft:walk_one_cm":16193,"minecraft:drop":2,"minecraft:jump":29,"minecraft:leave_game":6,"minecraft:time_since_death":10936,"minecraft:climb_one_cm":585,"minecraft:total_world_time":20420,"minecraft:fall_one_cm":673,"minecraft:fly_one_cm":6722},"minecraft:killed_by":{"minecraft:player":1},"minecraft:dropped":{"minecraft:dirt":1,"minecraft:item_frame":1},"minecraft:mined":{"minecraft:dirt_path":1,"regions_unexplored:maple_leaves":5,"regions_unexplored:medium_grass":1},"minecraft:picked_up":{"minecraft:item_frame":1,"minecraft:torch":1,"minecraft:iron_sword":1,"minecraft:dirt":1}},"DataVersion":3465}