{"stats":{"minecraft:custom":{"minecraft:time_since_rest":22620,"minecraft:interact_with_smithing_table":1,"lootr:looted_stat":40,"minecraft:sprint_one_cm":72328,"minecraft:damage_taken":576,"minecraft:walk_one_cm":63196,"minecraft:damage_blocked_by_shield":10,"minecraft:mob_kills":2,"minecraft:drop":13,"minecraft:damage_dealt":464,"minecraft:swim_one_cm":3533,"minecraft:fly_one_cm":30526,"minecraft:open_barrel":1,"minecraft:crouch_one_cm":110,"minecraft:play_time":34503,"minecraft:deaths":1,"minecraft:sneak_time":30,"minecraft:walk_under_water_one_cm":140,"minecraft:jump":147,"minecraft:leave_game":6,"minecraft:time_since_death":25019,"minecraft:walk_on_water_one_cm":973,"minecraft:total_world_time":34503,"minecraft:climb_one_cm":1121,"minecraft:fall_one_cm":4081},"minecraft:killed_by":{"minecraft:player":1},"minecraft:dropped":{"minecraft:iron_ingot":6,"minecraft:dirt":3,"regions_unexplored:red_maple_shrub":1,"minecraft:chainmail_boots":1,"minecraft:cobblestone":3,"minecraft:bow":1,"terramity:music_sheet_of_untimely_death":2,"minecraft:item_frame":1},"minecraft:killed":{"born_in_chaos_v1:corpse_fly":2},"minecraft:mined":{"minecraft:white_bed":1,"minecraft:grass":3,"minecraft:dirt_path":1,"minecraft:gravel":9,"regions_unexplored:medium_grass":5,"regions_unexplored:maple_leaves":5},"minecraft:picked_up":{"born_in_chaos_v1:corpse_maggot":6,"minecraft:chainmail_boots":1,"iceandfire:copper_nugget":14,"minecraft:flower_pot":3,"minecraft:torch":1,"born_in_chaos_v1:mint_ice_cream":1,"evilcraft:flesh_humanoid":1,"tombstone:grave_dust":1,"minecraft:white_bed":1,"minecraft:dirt":1,"tombstone:gift":1,"irons_spellbooks:common_ink":2,"minecraft:item_frame":1,"minecraft:iron_shovel":1,"minecraft:rotten_flesh":2,"minecraft:bow":1,"regions_unexplored:red_maple_shrub":1,"minecraft:wheat_seeds":1,"minecraft:iron_helmet":1,"minecraft:iron_ingot":6,"minecraft:spruce_trapdoor":5,"minecraft:iron_sword":1,"terramity:music_sheet_of_untimely_death":3,"minecraft:cobblestone":1,"minecraft:iron_boots":1},"minecraft:used":{"born_in_chaos_v1:corpse_maggot":6,"born_in_chaos_v1:mint_ice_cream":1,"minecraft:trident":6,"minecraft:apple":2,"minecraft:iron_shovel":9,"minecraft:bread":1,"minecraft:iron_helmet":1,"minecraft:shield":1,"tombstone:grave_key":1,"minecraft:rotten_flesh":2,"minecraft:chainmail_boots":1,"minecraft:iron_leggings":1}},"DataVersion":3465}