{"stats":{"minecraft:broken":{"minecraft:leather_helmet":1,"minecraft:iron_boots":1},"minecraft:killed":{"undead_revamp2:bigsucker":1,"minecraft:witch":5,"graveyard:corrupted_vindicator":4,"minecraft:spider":1,"undead_revamp2:sucker":1,"terramity:blue_fairy":1,"minecraft:zombie":2,"minecraft:cow":1},"minecraft:used":{"minecraft:stone_shovel":1,"minecraft:shield":4,"minecraft:iron_sword":28,"minecraft:torch":27,"minecraft:iron_axe":4,"minecraft:iron_helmet":1,"minecraft:iron_boots":1,"minecraft:beef":3,"tombstone:gift":4,"minecraft:potato":1,"minecraft:stone_pickaxe":19,"minecraft:oak_planks":299,"regions_unexplored:raw_redstone_block":1,"minecraft:crafting_table":1,"alexscaves:cave_book":1,"minecraft:crossbow":2,"minecraft:apple":4,"minecraft:bread":14,"minecraft:iron_pickaxe":229,"tombstone:magic_scroll":1,"minecraft:leather_helmet":1,"tombstone:grave_key":21,"minecraft:cobblestone":16,"minecraft:chainmail_boots":1,"terramity:ruby_sword":198,"minecraft:experience_bottle":2},"minecraft:picked_up":{"regions_unexplored:small_oak_log":16,"graveyard:dark_iron_ingot":1,"regions_unexplored:silt_dirt":7,"terramity:fairy_dust":2,"minecraft:string":1,"minecraft:item_frame":2,"minecraft:experience_bottle":1,"minecraft:cobbled_deepslate":1,"minecraft:smooth_stone":1,"minecraft:beef":5,"minecraft:stick":85,"apotheosis:gem":1,"minecraft:torch":7,"minecraft:porkchop":2,"regions_unexplored:raw_redstone_block":4,"minecraft:redstone":2,"minecraft:tnt":1,"minecraft:arrow":27,"minecraft:rotten_flesh":1,"minecraft:hay_block":1,"minecraft:iron_bars":1,"minecraft:cobblestone":129,"minecraft:leather_chestplate":1,"minecraft:leather":5,"minecraft:oak_log":138,"evilcraft:flesh_humanoid":2,"minecraft:dirt":16,"minecraft:bone":56,"minecraft:apple":13,"minecraft:wheat_seeds":2,"minecraft:cobbled_deepslate_slab":1,"minecraft:stone_pickaxe":1,"minecraft:oak_planks":6,"terramity:music_sheet_of_untimely_death":3,"minecraft:iron_sword":1,"minecraft:white_bed":1,"minecraft:leather_helmet":1,"minecraft:iron_helmet":1,"minecraft:granite":2,"minecraft:oak_sapling":336,"terramity:stone_tiles":1,"minecraft:coal":34,"terramity:gold_round":1,"minecraft:ender_pearl":1},"minecraft:custom":{"lootr:looted_stat":38,"minecraft:mob_kills":18,"minecraft:interact_with_crafting_table":3,"minecraft:open_barrel":1,"minecraft:damage_dealt_resisted":70,"minecraft:eat_cake_slice":3,"minecraft:leave_game":3,"minecraft:time_since_death":1158,"minecraft:climb_one_cm":7751,"minecraft:damage_resisted":0,"minecraft:sprint_one_cm":181255,"minecraft:walk_one_cm":170485,"minecraft:damage_blocked_by_shield":396,"minecraft:drop":75,"minecraft:play_time":75266,"minecraft:deaths":36,"minecraft:sneak_time":891,"minecraft:walk_under_water_one_cm":1145,"minecraft:jump":1024,"minecraft:walk_on_water_one_cm":7850,"minecraft:total_world_time":75266,"tombstone:raider_killed":5,"minecraft:time_since_rest":813,"minecraft:damage_taken":11210,"minecraft:damage_dealt":9684,"minecraft:swim_one_cm":16916,"minecraft:fly_one_cm":159604,"minecraft:crouch_one_cm":5326,"tombstone:undead_killed":4,"minecraft:interact_with_smoker":1,"minecraft:fall_one_cm":50160,"minecraft:horse_one_cm":58140},"minecraft:killed_by":{"terramity:elite_skeleton":4,"undead_revamp2:the_moonflower":2,"undead_revamp2:clogger":1,"terramity:simple_turret":2,"minecraft:skeleton":17,"minecraft:witch":2,"minecraft:zombie":1,"graveyard:corrupted_vindicator":4,"graveyard:wraith":3},"minecraft:crafted":{"minecraft:oak_planks":497,"minecraft:bone_meal":84,"tombstone:grave_key":4,"minecraft:crafting_table":1,"terramity:ruby_sword":1,"minecraft:stick":8,"minecraft:torch":64},"minecraft:dropped":{"minecraft:enchanted_book":2,"minecraft:iron_sword":1,"minecraft:wheat_seeds":2,"minecraft:porkchop":2,"terramity:electronic_scrap":3,"minecraft:tnt":1,"minecraft:iron_helmet":1,"minecraft:leather":5,"minecraft:granite":4,"minecraft:chainmail_helmet":1,"minecraft:coal":1,"minecraft:leather_helmet":1,"minecraft:item_frame":2,"regions_unexplored:small_oak_log":16,"minecraft:dirt":16,"ars_nouveau:worn_notebook":1,"minecraft:torch":2,"tombstone:grave_dust":1,"regions_unexplored:prismarite_cluster":1,"minecraft:smooth_stone":1,"minecraft:string":5,"minecraft:bone":28,"regions_unexplored:raw_redstone_block":3,"alexsmobs:animal_dictionary":1,"minecraft:rotten_flesh":1,"minecraft:oak_planks":7,"minecraft:cobbled_deepslate_slab":1,"terramity:music_sheet_of_untimely_death":4,"evilcraft:flesh_humanoid":8,"patchouli:guide_book":4,"minecraft:leather_chestplate":1,"terramity:stone_tiles":1,"apotheosis:gem":2,"minecraft:oak_sapling":336,"minecraft:iron_bars":1,"minecraft:beef":2,"regions_unexplored:silt_dirt":7},"minecraft:mined":{"minecraft:deepslate_tiles":1,"minecraft:tuff":2,"minecraft:white_bed":1,"iceandfire:silver_ore":2,"minecraft:granite":2,"regions_unexplored:hanging_prismarite":9,"minecraft:cobbled_deepslate_slab":1,"create:ochrum":10,"terramity:stone_tiles":1,"regions_unexplored:raw_redstone_block":4,"minecraft:smooth_stone":1,"minecraft:fire":6,"minecraft:bookshelf":1,"minecraft:iron_bars":2,"scguns:phosphorite":1,"regions_unexplored:small_oak_log":12,"minecraft:stone":140,"regions_unexplored:silt_grass_block":3,"regions_unexplored:windswept_grass":1,"regions_unexplored:prismoss":3,"minecraft:torch":6,"regions_unexplored:silt_dirt":3,"minecraft:stone_slab":1,"minecraft:tall_grass":2,"minecraft:oak_planks":3,"minecraft:wall_torch":1,"supplementaries:urn":2,"minecraft:tnt":2,"minecraft:grass":1,"graveyard:dark_iron_bars":1,"minecraft:coal_ore":36,"minecraft:oak_log":128,"graveyard:leaning_skeleton":1,"minecraft:gravel":6,"minecraft:dirt":10,"minecraft:cobweb":8,"minecraft:terracotta":3,"regions_unexplored:prismoss_sprout":2,"minecraft:deepslate":1}},"DataVersion":3465}