{"stats":{"minecraft:killed":{"minecraft:spider":1,"minecraft:cow":1},"minecraft:used":{"minecraft:oak_planks":252,"minecraft:iron_sword":18,"minecraft:apple":3,"minecraft:iron_axe":1,"minecraft:bread":7,"minecraft:iron_pickaxe":4,"tombstone:magic_scroll":1,"minecraft:iron_helmet":1,"minecraft:leather_helmet":1,"tombstone:grave_key":9,"minecraft:iron_boots":1,"minecraft:beef":3,"minecraft:chainmail_boots":1,"tombstone:gift":4,"minecraft:potato":1,"minecraft:experience_bottle":2},"minecraft:picked_up":{"regions_unexplored:small_oak_log":16,"minecraft:leather":1,"regions_unexplored:silt_dirt":7,"minecraft:oak_log":138,"evilcraft:flesh_humanoid":2,"minecraft:dirt":16,"minecraft:string":1,"minecraft:item_frame":2,"minecraft:experience_bottle":1,"minecraft:apple":13,"minecraft:wheat_seeds":1,"minecraft:smooth_stone":1,"minecraft:beef":3,"minecraft:stone_pickaxe":1,"minecraft:oak_planks":3,"terramity:music_sheet_of_untimely_death":2,"minecraft:iron_sword":1,"minecraft:stick":84,"minecraft:white_bed":1,"minecraft:tnt":1,"minecraft:iron_helmet":1,"minecraft:hay_block":1,"minecraft:oak_sapling":208,"terramity:stone_tiles":1,"terramity:gold_round":1},"minecraft:custom":{"lootr:looted_stat":26,"minecraft:mob_kills":2,"minecraft:interact_with_crafting_table":1,"minecraft:eat_cake_slice":3,"minecraft:leave_game":1,"minecraft:time_since_death":2968,"minecraft:climb_one_cm":2905,"minecraft:damage_resisted":0,"minecraft:time_since_rest":2740,"minecraft:sprint_one_cm":125943,"minecraft:damage_taken":5880,"minecraft:walk_one_cm":85915,"minecraft:drop":44,"minecraft:damage_dealt":814,"minecraft:swim_one_cm":11009,"minecraft:fly_one_cm":97854,"minecraft:crouch_one_cm":1277,"minecraft:play_time":41674,"minecraft:deaths":17,"minecraft:sneak_time":246,"minecraft:walk_under_water_one_cm":878,"minecraft:jump":672,"minecraft:walk_on_water_one_cm":1636,"minecraft:interact_with_smoker":1,"minecraft:total_world_time":41674,"minecraft:fall_one_cm":28111,"minecraft:horse_one_cm":58140},"minecraft:killed_by":{"terramity:elite_skeleton":4,"undead_revamp2:the_moonflower":2,"minecraft:skeleton":8,"undead_revamp2:clogger":1,"terramity:simple_turret":2},"minecraft:crafted":{"minecraft:oak_planks":497,"minecraft:crafting_table":1,"tombstone:grave_key":1,"minecraft:stick":8},"minecraft:dropped":{"minecraft:wheat_seeds":1,"terramity:electronic_scrap":3,"alexsmobs:animal_dictionary":1,"minecraft:tnt":1,"minecraft:iron_helmet":1,"minecraft:oak_planks":7,"minecraft:leather":1,"terramity:music_sheet_of_untimely_death":4,"minecraft:chainmail_helmet":1,"evilcraft:flesh_humanoid":5,"minecraft:coal":1,"minecraft:leather_helmet":1,"patchouli:guide_book":4,"minecraft:item_frame":2,"regions_unexplored:small_oak_log":16,"minecraft:dirt":16,"ars_nouveau:worn_notebook":1,"terramity:stone_tiles":1,"minecraft:oak_sapling":112,"tombstone:grave_dust":1,"minecraft:smooth_stone":1,"regions_unexplored:silt_dirt":7,"minecraft:string":1},"minecraft:mined":{"minecraft:white_bed":1,"regions_unexplored:silt_dirt":3,"minecraft:stone_slab":1,"minecraft:tall_grass":2,"terramity:stone_tiles":1,"minecraft:smooth_stone":1,"minecraft:tnt":1,"minecraft:grass":1,"minecraft:bookshelf":1,"minecraft:oak_log":128,"regions_unexplored:small_oak_log":12,"regions_unexplored:silt_grass_block":3}},"DataVersion":3465}