{"stats":{"minecraft:custom":{"minecraft:interact_with_smithing_table":1,"lootr:looted_stat":42,"minecraft:mob_kills":10,"minecraft:open_barrel":1,"minecraft:damage_dealt_resisted":0,"minecraft:leave_game":6,"minecraft:time_since_death":667,"minecraft:climb_one_cm":1121,"minecraft:damage_resisted":0,"minecraft:time_since_rest":409,"minecraft:sprint_one_cm":119966,"minecraft:damage_taken":2276,"minecraft:walk_one_cm":97218,"minecraft:damage_blocked_by_shield":82,"minecraft:drop":55,"minecraft:damage_dealt":2230,"minecraft:swim_one_cm":16710,"minecraft:fly_one_cm":65848,"minecraft:crouch_one_cm":110,"minecraft:play_time":46503,"tombstone:undead_killed":5,"minecraft:deaths":6,"minecraft:sneak_time":30,"minecraft:walk_under_water_one_cm":837,"minecraft:jump":342,"minecraft:walk_on_water_one_cm":3717,"minecraft:total_world_time":46503,"minecraft:fall_one_cm":8509},"minecraft:killed_by":{"terramity:elite_skeleton":1,"minecraft:player":1,"minecraft:skeleton":1,"minecraft:zombie":1,"scguns:cog_minion":1},"minecraft:dropped":{"minecraft:oak_door":1,"minecraft:gravel":11,"minecraft:enchanted_book":1,"minecraft:iron_ingot":6,"minecraft:wheat_seeds":2,"scguns:pebbles":3,"regions_unexplored:red_maple_shrub":2,"minecraft:cobblestone":4,"minecraft:rotten_flesh":2,"terramity:music_sheet_of_untimely_death":4,"evilcraft:flesh_humanoid":1,"minecraft:item_frame":1,"regions_unexplored:red_maple_leaf_pile":3,"regions_unexplored:red_maple_sapling":3,"minecraft:dirt":3,"minecraft:flower_pot":3,"iceandfire:copper_nugget":14,"minecraft:spruce_trapdoor":5,"minecraft:spruce_planks":1,"minecraft:chainmail_boots":1,"tombstone:grave_dust":1,"minecraft:sand":3,"minecraft:bow":1,"regions_unexplored:silver_birch_leaf_pile":1,"minecraft:dark_oak_planks":6},"minecraft:killed":{"terramity:elite_skeleton":1,"minecraft:skeleton":2,"minecraft:zombie":2,"born_in_chaos_v1:corpse_fly":4},"minecraft:mined":{"minecraft:white_bed":1,"regions_unexplored:maple_log":12,"regions_unexplored:maple_leaves":5,"regions_unexplored:sandy_tall_grass":1,"regions_unexplored:red_maple_leaf_pile":1,"minecraft:grass":3,"minecraft:dirt_path":1,"minecraft:gravel":15,"minecraft:sand":18,"regions_unexplored:apple_oak_leaves":6,"regions_unexplored:medium_grass":5},"minecraft:picked_up":{"born_in_chaos_v1:corpse_maggot":8,"minecraft:chainmail_boots":1,"minecraft:flower_pot":3,"born_in_chaos_v1:mint_ice_cream":1,"minecraft:flint":1,"evilcraft:flesh_humanoid":1,"regions_unexplored:red_maple_sapling":3,"regions_unexplored:red_maple_leaf_pile":3,"scguns:pebbles":3,"minecraft:dirt":1,"tombstone:gift":1,"minecraft:item_frame":1,"irons_spellbooks:common_ink":2,"minecraft:iron_shovel":1,"minecraft:bone":1,"minecraft:bow":1,"regions_unexplored:red_maple_shrub":2,"minecraft:wheat_seeds":2,"minecraft:spruce_planks":1,"minecraft:iron_ingot":7,"terramity:music_sheet_of_untimely_death":4,"minecraft:iron_sword":1,"minecraft:spruce_trapdoor":5,"minecraft:iron_boots":1,"apotheosis:gem":2,"minecraft:stick":4,"iceandfire:copper_nugget":14,"regions_unexplored:silver_birch_leaf_pile":1,"minecraft:torch":1,"minecraft:gravel":11,"minecraft:sand":15,"tombstone:grave_dust":1,"minecraft:white_bed":1,"minecraft:dark_oak_planks":8,"minecraft:bundle":1,"minecraft:arrow":2,"minecraft:rotten_flesh":2,"minecraft:iron_helmet":1,"regions_unexplored:maple_log":8,"terramity:gold_round":3,"regions_unexplored:apple_oak_sapling":1,"minecraft:cobblestone":1},"minecraft:used":{"born_in_chaos_v1:mint_ice_cream":1,"minecraft:trident":47,"minecraft:iron_shovel":33,"minecraft:shield":2,"minecraft:rotten_flesh":2,"minecraft:iron_chestplate":1,"regions_unexplored:maple_planks":24,"minecraft:sand":12,"born_in_chaos_v1:corpse_maggot":8,"regions_unexplored:apple_oak_sapling":1,"minecraft:apple":2,"minecraft:bread":1,"minecraft:iron_helmet":1,"tombstone:grave_key":2,"minecraft:chainmail_boots":1,"tombstone:gift":4,"minecraft:experience_bottle":1,"minecraft:iron_leggings":1},"minecraft:crafted":{"minecraft:crafting_table":1,"regions_unexplored:maple_planks":32,"minecraft:flint_and_steel":1}},"DataVersion":3465}