{"stats":{"minecraft:killed":{"minecraft:spider":1,"minecraft:cow":1},"minecraft:used":{"minecraft:oak_planks":69,"minecraft:iron_sword":9,"minecraft:apple":3,"minecraft:iron_axe":1,"minecraft:bread":5,"minecraft:iron_pickaxe":4,"minecraft:leather_helmet":1,"tombstone:grave_key":6,"minecraft:iron_boots":1,"minecraft:beef":3,"minecraft:chainmail_boots":1,"tombstone:gift":4,"minecraft:potato":1,"minecraft:experience_bottle":2},"minecraft:picked_up":{"minecraft:leather":1,"regions_unexplored:silt_dirt":7,"minecraft:oak_log":82,"minecraft:string":1,"minecraft:item_frame":2,"minecraft:experience_bottle":1,"minecraft:apple":6,"minecraft:wheat_seeds":1,"minecraft:smooth_stone":1,"minecraft:beef":3,"terramity:music_sheet_of_untimely_death":1,"minecraft:iron_sword":1,"minecraft:stick":30,"minecraft:white_bed":1,"minecraft:tnt":1,"minecraft:hay_block":1,"minecraft:oak_sapling":48,"terramity:stone_tiles":1,"terramity:gold_round":1},"minecraft:custom":{"lootr:looted_stat":20,"minecraft:mob_kills":2,"minecraft:interact_with_crafting_table":1,"minecraft:eat_cake_slice":3,"minecraft:time_since_death":2606,"minecraft:climb_one_cm":2208,"minecraft:damage_resisted":0,"minecraft:time_since_rest":2459,"minecraft:sprint_one_cm":115088,"minecraft:damage_taken":3867,"minecraft:walk_one_cm":66515,"minecraft:drop":29,"minecraft:damage_dealt":517,"minecraft:swim_one_cm":11009,"minecraft:fly_one_cm":78784,"minecraft:crouch_one_cm":264,"minecraft:play_time":29903,"minecraft:deaths":12,"minecraft:sneak_time":48,"minecraft:walk_under_water_one_cm":878,"minecraft:jump":405,"minecraft:walk_on_water_one_cm":1636,"minecraft:interact_with_smoker":1,"minecraft:total_world_time":29903,"minecraft:fall_one_cm":13164,"minecraft:horse_one_cm":58140},"minecraft:killed_by":{"terramity:elite_skeleton":4,"undead_revamp2:the_moonflower":2,"minecraft:skeleton":4,"terramity:simple_turret":2},"minecraft:crafted":{"minecraft:oak_planks":288,"minecraft:crafting_table":1,"tombstone:grave_key":1,"minecraft:stick":8},"minecraft:dropped":{"minecraft:wheat_seeds":1,"alexsmobs:animal_dictionary":1,"minecraft:tnt":1,"minecraft:oak_planks":4,"minecraft:leather":1,"terramity:music_sheet_of_untimely_death":2,"evilcraft:flesh_humanoid":3,"minecraft:coal":1,"minecraft:leather_helmet":1,"patchouli:guide_book":4,"minecraft:item_frame":2,"ars_nouveau:worn_notebook":1,"terramity:stone_tiles":1,"minecraft:oak_sapling":16,"tombstone:grave_dust":1,"minecraft:smooth_stone":1,"regions_unexplored:silt_dirt":7,"minecraft:string":1},"minecraft:mined":{"minecraft:white_bed":1,"regions_unexplored:silt_dirt":3,"minecraft:stone_slab":1,"minecraft:tall_grass":2,"terramity:stone_tiles":1,"minecraft:smooth_stone":1,"minecraft:tnt":1,"minecraft:grass":1,"minecraft:bookshelf":1,"minecraft:oak_log":72,"regions_unexplored:silt_grass_block":3}},"DataVersion":3465}