{"stats":{"minecraft:killed":{"minecraft:cow":1},"minecraft:used":{"minecraft:beef":3,"minecraft:bread":1,"minecraft:iron_sword":2},"minecraft:picked_up":{"minecraft:item_frame":1,"minecraft:leather":1,"minecraft:wheat_seeds":1,"minecraft:beef":3,"minecraft:white_bed":1,"terramity:music_sheet_of_untimely_death":1,"minecraft:iron_sword":1},"minecraft:custom":{"minecraft:time_since_rest":5903,"lootr:looted_stat":2,"minecraft:play_time":5903,"minecraft:sprint_one_cm":40259,"minecraft:damage_taken":170,"minecraft:walk_one_cm":17434,"minecraft:walk_under_water_one_cm":331,"minecraft:mob_kills":1,"minecraft:drop":7,"minecraft:jump":56,"minecraft:damage_dealt":100,"minecraft:walk_on_water_one_cm":907,"minecraft:time_since_death":5903,"minecraft:total_world_time":5903,"minecraft:climb_one_cm":613,"minecraft:fall_one_cm":4101,"minecraft:fly_one_cm":11246},"minecraft:dropped":{"ars_nouveau:worn_notebook":1,"alexsmobs:animal_dictionary":1,"terramity:music_sheet_of_untimely_death":1,"patchouli:guide_book":4},"minecraft:mined":{"minecraft:white_bed":1}},"DataVersion":3465}