{"stats":{"minecraft:custom":{"minecraft:interact_with_smithing_table":1,"lootr:looted_stat":47,"minecraft:mob_kills":21,"minecraft:open_barrel":6,"minecraft:bell_ring":1,"minecraft:damage_dealt_resisted":0,"minecraft:leave_game":7,"minecraft:time_since_death":644,"minecraft:climb_one_cm":1121,"minecraft:damage_resisted":0,"minecraft:sprint_one_cm":227899,"minecraft:walk_one_cm":158020,"minecraft:damage_blocked_by_shield":307,"minecraft:drop":115,"minecraft:play_time":82198,"minecraft:deaths":33,"minecraft:sneak_time":796,"minecraft:walk_under_water_one_cm":1660,"minecraft:jump":965,"minecraft:walk_on_water_one_cm":6085,"minecraft:total_world_time":82198,"minecraft:time_since_rest":394,"minecraft:damage_taken":11174,"minecraft:damage_absorbed":40,"minecraft:damage_dealt":9572,"minecraft:swim_one_cm":24531,"minecraft:fly_one_cm":184636,"minecraft:open_chest":3,"minecraft:crouch_one_cm":675,"tombstone:undead_killed":6,"minecraft:fall_one_cm":20764},"minecraft:killed_by":{"terramity:elite_skeleton":6,"minecraft:player":1,"minecraft:wither_skeleton":12,"minecraft:creeper":1,"terramity:simple_turret":5,"minecraft:hoglin":1,"minecraft:skeleton":1,"minecraft:zombie":4,"scguns:cog_minion":1},"minecraft:dropped":{"minecraft:enchanted_book":1,"minecraft:iron_ingot":6,"minecraft:acacia_wood":3,"minecraft:wheat_seeds":2,"terramity:electronic_scrap":1,"regions_unexplored:red_maple_shrub":2,"minecraft:cobblestone":5,"create:cogwheel":9,"terramity:grate":1,"terramity:ball_n_chain":1,"irons_spellbooks:scroll":1,"minecraft:item_frame":1,"minecraft:stick":4,"minecraft:dirt":3,"regions_unexplored:red_maple_leaf_pile":3,"regions_unexplored:red_maple_sapling":3,"iceandfire:copper_nugget":14,"minecraft:torch":1,"tombstone:grave_dust":4,"minecraft:gold_nugget":1,"irons_spellbooks:common_ink":2,"minecraft:sand":13,"regions_unexplored:silver_birch_leaf_pile":1,"undead_revamp2:blacpetalblock":2,"minecraft:dark_oak_planks":6,"minecraft:string":1,"minecraft:bone":14,"minecraft:oak_door":1,"minecraft:gravel":11,"scguns:pebbles":3,"iceandfire:witherbone":1,"minecraft:rotten_flesh":19,"minecraft:oak_planks":3,"terramity:music_sheet_of_untimely_death":7,"evilcraft:flesh_humanoid":3,"minecraft:potato":6,"minecraft:turtle_helmet":1,"minecraft:flower_pot":3,"irons_spellbooks:conjurers_talisman":1,"minecraft:spruce_trapdoor":5,"minecraft:spruce_planks":1,"apotheosis:gem":2,"terramity:accursed_soul":5,"minecraft:chainmail_boots":1,"minecraft:bow":1,"create:andesite_alloy":1},"minecraft:killed":{"minecraft:spider":1,"minecraft:skeleton":2,"terramity:elite_skeleton":1,"minecraft:hoglin":6,"born_in_chaos_v1:bloody_gadfly":1,"minecraft:zombie":3,"born_in_chaos_v1:corpse_fly":4},"minecraft:mined":{"minecraft:white_bed":1,"regions_unexplored:maple_log":12,"minecraft:grass_block":2,"regions_unexplored:maple_leaves":5,"minecraft:black_stained_glass_pane":1,"minecraft:dirt_path":1,"regions_unexplored:apple_oak_leaves":6,"regions_unexplored:medium_grass":5,"minecraft:dandelion":1,"regions_unexplored:silt_dirt":3,"minecraft:rose_bush":1,"minecraft:tall_grass":1,"minecraft:oak_planks":1,"regions_unexplored:sandy_tall_grass":1,"regions_unexplored:red_maple_leaf_pile":1,"minecraft:grass":4,"minecraft:gravel":15,"minecraft:sand":37,"minecraft:oak_leaves":1},"minecraft:picked_up":{"minecraft:wheat":2,"iceandfire:witherbone":2,"minecraft:chainmail_boots":1,"minecraft:flower_pot":3,"regions_unexplored:silt_dirt":3,"regions_unexplored:red_maple_leaf_pile":3,"minecraft:string":1,"minecraft:item_frame":1,"minecraft:iron_shovel":1,"terramity:accursed_soul":5,"minecraft:spruce_planks":1,"minecraft:bucket":1,"minecraft:spruce_trapdoor":5,"minecraft:iron_boots":1,"apotheosis:gem":2,"minecraft:stick":4,"regions_unexplored:silver_birch_leaf_pile":1,"minecraft:torch":1,"tombstone:grave_dust":1,"minecraft:trident":1,"minecraft:dark_oak_planks":16,"minecraft:rotten_flesh":19,"minecraft:arrow":2,"create:experience_nugget":2,"minecraft:cobblestone":2,"born_in_chaos_v1:corpse_maggot":8,"minecraft:golden_carrot":15,"minecraft:acacia_wood":2,"born_in_chaos_v1:mint_ice_cream":1,"paraglider:spirit_orb":2,"minecraft:flint":1,"evilcraft:flesh_humanoid":3,"minecraft:oak_log":37,"create:andesite_alloy":1,"regions_unexplored:red_maple_sapling":3,"scguns:pebbles":3,"minecraft:dirt":3,"tombstone:gift":1,"terramity:grate":1,"irons_spellbooks:common_ink":2,"minecraft:bone":9,"minecraft:apple":3,"undead_revamp2:blacpetalblock":1,"minecraft:bow":1,"regions_unexplored:red_maple_shrub":2,"minecraft:wheat_seeds":2,"minecraft:iron_ingot":7,"terramity:music_sheet_of_untimely_death":6,"minecraft:iron_sword":1,"minecraft:oak_planks":62,"iceandfire:copper_nugget":14,"create:cogwheel":7,"minecraft:gravel":11,"minecraft:sand":34,"minecraft:white_bed":1,"minecraft:bundle":1,"minecraft:iron_helmet":1,"regions_unexplored:maple_log":8,"minecraft:chainmail_helmet":1,"minecraft:coal":1,"terramity:gold_round":5,"regions_unexplored:apple_oak_sapling":1},"minecraft:used":{"regions_unexplored:silt_dirt":3,"minecraft:trident":184,"minecraft:iron_shovel":57,"minecraft:shield":3,"minecraft:iron_sword":2,"minecraft:rotten_flesh":2,"minecraft:iron_chestplate":1,"regions_unexplored:maple_planks":28,"minecraft:dirt":2,"born_in_chaos_v1:corpse_maggot":8,"minecraft:dark_oak_planks":5,"minecraft:iron_helmet":1,"minecraft:iron_boots":2,"minecraft:golden_carrot":1,"tombstone:gift":5,"minecraft:iron_leggings":1,"born_in_chaos_v1:mint_ice_cream":1,"minecraft:water_bucket":1,"minecraft:oak_planks":155,"minecraft:golden_apple":1,"minecraft:sand":21,"supplementaries:bomb":2,"regions_unexplored:apple_oak_sapling":1,"minecraft:apple":2,"minecraft:bread":6,"tombstone:grave_key":12,"create:black_toolbox":1,"minecraft:chainmail_boots":2,"minecraft:turtle_helmet":1,"minecraft:bucket":2,"minecraft:experience_bottle":2},"minecraft:broken":{"minecraft:iron_chestplate":1,"minecraft:iron_leggings":1,"minecraft:iron_helmet":1},"minecraft:crafted":{"minecraft:oak_planks":148,"regions_unexplored:maple_planks":32,"minecraft:flint_and_steel":1,"tombstone:grave_key":6,"minecraft:crafting_table":1}},"DataVersion":3465}