{"stats":{"minecraft:custom":{"minecraft:interact_with_smithing_table":1,"lootr:looted_stat":46,"minecraft:mob_kills":13,"minecraft:open_barrel":5,"minecraft:damage_dealt_resisted":0,"minecraft:leave_game":7,"minecraft:time_since_death":2213,"minecraft:climb_one_cm":1121,"minecraft:damage_resisted":0,"minecraft:time_since_rest":1970,"minecraft:sprint_one_cm":151782,"minecraft:damage_taken":5645,"minecraft:walk_one_cm":128601,"minecraft:damage_blocked_by_shield":307,"minecraft:drop":71,"minecraft:damage_dealt":3672,"minecraft:swim_one_cm":24531,"minecraft:fly_one_cm":78624,"minecraft:open_chest":1,"minecraft:crouch_one_cm":110,"minecraft:play_time":58387,"tombstone:undead_killed":5,"minecraft:deaths":16,"minecraft:sneak_time":30,"minecraft:walk_under_water_one_cm":1282,"minecraft:jump":434,"minecraft:walk_on_water_one_cm":5634,"minecraft:total_world_time":58387,"minecraft:fall_one_cm":12386},"minecraft:killed_by":{"terramity:elite_skeleton":6,"minecraft:player":1,"minecraft:skeleton":1,"minecraft:zombie":1,"scguns:cog_minion":1,"terramity:simple_turret":5},"minecraft:dropped":{"minecraft:oak_door":1,"minecraft:gravel":11,"minecraft:enchanted_book":1,"minecraft:iron_ingot":6,"minecraft:wheat_seeds":2,"scguns:pebbles":3,"regions_unexplored:red_maple_shrub":2,"minecraft:cobblestone":5,"minecraft:rotten_flesh":2,"terramity:grate":1,"terramity:music_sheet_of_untimely_death":4,"evilcraft:flesh_humanoid":3,"minecraft:stick":4,"minecraft:item_frame":1,"regions_unexplored:red_maple_leaf_pile":3,"regions_unexplored:red_maple_sapling":3,"minecraft:dirt":3,"minecraft:turtle_helmet":1,"minecraft:flower_pot":3,"minecraft:torch":1,"iceandfire:copper_nugget":14,"minecraft:spruce_trapdoor":5,"minecraft:spruce_planks":1,"apotheosis:gem":2,"minecraft:chainmail_boots":1,"tombstone:grave_dust":2,"minecraft:gold_nugget":1,"irons_spellbooks:common_ink":2,"minecraft:sand":13,"minecraft:bow":1,"regions_unexplored:silver_birch_leaf_pile":1,"minecraft:string":1,"minecraft:dark_oak_planks":6,"minecraft:bone":1},"minecraft:killed":{"minecraft:spider":1,"terramity:elite_skeleton":1,"minecraft:skeleton":2,"minecraft:zombie":2,"born_in_chaos_v1:corpse_fly":4},"minecraft:mined":{"minecraft:white_bed":1,"regions_unexplored:maple_log":12,"minecraft:grass_block":2,"regions_unexplored:silt_dirt":3,"regions_unexplored:maple_leaves":5,"minecraft:black_stained_glass_pane":1,"regions_unexplored:sandy_tall_grass":1,"regions_unexplored:red_maple_leaf_pile":1,"minecraft:grass":3,"minecraft:dirt_path":1,"minecraft:gravel":15,"minecraft:sand":37,"regions_unexplored:apple_oak_leaves":6,"regions_unexplored:medium_grass":5},"minecraft:picked_up":{"born_in_chaos_v1:corpse_maggot":8,"minecraft:wheat":2,"minecraft:chainmail_boots":1,"minecraft:flower_pot":3,"regions_unexplored:silt_dirt":3,"born_in_chaos_v1:mint_ice_cream":1,"minecraft:flint":1,"evilcraft:flesh_humanoid":3,"regions_unexplored:red_maple_sapling":3,"regions_unexplored:red_maple_leaf_pile":3,"scguns:pebbles":3,"minecraft:string":1,"minecraft:dirt":3,"tombstone:gift":1,"terramity:grate":1,"minecraft:item_frame":1,"irons_spellbooks:common_ink":2,"minecraft:iron_shovel":1,"minecraft:bone":3,"minecraft:bow":1,"regions_unexplored:red_maple_shrub":2,"minecraft:wheat_seeds":2,"minecraft:spruce_planks":1,"minecraft:iron_ingot":7,"terramity:music_sheet_of_untimely_death":4,"minecraft:iron_sword":1,"minecraft:spruce_trapdoor":5,"minecraft:iron_boots":1,"apotheosis:gem":2,"minecraft:stick":4,"iceandfire:copper_nugget":14,"regions_unexplored:silver_birch_leaf_pile":1,"minecraft:torch":1,"minecraft:gravel":11,"minecraft:sand":34,"tombstone:grave_dust":1,"minecraft:white_bed":1,"minecraft:dark_oak_planks":8,"minecraft:bundle":1,"minecraft:arrow":2,"minecraft:rotten_flesh":2,"minecraft:iron_helmet":1,"regions_unexplored:maple_log":8,"terramity:gold_round":5,"regions_unexplored:apple_oak_sapling":1,"minecraft:cobblestone":2},"minecraft:used":{"born_in_chaos_v1:mint_ice_cream":1,"minecraft:trident":86,"minecraft:iron_shovel":57,"minecraft:shield":3,"minecraft:iron_sword":2,"minecraft:rotten_flesh":2,"minecraft:iron_chestplate":1,"regions_unexplored:maple_planks":28,"minecraft:dirt":2,"minecraft:sand":21,"minecraft:dark_oak_planks":2,"born_in_chaos_v1:corpse_maggot":8,"regions_unexplored:apple_oak_sapling":1,"minecraft:apple":2,"minecraft:bread":3,"minecraft:iron_helmet":1,"minecraft:iron_boots":1,"tombstone:grave_key":8,"create:black_toolbox":1,"minecraft:chainmail_boots":2,"minecraft:turtle_helmet":1,"tombstone:gift":4,"minecraft:experience_bottle":2,"minecraft:iron_leggings":1,"regions_unexplored:silt_dirt":3},"minecraft:broken":{"minecraft:iron_helmet":1},"minecraft:crafted":{"minecraft:crafting_table":1,"regions_unexplored:maple_planks":32,"minecraft:flint_and_steel":1,"tombstone:grave_key":1}},"DataVersion":3465}