{"stats":{"minecraft:custom":{"minecraft:interact_with_smithing_table":1,"lootr:looted_stat":46,"minecraft:mob_kills":14,"minecraft:open_barrel":6,"minecraft:bell_ring":1,"minecraft:damage_dealt_resisted":0,"minecraft:leave_game":7,"minecraft:time_since_death":1092,"minecraft:climb_one_cm":1121,"minecraft:damage_resisted":0,"minecraft:time_since_rest":686,"minecraft:sprint_one_cm":196686,"minecraft:damage_taken":6901,"minecraft:walk_one_cm":144444,"minecraft:damage_blocked_by_shield":307,"minecraft:drop":87,"minecraft:damage_dealt":3932,"minecraft:swim_one_cm":24531,"minecraft:fly_one_cm":160163,"minecraft:open_chest":2,"minecraft:crouch_one_cm":110,"minecraft:play_time":70198,"minecraft:sneak_time":30,"tombstone:undead_killed":6,"minecraft:deaths":20,"minecraft:walk_under_water_one_cm":1282,"minecraft:jump":856,"minecraft:walk_on_water_one_cm":5755,"minecraft:total_world_time":70198,"minecraft:fall_one_cm":19409},"minecraft:killed_by":{"terramity:elite_skeleton":6,"minecraft:player":1,"minecraft:wither_skeleton":2,"minecraft:skeleton":1,"minecraft:creeper":1,"minecraft:zombie":2,"scguns:cog_minion":1,"terramity:simple_turret":5},"minecraft:dropped":{"minecraft:oak_door":1,"minecraft:enchanted_book":1,"minecraft:gravel":11,"minecraft:iron_ingot":6,"minecraft:wheat_seeds":2,"terramity:electronic_scrap":1,"scguns:pebbles":3,"minecraft:oak_planks":3,"regions_unexplored:red_maple_shrub":2,"create:cogwheel":9,"minecraft:rotten_flesh":18,"minecraft:cobblestone":5,"terramity:grate":1,"terramity:music_sheet_of_untimely_death":5,"evilcraft:flesh_humanoid":3,"minecraft:item_frame":1,"minecraft:stick":4,"regions_unexplored:red_maple_sapling":3,"regions_unexplored:red_maple_leaf_pile":3,"minecraft:dirt":3,"minecraft:turtle_helmet":1,"minecraft:flower_pot":3,"irons_spellbooks:conjurers_talisman":1,"iceandfire:copper_nugget":14,"minecraft:torch":1,"minecraft:spruce_trapdoor":5,"minecraft:spruce_planks":1,"apotheosis:gem":2,"minecraft:chainmail_boots":1,"tombstone:grave_dust":4,"minecraft:gold_nugget":1,"irons_spellbooks:common_ink":2,"minecraft:sand":13,"minecraft:bow":1,"regions_unexplored:silver_birch_leaf_pile":1,"undead_revamp2:blacpetalblock":2,"minecraft:string":1,"minecraft:dark_oak_planks":6,"create:andesite_alloy":1,"minecraft:bone":1},"minecraft:killed":{"minecraft:spider":1,"terramity:elite_skeleton":1,"minecraft:skeleton":2,"minecraft:zombie":3,"born_in_chaos_v1:corpse_fly":4},"minecraft:mined":{"minecraft:white_bed":1,"regions_unexplored:maple_log":12,"minecraft:dandelion":1,"minecraft:grass_block":2,"regions_unexplored:silt_dirt":3,"minecraft:tall_grass":1,"regions_unexplored:maple_leaves":5,"minecraft:oak_planks":1,"minecraft:black_stained_glass_pane":1,"regions_unexplored:sandy_tall_grass":1,"regions_unexplored:red_maple_leaf_pile":1,"minecraft:grass":3,"minecraft:dirt_path":1,"minecraft:gravel":15,"minecraft:sand":37,"regions_unexplored:apple_oak_leaves":6,"regions_unexplored:medium_grass":5},"minecraft:picked_up":{"born_in_chaos_v1:corpse_maggot":8,"minecraft:wheat":2,"minecraft:chainmail_boots":1,"minecraft:flower_pot":3,"regions_unexplored:silt_dirt":3,"born_in_chaos_v1:mint_ice_cream":1,"minecraft:flint":1,"minecraft:oak_log":37,"create:andesite_alloy":1,"evilcraft:flesh_humanoid":3,"regions_unexplored:red_maple_sapling":3,"regions_unexplored:red_maple_leaf_pile":3,"scguns:pebbles":3,"minecraft:dirt":3,"minecraft:string":1,"tombstone:gift":1,"terramity:grate":1,"irons_spellbooks:common_ink":2,"minecraft:item_frame":1,"minecraft:iron_shovel":1,"minecraft:bone":7,"minecraft:apple":3,"undead_revamp2:blacpetalblock":1,"minecraft:bow":1,"regions_unexplored:red_maple_shrub":2,"minecraft:wheat_seeds":2,"minecraft:bucket":1,"minecraft:spruce_planks":1,"minecraft:iron_ingot":7,"minecraft:oak_planks":62,"minecraft:iron_sword":1,"terramity:music_sheet_of_untimely_death":4,"minecraft:spruce_trapdoor":5,"minecraft:iron_boots":1,"minecraft:stick":4,"iceandfire:copper_nugget":14,"apotheosis:gem":2,"regions_unexplored:silver_birch_leaf_pile":1,"create:cogwheel":7,"minecraft:torch":1,"minecraft:gravel":11,"minecraft:sand":34,"tombstone:grave_dust":1,"minecraft:trident":1,"minecraft:white_bed":1,"minecraft:dark_oak_planks":16,"minecraft:bundle":1,"minecraft:arrow":2,"minecraft:rotten_flesh":18,"create:experience_nugget":2,"minecraft:iron_helmet":1,"regions_unexplored:maple_log":8,"minecraft:chainmail_helmet":1,"terramity:gold_round":5,"regions_unexplored:apple_oak_sapling":1,"minecraft:cobblestone":2},"minecraft:used":{"born_in_chaos_v1:mint_ice_cream":1,"minecraft:trident":90,"minecraft:iron_shovel":57,"minecraft:oak_planks":155,"minecraft:shield":3,"minecraft:iron_sword":2,"minecraft:rotten_flesh":2,"regions_unexplored:maple_planks":28,"minecraft:iron_chestplate":1,"minecraft:dirt":2,"minecraft:sand":21,"minecraft:dark_oak_planks":2,"born_in_chaos_v1:corpse_maggot":8,"regions_unexplored:apple_oak_sapling":1,"minecraft:apple":2,"minecraft:bread":6,"minecraft:iron_helmet":1,"minecraft:iron_boots":1,"tombstone:grave_key":9,"create:black_toolbox":1,"minecraft:golden_carrot":1,"minecraft:chainmail_boots":2,"minecraft:turtle_helmet":1,"minecraft:bucket":1,"tombstone:gift":5,"minecraft:experience_bottle":2,"minecraft:iron_leggings":1,"regions_unexplored:silt_dirt":3},"minecraft:broken":{"minecraft:iron_helmet":1,"minecraft:iron_leggings":1},"minecraft:crafted":{"minecraft:oak_planks":148,"minecraft:crafting_table":1,"regions_unexplored:maple_planks":32,"minecraft:flint_and_steel":1,"tombstone:grave_key":2}},"DataVersion":3465}