{"stats":{"minecraft:crafted":{"minecraft:oak_planks":208,"regions_unexplored:maple_planks":32,"minecraft:flint_and_steel":1,"minecraft:diamond_helmet":1,"tombstone:grave_key":6,"sophisticatedbackpacks:iron_backpack":1,"minecraft:crafting_table":3,"minecraft:spruce_planks":4,"sophisticatedbackpacks:gold_backpack":1,"minecraft:oak_boat":2,"minecraft:diamond_pickaxe":1,"sophisticatedbackpacks:diamond_backpack":1,"minecraft:stick":8,"minecraft:iron_ingot":5,"minecraft:torch":24},"minecraft:killed_by":{"terramity:elite_skeleton":6,"minecraft:player":1,"minecraft:wither_skeleton":12,"mofus_better_end_:small_end_guardian":1,"minecraft:creeper":1,"born_in_chaos_v1:bone_imp_minion":2,"terramity:simple_turret":5,"minecraft:hoglin":1,"minecraft:skeleton":2,"born_in_chaos_v1:supreme_bonescaller_not_despawn":1,"minecraft:zombie":5,"born_in_chaos_v1:supreme_bonescaller_stage_2":1,"scguns:swarm":1,"scguns:cog_minion":1,"born_in_chaos_v1:maggot":1},"minecraft:broken":{"minecraft:iron_chestplate":1,"minecraft:iron_leggings":1,"minecraft:iron_helmet":1},"minecraft:mined":{"minecraft:tuff":2,"minecraft:spruce_planks":1,"minecraft:white_bed":1,"regions_unexplored:maple_log":12,"minecraft:grass_block":2,"regions_unexplored:maple_leaves":5,"minecraft:spawner":9,"minecraft:black_stained_glass_pane":1,"minecraft:iron_ore":2,"minecraft:fire":1,"minecraft:acacia_wood":1,"minecraft:dirt_path":1,"minecraft:deepslate_iron_ore":4,"minecraft:iron_bars":4,"regions_unexplored:apple_oak_leaves":6,"scguns:phosphorite":1,"regions_unexplored:medium_grass":5,"minecraft:spruce_wood":1,"minecraft:stone":1,"minecraft:dandelion":1,"regions_unexplored:silt_dirt":3,"minecraft:rose_bush":2,"minecraft:tall_grass":1,"minecraft:oak_planks":1,"supplementaries:urn":1,"regions_unexplored:sandy_tall_grass":1,"regions_unexplored:red_maple_leaf_pile":1,"create:ornate_iron_window_pane":2,"minecraft:grass":5,"minecraft:coal_ore":5,"minecraft:oak_log":19,"minecraft:gravel":15,"minecraft:sand":37,"terramity:deepslate_iridescent_ore":1,"minecraft:netherrack":5,"minecraft:oak_leaves":2},"minecraft:picked_up":{"minecraft:iron_chestplate":1,"minecraft:wheat":2,"minecraft:chainmail_boots":1,"iceandfire:witherbone":2,"minecraft:flower_pot":3,"minecraft:turtle_helmet":1,"minecraft:diamond_sword":1,"regions_unexplored:silt_dirt":3,"regions_unexplored:red_maple_leaf_pile":3,"minecraft:string":5,"minecraft:iron_leggings":1,"minecraft:item_frame":1,"minecraft:iron_shovel":1,"quark:yellow_shard":6,"terramity:accursed_soul":82,"minecraft:bucket":1,"minecraft:spruce_planks":1,"minecraft:rose_bush":1,"minecraft:oak_boat":2,"minecraft:light_gray_wool":2,"irons_spellbooks:emerald_stoneplate_ring":1,"minecraft:spruce_trapdoor":5,"minecraft:iron_boots":1,"minecraft:raw_iron":12,"minecraft:tipped_arrow":1,"minecraft:stick":11,"apotheosis:gem":3,"regions_unexplored:silver_birch_leaf_pile":1,"minecraft:copper_ingot":3,"minecraft:torch":1,"sophisticatedbackpacks:backpack":1,"tombstone:grave_dust":4,"minecraft:trident":1,"minecraft:dark_oak_planks":16,"minecraft:arrow":7,"minecraft:rotten_flesh":32,"create:experience_nugget":2,"create:small_ochrum_bricks":1,"supplementaries:ash":9,"minecraft:iron_bars":3,"minecraft:cobblestone":22,"born_in_chaos_v1:corpse_maggot":8,"minecraft:golden_carrot":15,"born_in_chaos_v1:mint_ice_cream":1,"minecraft:acacia_wood":4,"paraglider:spirit_orb":28,"scguns:phosphorite":1,"minecraft:flint":1,"minecraft:tuff":1,"minecraft:oak_log":52,"create:andesite_alloy":1,"evilcraft:flesh_humanoid":7,"regions_unexplored:red_maple_sapling":3,"minecraft:gunpowder":4,"scguns:pebbles":3,"minecraft:dirt":21,"tombstone:gift":1,"terramity:grate":1,"irons_spellbooks:common_ink":2,"minecraft:bone":20,"minecraft:apple":3,"undead_revamp2:blacpetalblock":1,"minecraft:bow":2,"regions_unexplored:red_maple_shrub":2,"minecraft:wheat_seeds":3,"minecraft:spruce_wood":1,"minecraft:iron_ingot":8,"minecraft:diamond_helmet":1,"minecraft:glass_bottle":1,"terramity:music_sheet_of_untimely_death":6,"minecraft:iron_sword":2,"minecraft:oak_planks":62,"create:cut_ochrum_bricks":3,"minecraft:book":3,"born_in_chaos_v1:death_totem":1,"iceandfire:copper_nugget":14,"irons_spellbooks:frozen_bone":21,"create:cogwheel":7,"born_in_chaos_v1:orbofthe_summoner":1,"minecraft:dandelion":1,"minecraft:gravel":11,"create:cut_ochrum_brick_stairs":1,"minecraft:sand":34,"minecraft:white_bed":1,"terramity:iridescent_shard":2,"minecraft:bundle":1,"minecraft:diamond":1,"minecraft:iron_helmet":2,"regions_unexplored:maple_log":8,"minecraft:chainmail_helmet":1,"minecraft:oak_sapling":3,"minecraft:netherrack":1,"terramity:gold_round":5,"minecraft:coal":15,"minecraft:crimson_roots":1,"regions_unexplored:apple_oak_sapling":4},"minecraft:custom":{"minecraft:interact_with_smithing_table":1,"lootr:looted_stat":89,"minecraft:mob_kills":45,"minecraft:interact_with_crafting_table":10,"minecraft:open_barrel":6,"minecraft:bell_ring":2,"minecraft:damage_dealt_resisted":1175,"minecraft:eat_cake_slice":2,"minecraft:leave_game":12,"minecraft:time_since_death":837,"minecraft:damage_resisted":255,"minecraft:climb_one_cm":8459,"minecraft:sprint_one_cm":521080,"minecraft:walk_one_cm":359048,"minecraft:damage_blocked_by_shield":367,"minecraft:drop":216,"minecraft:play_time":170384,"minecraft:sneak_time":872,"minecraft:deaths":43,"minecraft:walk_under_water_one_cm":39082,"minecraft:boat_one_cm":80,"minecraft:jump":2270,"minecraft:walk_on_water_one_cm":31073,"minecraft:total_world_time":170384,"minecraft:interact_with_furnace":5,"minecraft:time_since_rest":586,"minecraft:waystone_activated":1,"minecraft:damage_absorbed":360,"minecraft:damage_taken":17585,"minecraft:damage_dealt":19115,"minecraft:player_kills":1,"minecraft:swim_one_cm":32685,"minecraft:fly_one_cm":423463,"minecraft:open_chest":7,"minecraft:crouch_one_cm":1088,"tombstone:undead_killed":19,"minecraft:fall_one_cm":59425},"minecraft:killed":{"undead_revamp2:bigsucker":2,"minecraft:spider":2,"minecraft:skeleton":3,"undead_revamp2:therod":2,"born_in_chaos_v1:supreme_bonescaller_stage_2":1,"mofus_better_end_:small_end_guardian":3,"born_in_chaos_v1:bone_imp_minion":4,"terramity:elite_skeleton":1,"minecraft:hoglin":6,"born_in_chaos_v1:bloody_gadfly":1,"minecraft:zombie":5,"born_in_chaos_v1:corpse_fly":4,"minecraft:stray":1},"minecraft:dropped":{"minecraft:enchanted_book":1,"minecraft:iron_ingot":6,"minecraft:iron_sword":2,"minecraft:acacia_wood":4,"minecraft:wheat_seeds":2,"terramity:electronic_scrap":1,"minecraft:glass_bottle":1,"minecraft:diamond":11,"regions_unexplored:red_maple_shrub":2,"minecraft:iron_helmet":1,"minecraft:cobblestone":5,"create:cogwheel":9,"terramity:grate":1,"terramity:ball_n_chain":1,"scguns:phosphorite":1,"minecraft:coal":4,"minecraft:item_frame":1,"minecraft:stick":7,"regions_unexplored:red_maple_sapling":3,"irons_spellbooks:scroll":1,"regions_unexplored:red_maple_leaf_pile":3,"minecraft:dirt":3,"create:cut_ochrum_bricks":3,"iceandfire:copper_nugget":14,"minecraft:torch":1,"minecraft:crimson_roots":1,"minecraft:netherite_boots":1,"minecraft:diamond_helmet":1,"tombstone:grave_dust":6,"minecraft:gold_nugget":1,"irons_spellbooks:common_ink":2,"minecraft:sand":13,"regions_unexplored:silver_birch_leaf_pile":1,"undead_revamp2:blacpetalblock":2,"minecraft:dark_oak_planks":6,"minecraft:string":5,"irons_spellbooks:frozen_bone":7,"quark:yellow_shard":6,"irons_spellbooks:emerald_stoneplate_ring":2,"create:cut_ochrum_brick_stairs":1,"minecraft:bone":23,"minecraft:oak_door":1,"minecraft:gravel":11,"minecraft:tuff":1,"scguns:pebbles":3,"iceandfire:witherbone":3,"minecraft:rotten_flesh":34,"minecraft:iron_boots":2,"minecraft:light_gray_wool":1,"minecraft:oak_planks":3,"sophisticatedbackpacks:backpack":1,"terramity:music_sheet_of_untimely_death":7,"evilcraft:flesh_humanoid":5,"minecraft:tipped_arrow":1,"supplementaries:ash":4,"minecraft:potato":6,"create:small_ochrum_bricks":1,"minecraft:turtle_helmet":1,"terramity:iridescent_shard":1,"minecraft:flower_pot":3,"minecraft:gunpowder":4,"irons_spellbooks:conjurers_talisman":1,"regions_unexplored:apple_oak_sapling":3,"minecraft:spruce_trapdoor":5,"minecraft:spruce_planks":1,"minecraft:iron_chestplate":1,"apotheosis:gem":3,"minecraft:oak_sapling":1,"terramity:accursed_soul":46,"minecraft:chainmail_boots":2,"minecraft:iron_bars":3,"minecraft:bow":2,"terramity:gold_round":8,"minecraft:netherrack":1,"create:andesite_alloy":1},"minecraft:used":{"regions_unexplored:silt_dirt":3,"minecraft:trident":185,"minecraft:iron_shovel":57,"simplyswords:iron_warglaive":12,"minecraft:shield":4,"minecraft:iron_sword":2,"minecraft:rotten_flesh":2,"regions_unexplored:maple_planks":28,"minecraft:iron_chestplate":1,"minecraft:torch":3,"minecraft:dirt":2,"minecraft:diamond_helmet":1,"endrem:old_eye":1,"minecraft:axolotl_bucket":1,"minecraft:dark_oak_planks":10,"born_in_chaos_v1:corpse_maggot":8,"minecraft:iron_helmet":1,"evilcraft:box_of_eternal_closure":1,"minecraft:iron_boots":2,"minecraft:netherite_boots":1,"minecraft:light_gray_wool":1,"minecraft:golden_carrot":18,"tombstone:gift":6,"minecraft:acacia_wood":1,"minecraft:iron_leggings":1,"born_in_chaos_v1:mint_ice_cream":1,"minecraft:water_bucket":69,"minecraft:oak_planks":176,"minecraft:golden_apple":9,"minecraft:sand":21,"minecraft:crafting_table":3,"supplementaries:bomb":2,"minecraft:crossbow":21,"minecraft:diamond_pickaxe":35,"regions_unexplored:apple_oak_sapling":1,"minecraft:apple":7,"minecraft:bread":6,"create:black_toolbox":1,"tombstone:grave_key":21,"minecraft:diamond_sword":156,"minecraft:potion":1,"minecraft:chainmail_boots":2,"minecraft:turtle_helmet":1,"minecraft:bucket":71,"minecraft:oak_boat":4,"minecraft:diamond_leggings":1,"minecraft:splash_potion":1,"minecraft:experience_bottle":13}},"DataVersion":3465}