{"stats":{"minecraft:dropped":{"minecraft:enchanted_book":2,"minecraft:iron_sword":1,"minecraft:wheat_seeds":2,"minecraft:porkchop":2,"minecraft:lilac":1,"terramity:electronic_scrap":3,"minecraft:tnt":1,"minecraft:iron_helmet":1,"minecraft:cobblestone":49,"minecraft:leather":5,"minecraft:granite":4,"minecraft:chainmail_helmet":1,"minecraft:coal":1,"minecraft:leather_helmet":1,"minecraft:item_frame":2,"minecraft:stick":12,"regions_unexplored:small_oak_log":16,"irons_spellbooks:scroll":1,"minecraft:dirt":16,"ars_nouveau:worn_notebook":1,"minecraft:torch":2,"minecraft:dark_oak_trapdoor":1,"tombstone:grave_dust":1,"minecraft:potion":2,"iceandfire:ash":2,"minecraft:oak_stairs":1,"regions_unexplored:prismarite_cluster":1,"minecraft:smooth_stone":1,"regions_unexplored:mauve_sapling":5,"minecraft:string":5,"minecraft:bone":30,"regions_unexplored:raw_redstone_block":3,"alexsmobs:animal_dictionary":1,"minecraft:tuff":2,"minecraft:rotten_flesh":1,"minecraft:oak_planks":7,"minecraft:cobbled_deepslate_slab":1,"terramity:music_sheet_of_untimely_death":5,"evilcraft:flesh_humanoid":11,"patchouli:guide_book":4,"minecraft:chainmail_chestplate":1,"minecraft:leather_chestplate":1,"minecraft:spruce_planks":3,"terramity:stone_tiles":1,"apotheosis:gem":2,"minecraft:oak_sapling":336,"minecraft:spruce_slab":4,"minecraft:iron_bars":4,"minecraft:beef":2,"regions_unexplored:silt_dirt":7,"minecraft:terracotta":15},"minecraft:killed":{"undead_revamp2:bigsucker":1,"minecraft:witch":5,"graveyard:corrupted_vindicator":5,"minecraft:spider":1,"minecraft:skeleton":1,"minecraft:drowned":1,"undead_revamp2:sucker":1,"terramity:blue_fairy":1,"undead_revamp2:the_moonflower":2,"minecraft:zombie":4,"born_in_chaos_v1:dread_hound":1,"minecraft:cow":1},"minecraft:broken":{"minecraft:leather_helmet":1,"minecraft:iron_boots":2,"minecraft:iron_leggings":1,"minecraft:chainmail_chestplate":1,"minecraft:iron_helmet":1},"minecraft:picked_up":{"regions_unexplored:small_oak_log":16,"irons_spellbooks:scroll":1,"minecraft:crafting_table":2,"graveyard:dark_iron_ingot":1,"terramity:fairy_dust":3,"regions_unexplored:silt_dirt":7,"minecraft:oak_stairs":1,"minecraft:potion":1,"minecraft:string":1,"minecraft:dark_oak_trapdoor":1,"minecraft:item_frame":2,"minecraft:experience_bottle":1,"minecraft:gold_nugget":10,"minecraft:cobbled_deepslate":2,"minecraft:smooth_stone":1,"minecraft:spruce_planks":3,"minecraft:beef":5,"minecraft:spruce_slab":8,"minecraft:stick":97,"apotheosis:gem":1,"minecraft:torch":12,"minecraft:porkchop":2,"regions_unexplored:raw_redstone_block":4,"minecraft:redstone":2,"minecraft:tnt":1,"regions_unexplored:mauve_sapling":5,"minecraft:arrow":29,"minecraft:stone_shovel":1,"minecraft:rotten_flesh":1,"minecraft:hay_block":1,"minecraft:gold_ingot":1,"minecraft:iron_bars":4,"minecraft:cobblestone":129,"minecraft:leather_chestplate":1,"minecraft:lilac":1,"minecraft:leather":5,"paraglider:spirit_orb":2,"minecraft:tuff":2,"minecraft:oak_log":139,"evilcraft:flesh_humanoid":3,"minecraft:dirt":16,"minecraft:bone":71,"minecraft:apple":13,"minecraft:wheat_seeds":2,"minecraft:cobbled_deepslate_slab":1,"minecraft:cooked_chicken":1,"minecraft:stone_pickaxe":1,"terramity:music_sheet_of_untimely_death":3,"minecraft:iron_sword":1,"minecraft:oak_planks":6,"iceandfire:ash":2,"minecraft:white_bed":1,"minecraft:spider_eye":1,"minecraft:leather_helmet":1,"minecraft:diamond":2,"minecraft:iron_helmet":1,"evilcraft:dark_gem":4,"minecraft:granite":3,"tombstone:magic_scroll":1,"minecraft:terracotta":15,"minecraft:oak_sapling":336,"terramity:stone_tiles":1,"minecraft:coal":34,"terramity:gold_round":1,"minecraft:ender_pearl":1},"minecraft:killed_by":{"endofherobrine:cow":1,"terramity:elite_skeleton":4,"minecraft:player":1,"undead_revamp2:the_moonflower":2,"irons_spellbooks:pyromancer":2,"minecraft:creeper":1,"undead_revamp2:theswarmer":1,"minecraft:drowned":1,"undead_revamp2:clogger":1,"undead_revamp2:thespitter":1,"terramity:simple_turret":2,"born_in_chaos_v1:bonescaller":1,"irons_spellbooks:necromancer":2,"minecraft:skeleton":19,"born_in_chaos_v1:pumpkinhead":1,"minecraft:witch":2,"minecraft:zombie":3,"irons_spellbooks:archevoker":1,"graveyard:corrupted_vindicator":6,"graveyard:wraith":7,"iceandfire:fire_dragon":1},"minecraft:used":{"minecraft:stone_shovel":1,"minecraft:shield":6,"minecraft:iron_sword":28,"minecraft:torch":72,"minecraft:chainmail_chestplate":1,"minecraft:diamond_helmet":1,"minecraft:iron_axe":22,"minecraft:iron_helmet":1,"minecraft:iron_boots":1,"minecraft:beef":3,"minecraft:bow":9,"supplementaries:ash":1,"tombstone:gift":4,"minecraft:potato":1,"minecraft:oak_planks":299,"minecraft:stone_pickaxe":25,"minecraft:golden_apple":2,"regions_unexplored:raw_redstone_block":1,"minecraft:crafting_table":4,"alexscaves:cave_book":1,"minecraft:crossbow":21,"minecraft:apple":17,"minecraft:bread":14,"minecraft:iron_pickaxe":261,"tombstone:magic_scroll":2,"minecraft:leather_helmet":1,"tombstone:grave_key":40,"minecraft:cobblestone":16,"minecraft:chainmail_boots":1,"terramity:ruby_sword":282,"minecraft:experience_bottle":2},"minecraft:crafted":{"minecraft:oak_planks":501,"minecraft:bone_meal":84,"minecraft:diamond_helmet":1,"tombstone:grave_key":4,"terramity:empty_ring":1,"minecraft:crafting_table":3,"terramity:ruby_sword":1,"minecraft:stick":8,"terramity:ruby_ring":1,"minecraft:torch":64},"minecraft:custom":{"lootr:looted_stat":80,"minecraft:mob_kills":27,"minecraft:interact_with_crafting_table":7,"minecraft:open_barrel":1,"minecraft:damage_dealt_resisted":70,"minecraft:eat_cake_slice":3,"minecraft:leave_game":5,"minecraft:time_since_death":720,"minecraft:damage_resisted":0,"minecraft:climb_one_cm":20021,"minecraft:sprint_one_cm":353738,"minecraft:walk_one_cm":288954,"minecraft:damage_blocked_by_shield":828,"minecraft:drop":116,"minecraft:damage_dealt_absorbed":79,"minecraft:play_time":140816,"minecraft:sneak_time":970,"minecraft:deaths":63,"minecraft:walk_under_water_one_cm":8672,"minecraft:jump":1714,"minecraft:interact_with_blast_furnace":1,"minecraft:walk_on_water_one_cm":13832,"minecraft:total_world_time":140816,"tombstone:raider_killed":5,"minecraft:time_since_rest":502,"minecraft:waystone_activated":1,"minecraft:damage_taken":19307,"minecraft:damage_absorbed":81,"minecraft:damage_dealt":13624,"minecraft:swim_one_cm":47590,"minecraft:fly_one_cm":357244,"minecraft:crouch_one_cm":5382,"tombstone:undead_killed":10,"minecraft:interact_with_smoker":1,"minecraft:fall_one_cm":121492,"minecraft:horse_one_cm":58140},"minecraft:mined":{"minecraft:deepslate_tiles":2,"minecraft:dark_prismarine":2,"minecraft:tuff":5,"minecraft:spruce_planks":9,"minecraft:white_bed":1,"iceandfire:silver_ore":2,"minecraft:deepslate_diamond_ore":2,"minecraft:cobbled_deepslate_slab":1,"minecraft:granite":2,"regions_unexplored:hanging_prismarite":9,"create:ochrum":10,"terramity:stone_tiles":1,"regions_unexplored:raw_redstone_block":4,"minecraft:spawner":4,"minecraft:smooth_stone":1,"regions_unexplored:pointed_redstone":4,"minecraft:fire":6,"minecraft:sculk_shrieker":1,"minecraft:bookshelf":3,"minecraft:polished_deepslate_slab":1,"minecraft:iron_bars":6,"crittersandcompanions:silk_cocoon":1,"scguns:phosphorite":1,"regions_unexplored:small_oak_log":12,"minecraft:stone":140,"regions_unexplored:silt_grass_block":3,"regions_unexplored:windswept_grass":1,"regions_unexplored:prismoss":3,"minecraft:spruce_slab":3,"minecraft:potted_lily_of_the_valley":1,"minecraft:polished_granite":1,"graveyard:small_light_gray_urn":1,"minecraft:crafting_table":2,"minecraft:torch":10,"regions_unexplored:silt_dirt":3,"minecraft:sculk_sensor":4,"minecraft:stone_slab":1,"minecraft:tall_grass":2,"regions_unexplored:mauve_log":5,"minecraft:oak_planks":3,"minecraft:sculk":5,"minecraft:wall_torch":1,"supplementaries:urn":5,"evilcraft:dark_ore_deepslate":1,"minecraft:birch_leaves":1,"minecraft:tnt":2,"minecraft:grass":1,"minecraft:cracked_deepslate_tiles":1,"graveyard:dark_iron_bars":2,"minecraft:oak_log":129,"minecraft:coal_ore":36,"minecraft:gravel":6,"graveyard:leaning_skeleton":1,"minecraft:dirt":10,"minecraft:cobweb":8,"minecraft:terracotta":3,"regions_unexplored:prismoss_sprout":2,"minecraft:mossy_stone_bricks":1,"minecraft:oak_leaves":2,"minecraft:deepslate":2}},"DataVersion":3465}