{"stats":{"minecraft:custom":{"minecraft:interact_with_smithing_table":1,"lootr:looted_stat":78,"minecraft:mob_kills":25,"minecraft:interact_with_crafting_table":3,"minecraft:open_barrel":6,"minecraft:bell_ring":2,"minecraft:damage_dealt_resisted":0,"minecraft:eat_cake_slice":2,"minecraft:leave_game":9,"minecraft:time_since_death":3019,"minecraft:climb_one_cm":8459,"minecraft:damage_resisted":175,"minecraft:sprint_one_cm":395227,"minecraft:walk_one_cm":259546,"minecraft:damage_blocked_by_shield":367,"minecraft:drop":166,"minecraft:play_time":125955,"minecraft:sneak_time":835,"minecraft:deaths":37,"minecraft:walk_under_water_one_cm":21135,"minecraft:jump":1598,"minecraft:walk_on_water_one_cm":17791,"minecraft:total_world_time":125955,"minecraft:interact_with_furnace":1,"minecraft:time_since_rest":2781,"minecraft:waystone_activated":1,"minecraft:damage_absorbed":320,"minecraft:damage_taken":14665,"minecraft:damage_dealt":11806,"minecraft:player_kills":1,"minecraft:swim_one_cm":31484,"minecraft:fly_one_cm":311358,"minecraft:open_chest":7,"minecraft:crouch_one_cm":779,"tombstone:undead_killed":10,"minecraft:fall_one_cm":50618},"minecraft:killed_by":{"terramity:elite_skeleton":6,"minecraft:player":1,"minecraft:wither_skeleton":12,"minecraft:creeper":1,"terramity:simple_turret":5,"minecraft:hoglin":1,"minecraft:skeleton":2,"minecraft:zombie":4,"scguns:swarm":1,"scguns:cog_minion":1,"born_in_chaos_v1:maggot":1},"minecraft:dropped":{"minecraft:enchanted_book":1,"minecraft:iron_ingot":6,"minecraft:iron_sword":2,"minecraft:acacia_wood":4,"minecraft:wheat_seeds":2,"terramity:electronic_scrap":1,"minecraft:glass_bottle":1,"regions_unexplored:red_maple_shrub":2,"minecraft:iron_helmet":1,"minecraft:cobblestone":5,"create:cogwheel":9,"terramity:grate":1,"terramity:ball_n_chain":1,"minecraft:coal":4,"minecraft:item_frame":1,"minecraft:stick":4,"regions_unexplored:red_maple_sapling":3,"irons_spellbooks:scroll":1,"regions_unexplored:red_maple_leaf_pile":3,"minecraft:dirt":3,"create:cut_ochrum_bricks":3,"iceandfire:copper_nugget":14,"minecraft:torch":1,"minecraft:netherite_boots":1,"tombstone:grave_dust":4,"minecraft:gold_nugget":1,"irons_spellbooks:common_ink":2,"minecraft:sand":13,"regions_unexplored:silver_birch_leaf_pile":1,"undead_revamp2:blacpetalblock":2,"minecraft:dark_oak_planks":6,"minecraft:string":1,"quark:yellow_shard":6,"irons_spellbooks:emerald_stoneplate_ring":2,"create:cut_ochrum_brick_stairs":1,"minecraft:bone":14,"minecraft:oak_door":1,"minecraft:gravel":11,"scguns:pebbles":3,"iceandfire:witherbone":3,"minecraft:rotten_flesh":28,"minecraft:light_gray_wool":1,"minecraft:oak_planks":3,"minecraft:iron_boots":2,"sophisticatedbackpacks:backpack":1,"terramity:music_sheet_of_untimely_death":7,"evilcraft:flesh_humanoid":3,"supplementaries:ash":2,"minecraft:potato":6,"create:small_ochrum_bricks":1,"minecraft:turtle_helmet":1,"terramity:iridescent_shard":1,"minecraft:flower_pot":3,"minecraft:gunpowder":2,"irons_spellbooks:conjurers_talisman":1,"minecraft:spruce_trapdoor":5,"minecraft:spruce_planks":1,"minecraft:iron_chestplate":1,"apotheosis:gem":2,"terramity:accursed_soul":12,"minecraft:chainmail_boots":2,"minecraft:iron_bars":1,"minecraft:bow":1,"terramity:gold_round":8,"minecraft:netherrack":1,"create:andesite_alloy":1},"minecraft:killed":{"undead_revamp2:bigsucker":2,"minecraft:spider":1,"minecraft:skeleton":2,"terramity:elite_skeleton":1,"minecraft:hoglin":6,"born_in_chaos_v1:bloody_gadfly":1,"minecraft:zombie":5,"born_in_chaos_v1:corpse_fly":4},"minecraft:mined":{"minecraft:spruce_planks":1,"minecraft:white_bed":1,"regions_unexplored:maple_log":12,"minecraft:grass_block":2,"regions_unexplored:maple_leaves":5,"minecraft:spawner":1,"minecraft:black_stained_glass_pane":1,"minecraft:acacia_wood":1,"minecraft:deepslate_iron_ore":2,"minecraft:dirt_path":1,"minecraft:iron_bars":2,"regions_unexplored:apple_oak_leaves":6,"scguns:phosphorite":1,"regions_unexplored:medium_grass":5,"minecraft:spruce_wood":1,"minecraft:dandelion":1,"regions_unexplored:silt_dirt":3,"minecraft:rose_bush":1,"minecraft:tall_grass":1,"minecraft:oak_planks":1,"regions_unexplored:sandy_tall_grass":1,"regions_unexplored:red_maple_leaf_pile":1,"create:ornate_iron_window_pane":2,"minecraft:grass":4,"minecraft:coal_ore":5,"minecraft:gravel":15,"minecraft:sand":37,"terramity:deepslate_iridescent_ore":1,"minecraft:netherrack":5,"minecraft:oak_leaves":1},"minecraft:picked_up":{"minecraft:iron_chestplate":1,"minecraft:wheat":2,"minecraft:chainmail_boots":1,"iceandfire:witherbone":2,"minecraft:flower_pot":3,"minecraft:turtle_helmet":1,"minecraft:diamond_sword":1,"regions_unexplored:silt_dirt":3,"regions_unexplored:red_maple_leaf_pile":3,"minecraft:string":1,"minecraft:iron_leggings":1,"minecraft:item_frame":1,"minecraft:iron_shovel":1,"quark:yellow_shard":6,"terramity:accursed_soul":12,"minecraft:bucket":1,"minecraft:spruce_planks":1,"irons_spellbooks:emerald_stoneplate_ring":1,"minecraft:light_gray_wool":2,"minecraft:raw_iron":3,"minecraft:spruce_trapdoor":5,"minecraft:iron_boots":1,"apotheosis:gem":3,"minecraft:stick":4,"regions_unexplored:silver_birch_leaf_pile":1,"minecraft:torch":1,"sophisticatedbackpacks:backpack":1,"tombstone:grave_dust":3,"minecraft:trident":1,"minecraft:dark_oak_planks":16,"minecraft:arrow":2,"minecraft:rotten_flesh":28,"create:experience_nugget":2,"create:small_ochrum_bricks":1,"supplementaries:ash":6,"minecraft:iron_bars":1,"minecraft:cobblestone":5,"born_in_chaos_v1:corpse_maggot":8,"minecraft:golden_carrot":15,"minecraft:acacia_wood":4,"born_in_chaos_v1:mint_ice_cream":1,"scguns:phosphorite":1,"paraglider:spirit_orb":8,"minecraft:flint":1,"minecraft:oak_log":37,"create:andesite_alloy":1,"evilcraft:flesh_humanoid":4,"regions_unexplored:red_maple_sapling":3,"minecraft:gunpowder":2,"scguns:pebbles":3,"minecraft:dirt":3,"tombstone:gift":1,"terramity:grate":1,"irons_spellbooks:common_ink":2,"minecraft:bone":11,"minecraft:apple":3,"undead_revamp2:blacpetalblock":1,"minecraft:bow":1,"regions_unexplored:red_maple_shrub":2,"minecraft:wheat_seeds":2,"minecraft:spruce_wood":1,"minecraft:iron_ingot":8,"minecraft:glass_bottle":1,"terramity:music_sheet_of_untimely_death":6,"minecraft:iron_sword":2,"minecraft:oak_planks":62,"create:cut_ochrum_bricks":3,"iceandfire:copper_nugget":14,"create:cogwheel":7,"minecraft:dandelion":1,"minecraft:gravel":11,"create:cut_ochrum_brick_stairs":1,"minecraft:sand":34,"terramity:iridescent_shard":2,"minecraft:white_bed":1,"minecraft:bundle":1,"minecraft:iron_helmet":2,"regions_unexplored:maple_log":8,"minecraft:chainmail_helmet":1,"minecraft:netherrack":1,"minecraft:coal":10,"terramity:gold_round":5,"regions_unexplored:apple_oak_sapling":1},"minecraft:used":{"regions_unexplored:silt_dirt":3,"minecraft:trident":185,"minecraft:iron_shovel":57,"simplyswords:iron_warglaive":12,"minecraft:shield":4,"minecraft:iron_sword":2,"minecraft:rotten_flesh":2,"regions_unexplored:maple_planks":28,"minecraft:iron_chestplate":1,"minecraft:dirt":2,"minecraft:diamond_helmet":1,"minecraft:dark_oak_planks":10,"born_in_chaos_v1:corpse_maggot":8,"minecraft:iron_helmet":1,"minecraft:iron_boots":2,"minecraft:netherite_boots":1,"minecraft:light_gray_wool":1,"minecraft:golden_carrot":9,"tombstone:gift":5,"minecraft:acacia_wood":1,"minecraft:iron_leggings":1,"born_in_chaos_v1:mint_ice_cream":1,"minecraft:water_bucket":34,"minecraft:oak_planks":176,"minecraft:golden_apple":8,"minecraft:sand":21,"minecraft:crafting_table":1,"supplementaries:bomb":2,"minecraft:diamond_pickaxe":18,"regions_unexplored:apple_oak_sapling":1,"minecraft:apple":2,"minecraft:bread":6,"tombstone:grave_key":18,"create:black_toolbox":1,"minecraft:diamond_sword":18,"minecraft:potion":1,"minecraft:chainmail_boots":2,"minecraft:turtle_helmet":1,"minecraft:bucket":35,"minecraft:diamond_leggings":1,"minecraft:splash_potion":1,"minecraft:experience_bottle":13},"minecraft:broken":{"minecraft:iron_chestplate":1,"minecraft:iron_leggings":1,"minecraft:iron_helmet":1},"minecraft:crafted":{"minecraft:oak_planks":148,"regions_unexplored:maple_planks":32,"minecraft:flint_and_steel":1,"minecraft:diamond_helmet":1,"tombstone:grave_key":6,"minecraft:crafting_table":1,"minecraft:spruce_planks":4,"minecraft:diamond_pickaxe":1,"minecraft:stick":8}},"DataVersion":3465}