{"stats":{"minecraft:broken":{"minecraft:leather_helmet":1,"minecraft:iron_boots":2,"minecraft:iron_leggings":1,"minecraft:chainmail_chestplate":1,"minecraft:iron_helmet":1},"minecraft:killed":{"undead_revamp2:bigsucker":1,"minecraft:witch":5,"graveyard:corrupted_vindicator":5,"minecraft:spider":1,"undead_revamp2:sucker":1,"terramity:blue_fairy":1,"minecraft:zombie":2,"born_in_chaos_v1:dread_hound":1,"minecraft:cow":1},"minecraft:used":{"minecraft:stone_shovel":1,"minecraft:shield":4,"minecraft:iron_sword":28,"minecraft:torch":41,"minecraft:diamond_helmet":1,"minecraft:iron_axe":17,"minecraft:iron_helmet":1,"minecraft:iron_boots":1,"minecraft:beef":3,"supplementaries:ash":1,"tombstone:gift":4,"minecraft:potato":1,"minecraft:stone_pickaxe":25,"minecraft:oak_planks":299,"minecraft:golden_apple":1,"regions_unexplored:raw_redstone_block":1,"minecraft:crafting_table":2,"alexscaves:cave_book":1,"minecraft:crossbow":3,"minecraft:apple":7,"minecraft:bread":14,"minecraft:iron_pickaxe":238,"tombstone:magic_scroll":1,"minecraft:leather_helmet":1,"tombstone:grave_key":33,"minecraft:cobblestone":16,"minecraft:chainmail_boots":1,"terramity:ruby_sword":227,"minecraft:experience_bottle":2},"minecraft:picked_up":{"regions_unexplored:small_oak_log":16,"minecraft:crafting_table":1,"graveyard:dark_iron_ingot":1,"regions_unexplored:silt_dirt":7,"terramity:fairy_dust":2,"minecraft:potion":1,"minecraft:string":1,"minecraft:dark_oak_trapdoor":1,"minecraft:item_frame":2,"minecraft:experience_bottle":1,"minecraft:cobbled_deepslate":1,"minecraft:smooth_stone":1,"minecraft:spruce_planks":3,"minecraft:beef":5,"minecraft:spruce_slab":8,"minecraft:stick":85,"apotheosis:gem":1,"minecraft:torch":7,"minecraft:porkchop":2,"regions_unexplored:raw_redstone_block":4,"minecraft:redstone":2,"minecraft:tnt":1,"minecraft:stone_shovel":1,"minecraft:arrow":27,"minecraft:rotten_flesh":1,"minecraft:hay_block":1,"minecraft:iron_bars":4,"minecraft:cobblestone":129,"minecraft:leather_chestplate":1,"minecraft:lilac":1,"minecraft:leather":5,"minecraft:oak_log":138,"evilcraft:flesh_humanoid":3,"minecraft:dirt":16,"minecraft:bone":56,"minecraft:apple":13,"minecraft:wheat_seeds":2,"minecraft:cobbled_deepslate_slab":1,"minecraft:stone_pickaxe":1,"minecraft:oak_planks":6,"terramity:music_sheet_of_untimely_death":3,"minecraft:iron_sword":1,"minecraft:white_bed":1,"minecraft:leather_helmet":1,"minecraft:diamond":1,"evilcraft:dark_gem":4,"minecraft:iron_helmet":1,"minecraft:granite":2,"minecraft:terracotta":15,"minecraft:oak_sapling":336,"terramity:stone_tiles":1,"minecraft:coal":34,"terramity:gold_round":1,"minecraft:ender_pearl":1},"minecraft:custom":{"lootr:looted_stat":48,"minecraft:mob_kills":20,"minecraft:interact_with_crafting_table":5,"minecraft:open_barrel":1,"minecraft:damage_dealt_resisted":70,"minecraft:eat_cake_slice":3,"minecraft:leave_game":3,"minecraft:time_since_death":6034,"minecraft:climb_one_cm":8354,"minecraft:damage_resisted":0,"minecraft:sprint_one_cm":235725,"minecraft:walk_one_cm":215431,"minecraft:damage_blocked_by_shield":396,"minecraft:drop":102,"minecraft:play_time":99266,"minecraft:deaths":51,"minecraft:sneak_time":891,"minecraft:walk_under_water_one_cm":1369,"minecraft:jump":1254,"minecraft:walk_on_water_one_cm":8606,"minecraft:total_world_time":99266,"tombstone:raider_killed":5,"minecraft:time_since_rest":5814,"minecraft:waystone_activated":1,"minecraft:damage_taken":15651,"minecraft:damage_absorbed":40,"minecraft:damage_dealt":11129,"minecraft:swim_one_cm":16916,"minecraft:fly_one_cm":200611,"minecraft:crouch_one_cm":5326,"tombstone:undead_killed":4,"minecraft:interact_with_smoker":1,"minecraft:fall_one_cm":68100,"minecraft:horse_one_cm":58140},"minecraft:killed_by":{"terramity:elite_skeleton":4,"undead_revamp2:the_moonflower":2,"irons_spellbooks:pyromancer":2,"undead_revamp2:theswarmer":1,"undead_revamp2:clogger":1,"undead_revamp2:thespitter":1,"terramity:simple_turret":2,"minecraft:skeleton":18,"minecraft:witch":2,"minecraft:zombie":3,"irons_spellbooks:archevoker":1,"graveyard:corrupted_vindicator":6,"graveyard:wraith":7},"minecraft:crafted":{"minecraft:oak_planks":497,"minecraft:bone_meal":84,"minecraft:diamond_helmet":1,"tombstone:grave_key":4,"minecraft:crafting_table":2,"terramity:ruby_sword":1,"minecraft:stick":8,"minecraft:torch":64},"minecraft:dropped":{"minecraft:enchanted_book":2,"minecraft:iron_sword":1,"minecraft:wheat_seeds":2,"minecraft:porkchop":2,"minecraft:lilac":1,"terramity:electronic_scrap":3,"minecraft:tnt":1,"minecraft:iron_helmet":1,"minecraft:leather":5,"minecraft:granite":4,"minecraft:chainmail_helmet":1,"minecraft:coal":1,"minecraft:leather_helmet":1,"minecraft:item_frame":2,"regions_unexplored:small_oak_log":16,"minecraft:dirt":16,"ars_nouveau:worn_notebook":1,"minecraft:torch":2,"minecraft:dark_oak_trapdoor":1,"tombstone:grave_dust":1,"minecraft:potion":2,"regions_unexplored:prismarite_cluster":1,"minecraft:smooth_stone":1,"minecraft:string":5,"minecraft:bone":28,"regions_unexplored:raw_redstone_block":3,"alexsmobs:animal_dictionary":1,"minecraft:rotten_flesh":1,"minecraft:oak_planks":7,"minecraft:cobbled_deepslate_slab":1,"terramity:music_sheet_of_untimely_death":4,"evilcraft:flesh_humanoid":10,"patchouli:guide_book":4,"minecraft:leather_chestplate":1,"minecraft:spruce_planks":3,"terramity:stone_tiles":1,"apotheosis:gem":2,"minecraft:oak_sapling":336,"minecraft:spruce_slab":4,"minecraft:iron_bars":4,"minecraft:beef":2,"regions_unexplored:silt_dirt":7,"minecraft:terracotta":15},"minecraft:mined":{"minecraft:dark_prismarine":2,"minecraft:deepslate_tiles":2,"minecraft:tuff":2,"minecraft:spruce_planks":8,"minecraft:white_bed":1,"iceandfire:silver_ore":2,"minecraft:deepslate_diamond_ore":1,"minecraft:granite":2,"regions_unexplored:hanging_prismarite":9,"minecraft:cobbled_deepslate_slab":1,"create:ochrum":10,"terramity:stone_tiles":1,"regions_unexplored:raw_redstone_block":4,"minecraft:spawner":1,"minecraft:smooth_stone":1,"minecraft:fire":6,"minecraft:bookshelf":3,"minecraft:polished_deepslate_slab":1,"minecraft:iron_bars":6,"scguns:phosphorite":1,"regions_unexplored:small_oak_log":12,"minecraft:stone":140,"regions_unexplored:silt_grass_block":3,"regions_unexplored:windswept_grass":1,"regions_unexplored:prismoss":3,"minecraft:spruce_slab":3,"minecraft:potted_lily_of_the_valley":1,"graveyard:small_light_gray_urn":1,"minecraft:crafting_table":1,"minecraft:torch":6,"regions_unexplored:silt_dirt":3,"minecraft:stone_slab":1,"minecraft:tall_grass":2,"minecraft:oak_planks":3,"minecraft:wall_torch":1,"supplementaries:urn":2,"evilcraft:dark_ore_deepslate":1,"minecraft:tnt":2,"minecraft:grass":1,"minecraft:cracked_deepslate_tiles":1,"graveyard:dark_iron_bars":2,"minecraft:coal_ore":36,"minecraft:oak_log":128,"graveyard:leaning_skeleton":1,"minecraft:gravel":6,"minecraft:dirt":10,"minecraft:cobweb":8,"minecraft:terracotta":3,"minecraft:mossy_stone_bricks":1,"regions_unexplored:prismoss_sprout":2,"minecraft:deepslate":1}},"DataVersion":3465}