{"stats":{"minecraft:killed":{"minecraft:witch":5,"minecraft:spider":1,"minecraft:zombie":1,"terramity:blue_fairy":1,"minecraft:cow":1},"minecraft:used":{"minecraft:oak_planks":299,"minecraft:iron_sword":28,"minecraft:torch":4,"minecraft:crafting_table":1,"minecraft:crossbow":1,"minecraft:apple":4,"minecraft:iron_axe":4,"minecraft:bread":7,"minecraft:iron_pickaxe":42,"tombstone:magic_scroll":1,"minecraft:iron_helmet":1,"minecraft:leather_helmet":1,"tombstone:grave_key":17,"minecraft:iron_boots":1,"minecraft:beef":3,"minecraft:chainmail_boots":1,"tombstone:gift":4,"terramity:ruby_sword":61,"minecraft:potato":1,"minecraft:experience_bottle":2},"minecraft:picked_up":{"regions_unexplored:small_oak_log":16,"minecraft:leather":5,"terramity:fairy_dust":2,"regions_unexplored:silt_dirt":7,"minecraft:oak_log":138,"evilcraft:flesh_humanoid":2,"minecraft:dirt":16,"minecraft:string":1,"minecraft:item_frame":2,"minecraft:bone":56,"minecraft:experience_bottle":1,"minecraft:apple":13,"minecraft:wheat_seeds":2,"minecraft:smooth_stone":1,"minecraft:beef":5,"minecraft:stone_pickaxe":1,"minecraft:oak_planks":6,"terramity:music_sheet_of_untimely_death":2,"minecraft:iron_sword":1,"minecraft:stick":85,"minecraft:torch":1,"minecraft:porkchop":2,"minecraft:redstone":2,"minecraft:white_bed":1,"minecraft:tnt":1,"minecraft:arrow":27,"minecraft:iron_helmet":1,"minecraft:hay_block":1,"minecraft:granite":2,"minecraft:oak_sapling":336,"minecraft:cobblestone":11,"terramity:stone_tiles":1,"minecraft:coal":8,"terramity:gold_round":1,"minecraft:ender_pearl":1},"minecraft:custom":{"lootr:looted_stat":30,"minecraft:mob_kills":11,"tombstone:raider_killed":5,"minecraft:interact_with_crafting_table":3,"minecraft:damage_dealt_resisted":0,"minecraft:eat_cake_slice":3,"minecraft:leave_game":1,"minecraft:time_since_death":3376,"minecraft:climb_one_cm":4121,"minecraft:damage_resisted":0,"minecraft:time_since_rest":3121,"minecraft:sprint_one_cm":153007,"minecraft:damage_taken":8767,"minecraft:walk_one_cm":114776,"minecraft:drop":63,"minecraft:damage_dealt":4149,"minecraft:swim_one_cm":11141,"minecraft:fly_one_cm":142053,"minecraft:crouch_one_cm":4802,"minecraft:play_time":53674,"tombstone:undead_killed":1,"minecraft:deaths":28,"minecraft:sneak_time":742,"minecraft:walk_under_water_one_cm":916,"minecraft:jump":848,"minecraft:walk_on_water_one_cm":1716,"minecraft:interact_with_smoker":1,"minecraft:total_world_time":53674,"minecraft:fall_one_cm":36895,"minecraft:horse_one_cm":58140},"minecraft:killed_by":{"terramity:elite_skeleton":4,"undead_revamp2:the_moonflower":2,"minecraft:skeleton":17,"minecraft:witch":2,"undead_revamp2:clogger":1,"terramity:simple_turret":2},"minecraft:crafted":{"minecraft:oak_planks":497,"minecraft:crafting_table":1,"minecraft:bone_meal":84,"terramity:ruby_sword":1,"tombstone:grave_key":4,"minecraft:stick":8,"minecraft:torch":32},"minecraft:dropped":{"minecraft:enchanted_book":2,"minecraft:iron_sword":1,"minecraft:porkchop":2,"minecraft:wheat_seeds":2,"terramity:electronic_scrap":3,"alexsmobs:animal_dictionary":1,"minecraft:tnt":1,"minecraft:iron_helmet":1,"minecraft:oak_planks":7,"minecraft:leather":3,"minecraft:granite":4,"terramity:music_sheet_of_untimely_death":4,"minecraft:chainmail_helmet":1,"evilcraft:flesh_humanoid":8,"minecraft:coal":1,"minecraft:leather_helmet":1,"patchouli:guide_book":4,"minecraft:item_frame":2,"regions_unexplored:small_oak_log":16,"minecraft:dirt":16,"ars_nouveau:worn_notebook":1,"minecraft:torch":2,"terramity:stone_tiles":1,"apotheosis:gem":1,"minecraft:oak_sapling":336,"tombstone:grave_dust":1,"minecraft:smooth_stone":1,"regions_unexplored:silt_dirt":7,"minecraft:string":1,"minecraft:bone":28},"minecraft:mined":{"minecraft:white_bed":1,"iceandfire:silver_ore":2,"minecraft:torch":1,"minecraft:granite":2,"regions_unexplored:silt_dirt":3,"minecraft:stone_slab":1,"minecraft:tall_grass":2,"minecraft:oak_planks":3,"terramity:stone_tiles":1,"minecraft:smooth_stone":1,"minecraft:fire":6,"minecraft:tnt":1,"minecraft:grass":1,"minecraft:bookshelf":1,"minecraft:coal_ore":10,"minecraft:oak_log":128,"minecraft:terracotta":3,"minecraft:stone":20,"regions_unexplored:small_oak_log":12,"regions_unexplored:windswept_grass":1,"regions_unexplored:silt_grass_block":3}},"DataVersion":3465}