{"stats":{"minecraft:custom":{"lootr:looted_stat":22,"minecraft:mob_kills":46,"minecraft:interact_with_crafting_table":8,"minecraft:damage_dealt_resisted":60,"minecraft:eat_cake_slice":7,"minecraft:leave_game":6,"minecraft:time_since_death":3634,"minecraft:climb_one_cm":1656,"minecraft:damage_resisted":0,"minecraft:time_since_rest":3457,"minecraft:walk_one_cm":113437,"minecraft:sprint_one_cm":117194,"minecraft:damage_taken":4605,"minecraft:damage_absorbed":1872,"minecraft:drop":20,"minecraft:damage_dealt":9473,"minecraft:talked_to_villager":2,"minecraft:swim_one_cm":34231,"minecraft:fly_one_cm":250402,"minecraft:crouch_one_cm":4169,"minecraft:play_time":86691,"tombstone:undead_killed":18,"minecraft:deaths":12,"minecraft:sneak_time":2661,"minecraft:walk_under_water_one_cm":21927,"minecraft:jump":1093,"minecraft:walk_on_water_one_cm":18885,"minecraft:total_world_time":86691,"minecraft:fall_one_cm":41103},"minecraft:killed_by":{"born_in_chaos_v1:diamond_termite":1,"irons_spellbooks:necromancer":1,"minecraft:skeleton":1,"minecraft:zombie":2,"minecraft:pillager":2,"undead_revamp2:thepregnant":2},"minecraft:dropped":{"minecraft:stone_axe":1,"minecraft:cobbled_deepslate":3,"minecraft:crafting_table":1,"minecraft:dripstone_block":3,"minecraft:pointed_dripstone":1,"minecraft:rotten_flesh":4,"minecraft:oak_planks":10,"minecraft:iron_horse_armor":1,"evilcraft:flesh_humanoid":2,"supplementaries:soap":1,"minecraft:shield":1,"iceandfire:bestiary":1,"regions_unexplored:large_prismarite_cluster":1,"tombstone:grave_dust":1,"mofus_better_end_:end_energy_shard":3,"minecraft:amethyst_shard":2,"minecraft:stone_pickaxe":1},"minecraft:killed":{"born_in_chaos_v1:mr_pumpkin":1,"irons_spellbooks:summoned_zombie":2,"born_in_chaos_v1:diamond_termite":5,"mofus_better_end_:eye_guardian_ground_seeker":1,"born_in_chaos_v1:swarmer":1,"mofus_better_end_:eye_guardian_seeker":2,"born_in_chaos_v1:decrepit_skeleton":1,"born_in_chaos_v1:maggot":5,"born_in_chaos_v1:baby_spider":1,"undead_revamp2:thesomnolence":4,"minecraft:zombie":9,"born_in_chaos_v1:corpse_fly":7,"undead_revamp2:theskeeper":1,"undead_revamp2:thepregnant":1,"irons_spellbooks:summoned_skeleton":3,"minecraft:enderman":1},"minecraft:mined":{"minecraft:oak_door":4,"minecraft:deepslate_diamond_ore":17,"minecraft:sea_lantern":2,"born_in_chaos_v1:infected_deepslate_diamond_ore":4,"minecraft:crafting_table":2,"undead_revamp2:chiseled_dripstonepillar":4,"minecraft:deepslate_gold_ore":4,"minecraft:sugar_cane":2,"regions_unexplored:raw_redstone_block":4,"supplementaries:urn":3,"minecraft:fire":1,"regions_unexplored:redstone_bud":1,"evilcraft:dark_ore_deepslate":6,"minecraft:redstone_torch":1,"minecraft:iron_ore":19,"minecraft:cobbled_deepslate":5,"evilcraft:box_of_eternal_closure":1,"minecraft:deepslate_lapis_ore":1,"celestisynth:lunar_stone":46,"undead_revamp2:chiseleddripstonepillartop":1,"minecraft:pointed_dripstone":3,"minecraft:coal_ore":13,"minecraft:deepslate_iron_ore":5,"minecraft:dripstone_block":25,"terramity:deepslate_iridescent_ore":4,"scguns:deepslate_sulfur_ore":14,"minecraft:stone":9,"minecraft:iron_block":1,"regions_unexplored:peat_podzol":1,"minecraft:deepslate":42},"minecraft:picked_up":{"born_in_chaos_v1:corpse_maggot":6,"born_in_chaos_v1:diamond_termite_shard":3,"minecraft:crafting_table":2,"minecraft:wheat":8,"minecraft:leather":3,"minecraft:enchanted_book":1,"minecraft:shield":1,"minecraft:lapis_lazuli":5,"regions_unexplored:prismarite_cluster":3,"minecraft:string":3,"tombstone:gift":1,"undead_revamp2:chiseled_dripstonepillar":1,"minecraft:item_frame":1,"regions_unexplored:large_prismarite_cluster":1,"minecraft:bone":6,"minecraft:wheat_seeds":3,"minecraft:raw_gold":4,"minecraft:cobbled_deepslate":45,"celestisynth:lunar_stone":42,"minecraft:iron_ingot":1,"regions_unexplored:peat_podzol":1,"scguns:sulfur_chunk":35,"minecraft:sugar_cane":5,"minecraft:raw_iron":24,"apotheosis:gem":1,"born_in_chaos_v1:shattered_skull":1,"minecraft:oak_door":4,"minecraft:copper_ingot":1,"minecraft:dripstone_block":13,"minecraft:prismarine_crystals":4,"minecraft:pointed_dripstone":11,"tombstone:grave_dust":2,"regions_unexplored:raw_redstone_block":4,"minecraft:redstone":53,"terramity:iridescent_shard":10,"minecraft:iron_horse_armor":1,"evilcraft:box_of_eternal_closure":1,"regions_unexplored:cave_hyssop":1,"minecraft:slime_ball":6,"minecraft:rotten_flesh":18,"regions_unexplored:redstone_bulb":8,"minecraft:diamond":17,"evilcraft:dark_gem":28,"minecraft:hay_block":20,"minecraft:iron_block":1,"tombstone:magic_scroll":1,"minecraft:coal":14,"mofus_better_end_:end_energy_shard":6,"minecraft:cobblestone":9},"minecraft:used":{"minecraft:stone_sword":45,"create:crushing_wheel":3,"minecraft:stone_pickaxe":52,"minecraft:iron_sword":179,"minecraft:oak_door":5,"regions_unexplored:peat_podzol":1,"regions_unexplored:raw_redstone_block":2,"minecraft:crafting_table":4,"create:cogwheel":2,"undead_revamp2:chiseled_dripstonepillar":1,"minecraft:dripstone_block":10,"minecraft:diamond_pickaxe":119,"minecraft:iron_axe":6,"minecraft:bread":11,"minecraft:iron_pickaxe":66,"tombstone:grave_key":13,"create:andesite_casing":14,"create:creative_motor":1,"minecraft:item_frame":1,"minecraft:stone_axe":1,"minecraft:cobblestone":2,"tombstone:gift":5,"minecraft:cobbled_deepslate":18,"minecraft:pointed_dripstone":1,"create:large_cogwheel":3},"minecraft:crafted":{"minecraft:oak_door":3,"minecraft:oak_planks":40,"sophisticatedbackpacks:backpack":1,"minecraft:crafting_table":3,"minecraft:bread":24,"minecraft:diamond_pickaxe":1,"quark:oak_chest":1,"minecraft:stick":8,"minecraft:iron_ingot":9,"minecraft:iron_pickaxe":1,"sophisticatedbackpacks:iron_backpack":1,"minecraft:wheat":64}},"DataVersion":3465}