{"stats":{"minecraft:custom":{"lootr:looted_stat":17,"minecraft:mob_kills":21,"minecraft:interact_with_crafting_table":2,"minecraft:damage_dealt_resisted":0,"minecraft:eat_cake_slice":7,"minecraft:leave_game":6,"minecraft:time_since_death":13300,"minecraft:climb_one_cm":1656,"minecraft:time_since_rest":12953,"minecraft:walk_one_cm":64199,"minecraft:sprint_one_cm":72594,"minecraft:damage_taken":1574,"minecraft:damage_absorbed":1637,"minecraft:drop":8,"minecraft:damage_dealt":4886,"minecraft:talked_to_villager":2,"minecraft:swim_one_cm":627,"minecraft:fly_one_cm":186083,"minecraft:crouch_one_cm":1428,"minecraft:play_time":50691,"tombstone:undead_killed":10,"minecraft:deaths":5,"minecraft:sneak_time":591,"minecraft:walk_under_water_one_cm":2047,"minecraft:jump":657,"minecraft:walk_on_water_one_cm":8776,"minecraft:total_world_time":50691,"minecraft:fall_one_cm":26991},"minecraft:killed_by":{"irons_spellbooks:necromancer":1,"minecraft:pillager":2},"minecraft:dropped":{"minecraft:stone_axe":1,"minecraft:cobbled_deepslate":2,"minecraft:iron_horse_armor":1,"evilcraft:flesh_humanoid":2,"minecraft:shield":1,"regions_unexplored:large_prismarite_cluster":1,"tombstone:grave_dust":1,"minecraft:stone_pickaxe":1},"minecraft:killed":{"born_in_chaos_v1:mr_pumpkin":1,"irons_spellbooks:summoned_zombie":2,"mofus_better_end_:eye_guardian_ground_seeker":1,"mofus_better_end_:eye_guardian_seeker":2,"born_in_chaos_v1:decrepit_skeleton":1,"born_in_chaos_v1:maggot":4,"born_in_chaos_v1:baby_spider":1,"undead_revamp2:thesomnolence":1,"minecraft:zombie":4,"irons_spellbooks:summoned_skeleton":3},"minecraft:mined":{"minecraft:deepslate_diamond_ore":1,"minecraft:sugar_cane":2,"regions_unexplored:raw_redstone_block":2,"supplementaries:urn":3,"regions_unexplored:redstone_bud":1,"minecraft:redstone_torch":1,"minecraft:iron_ore":19,"minecraft:coal_ore":13,"minecraft:deepslate_iron_ore":5,"terramity:deepslate_iridescent_ore":4,"minecraft:stone":9,"minecraft:iron_block":1,"regions_unexplored:peat_podzol":1,"minecraft:deepslate":6},"minecraft:picked_up":{"minecraft:enchanted_book":1,"minecraft:shield":1,"regions_unexplored:prismarite_cluster":3,"minecraft:string":1,"tombstone:gift":1,"minecraft:item_frame":1,"regions_unexplored:large_prismarite_cluster":1,"minecraft:wheat_seeds":3,"minecraft:cobbled_deepslate":6,"minecraft:iron_ingot":1,"regions_unexplored:peat_podzol":1,"minecraft:sugar_cane":5,"minecraft:raw_iron":24,"born_in_chaos_v1:shattered_skull":1,"tombstone:grave_dust":2,"regions_unexplored:raw_redstone_block":2,"minecraft:redstone":53,"terramity:iridescent_shard":10,"minecraft:iron_horse_armor":1,"regions_unexplored:cave_hyssop":1,"minecraft:rotten_flesh":4,"regions_unexplored:redstone_bulb":8,"minecraft:diamond":1,"minecraft:iron_block":1,"tombstone:magic_scroll":1,"minecraft:coal":13,"mofus_better_end_:end_energy_shard":3,"minecraft:cobblestone":9},"minecraft:used":{"minecraft:stone_sword":45,"create:crushing_wheel":3,"minecraft:stone_pickaxe":52,"minecraft:iron_sword":68,"regions_unexplored:peat_podzol":1,"regions_unexplored:raw_redstone_block":2,"create:cogwheel":2,"minecraft:iron_pickaxe":10,"tombstone:grave_key":9,"create:andesite_casing":14,"create:creative_motor":1,"minecraft:item_frame":1,"minecraft:stone_axe":1,"minecraft:cobblestone":2,"tombstone:gift":3,"create:large_cogwheel":3},"minecraft:crafted":{"minecraft:oak_planks":4,"minecraft:stick":8,"minecraft:iron_ingot":9,"minecraft:iron_pickaxe":1}},"DataVersion":3465}