{"stats":{"minecraft:custom":{"minecraft:time_since_rest":953,"lootr:looted_stat":7,"minecraft:sprint_one_cm":51820,"minecraft:damage_taken":1202,"minecraft:walk_one_cm":32719,"minecraft:damage_dealt":450,"minecraft:swim_one_cm":627,"minecraft:talked_to_villager":2,"minecraft:interact_with_crafting_table":1,"minecraft:fly_one_cm":134168,"minecraft:crouch_one_cm":676,"minecraft:play_time":38691,"minecraft:deaths":5,"minecraft:sneak_time":314,"minecraft:walk_under_water_one_cm":1942,"minecraft:jump":402,"minecraft:eat_cake_slice":7,"minecraft:leave_game":6,"minecraft:time_since_death":1300,"minecraft:walk_on_water_one_cm":6510,"minecraft:total_world_time":38691,"minecraft:climb_one_cm":1656,"minecraft:fall_one_cm":11941},"minecraft:killed_by":{"irons_spellbooks:necromancer":1,"minecraft:pillager":2},"minecraft:mined":{"regions_unexplored:redstone_bud":1,"minecraft:iron_ore":19,"minecraft:coal_ore":13,"minecraft:stone":9,"minecraft:iron_block":1,"minecraft:sugar_cane":2,"regions_unexplored:raw_redstone_block":2,"regions_unexplored:peat_podzol":1},"minecraft:picked_up":{"minecraft:raw_iron":19,"regions_unexplored:raw_redstone_block":2,"minecraft:redstone":50,"minecraft:item_frame":1,"regions_unexplored:redstone_bulb":8,"minecraft:wheat_seeds":3,"minecraft:iron_ingot":1,"minecraft:iron_block":1,"regions_unexplored:peat_podzol":1,"minecraft:sugar_cane":5,"minecraft:coal":13,"minecraft:cobblestone":9},"minecraft:used":{"minecraft:stone_sword":9,"create:crushing_wheel":3,"minecraft:stone_pickaxe":45,"tombstone:grave_key":9,"create:andesite_casing":14,"create:creative_motor":1,"minecraft:item_frame":1,"minecraft:stone_axe":1,"regions_unexplored:peat_podzol":1,"minecraft:cobblestone":2,"regions_unexplored:raw_redstone_block":2,"create:cogwheel":2,"create:large_cogwheel":3}},"DataVersion":3465}