{"stats":{"minecraft:broken":{"minecraft:iron_helmet":1,"minecraft:iron_leggings":1,"minecraft:chainmail_boots":1},"minecraft:killed":{"minecraft:vindicator":1,"undead_revamp2:the_moonflower":3,"minecraft:spider":1,"born_in_chaos_v1:siamese_skeletonsright":1,"born_in_chaos_v1:zombie_bruiser":1,"born_in_chaos_v1:baby_skeleton_minion":1,"terramity:green_fairy":1,"born_in_chaos_v1:decrepit_skeleton":1,"minecraft:skeleton":5,"born_in_chaos_v1:mrs_pumpkin":1,"terramity:cave_gnome":1,"born_in_chaos_v1:siamese_skeletonsleft":1},"minecraft:picked_up":{"minecraft:ladder":2,"minecraft:red_glazed_terracotta":1,"regions_unexplored:silt_dirt":2,"minecraft:enchanted_book":1,"paraglider:spirit_orb":4,"minecraft:oak_log":3,"evilcraft:flesh_humanoid":3,"minecraft:polished_granite":2,"minecraft:leather_boots":1,"supplementaries:statue":2,"minecraft:item_frame":2,"minecraft:white_carpet":1,"collectorsalbum:legendary_card_pack":1,"minecraft:bone":2,"terramity:accursed_soul":5,"minecraft:stone_bricks":2,"minecraft:stone_pickaxe":2,"minecraft:iron_ingot":4,"terramity:music_sheet_of_untimely_death":3,"minecraft:oak_planks":1,"minecraft:dark_oak_stairs":2,"minecraft:furnace":1,"minecraft:oak_slab":3,"minecraft:raw_iron":2,"minecraft:stripped_acacia_wood":1,"minecraft:granite_slab":6,"tombstone:grave_dust":2,"minecraft:red_terracotta":13,"minecraft:mossy_cobblestone":2,"minecraft:bundle":1,"minecraft:polished_andesite":4,"minecraft:arrow":4,"minecraft:rotten_flesh":8,"crittersandcompanions:silk":5,"minecraft:iron_block":1,"terramity:spiteful_soul":2,"minecraft:bread":1,"minecraft:terracotta":26,"terramity:gold_round":5,"undead_revamp2:arapholia":2,"minecraft:andesite_slab":4,"minecraft:cobblestone":18},"minecraft:used":{"regions_unexplored:silt_dirt":1,"minecraft:oak_planks":8,"minecraft:stone_pickaxe":81,"minecraft:ladder":1,"minecraft:wooden_pickaxe":6,"minecraft:shield":3,"minecraft:iron_sword":262,"minecraft:red_glazed_terracotta":1,"minecraft:golden_apple":1,"minecraft:terracotta":10,"minecraft:white_carpet":1,"minecraft:milk_bucket":1,"minecraft:iron_axe":23,"minecraft:bread":12,"minecraft:red_terracotta":13,"minecraft:polished_granite":1,"tombstone:grave_key":18,"minecraft:stone_bricks":2,"minecraft:cobblestone":2,"minecraft:potion":1,"tombstone:gift":3},"minecraft:custom":{"lootr:looted_stat":35,"minecraft:mob_kills":19,"tombstone:raider_killed":1,"minecraft:interact_with_crafting_table":4,"minecraft:damage_dealt_resisted":1002,"minecraft:leave_game":1,"minecraft:time_since_death":724,"minecraft:climb_one_cm":7083,"minecraft:damage_resisted":0,"minecraft:time_since_rest":604,"minecraft:damage_absorbed":40,"minecraft:sprint_one_cm":119531,"minecraft:damage_taken":6631,"minecraft:walk_one_cm":86005,"minecraft:damage_blocked_by_shield":126,"minecraft:drop":12,"minecraft:damage_dealt":9278,"minecraft:damage_dealt_absorbed":80,"minecraft:swim_one_cm":3376,"minecraft:fly_one_cm":151759,"minecraft:crouch_one_cm":6433,"minecraft:play_time":45967,"tombstone:undead_killed":13,"minecraft:deaths":21,"minecraft:sneak_time":2929,"minecraft:walk_under_water_one_cm":726,"minecraft:jump":690,"minecraft:walk_on_water_one_cm":481,"minecraft:total_world_time":45967,"minecraft:fall_one_cm":31436},"minecraft:crafted":{"minecraft:oak_planks":12,"minecraft:wooden_pickaxe":1,"minecraft:stick":4,"minecraft:iron_ingot":9,"minecraft:stone_pickaxe":1},"minecraft:killed_by":{"born_in_chaos_v1:decaying_zombie":1,"minecraft:vindicator":6,"born_in_chaos_v1:bonescaller":1,"minecraft:skeleton":10},"minecraft:dropped":{"minecraft:oak_slab":3,"minecraft:dark_oak_stairs":2,"minecraft:iron_hoe":1,"terramity:music_sheet_of_untimely_death":2,"minecraft:stone_pickaxe":1,"minecraft:wooden_pickaxe":1,"regions_unexplored:silt_dirt":1,"minecraft:terracotta":15},"minecraft:mined":{"minecraft:oak_slab":1,"minecraft:spruce_planks":3,"supplementaries:statue":2,"minecraft:mossy_cobblestone":2,"minecraft:polished_granite":2,"minecraft:andesite_slab":2,"minecraft:tall_grass":4,"minecraft:cobblestone":1,"minecraft:red_glazed_terracotta":1,"minecraft:oak_planks":1,"minecraft:spawner":2,"supplementaries:urn":1,"minecraft:red_terracotta":13,"minecraft:furnace":1,"minecraft:iron_ore":2,"minecraft:fire":2,"minecraft:white_carpet":1,"minecraft:birch_leaves":8,"minecraft:granite_slab":3,"minecraft:grass":1,"minecraft:oak_log":1,"crittersandcompanions:silk_cocoon":1,"minecraft:cracked_stone_bricks":1,"regions_unexplored:medium_grass":2,"minecraft:terracotta":13,"minecraft:stone":17,"minecraft:stripped_acacia_wood":1,"minecraft:polished_andesite":4,"minecraft:iron_block":1,"regions_unexplored:silt_grass_block":2,"minecraft:oak_leaves":1}},"DataVersion":3465}