{"stats":{"minecraft:custom":{"lootr:looted_stat":70,"minecraft:interact_with_crafting_table":21,"minecraft:bell_ring":1,"minecraft:eat_cake_slice":7,"minecraft:leave_game":9,"minecraft:time_since_death":9863,"minecraft:damage_resisted":432,"minecraft:sprint_one_cm":526183,"minecraft:drop":87,"minecraft:talked_to_villager":2,"minecraft:play_time":202710,"minecraft:deaths":47,"minecraft:jump":3661,"minecraft:walk_on_water_one_cm":35545,"minecraft:interact_with_furnace":9,"minecraft:damage_dealt":39067,"minecraft:crouch_one_cm":23877,"tombstone:undead_killed":49,"minecraft:mob_kills":108,"minecraft:damage_dealt_resisted":60,"minecraft:climb_one_cm":4109,"minecraft:walk_one_cm":296843,"minecraft:sneak_time":8464,"minecraft:walk_under_water_one_cm":32298,"minecraft:total_world_time":202710,"tombstone:raider_killed":1,"minecraft:raid_trigger":1,"minecraft:time_since_rest":9358,"minecraft:damage_taken":19769,"minecraft:damage_absorbed":2032,"minecraft:swim_one_cm":88523,"minecraft:fly_one_cm":985893,"minecraft:open_chest":6,"minecraft:fall_one_cm":121413},"minecraft:killed_by":{"iceandfire:cyclops":3,"minecraft:wither_skeleton":7,"minecraft:creeper":1,"minecraft:pillager":3,"minecraft:vindicator":1,"born_in_chaos_v1:diamond_termite":1,"iceandfire:ice_dragon":1,"minecraft:zombie":4,"undead_revamp2:thepregnant":2,"minecraft:player":3,"irons_spellbooks:necromancer":1,"minecraft:hoglin":1,"endofherobrine:villager":1,"minecraft:skeleton":7,"creeperoverhaul:spruce_creeper":1},"minecraft:dropped":{"minecraft:acacia_wood":1,"minecraft:glass_bottle":1,"minecraft:crafting_table":1,"minecraft:jungle_planks":3,"minecraft:iron_horse_armor":1,"minecraft:item_frame":1,"minecraft:dirt":1,"create:ochrum_pillar":1,"minecraft:cornflower":1,"regions_unexplored:large_prismarite_cluster":1,"minecraft:amethyst_shard":2,"minecraft:iron_pickaxe":2,"minecraft:dark_oak_planks":3,"minecraft:oak_door":2,"regions_unexplored:raw_redstone_block":2,"minecraft:stone_axe":1,"minecraft:mangrove_roots":1,"minecraft:cobbled_deepslate":3,"minecraft:pointed_dripstone":10,"minecraft:rotten_flesh":24,"minecraft:oak_planks":71,"evilcraft:flesh_humanoid":8,"supplementaries:soap":1,"born_in_chaos_v1:corpse_maggot":7,"iceandfire:bestiary":1,"born_in_chaos_v1:diamond_termite_shard":4,"mofus_better_end_:end_energy_shard":6,"minecraft:bread":3,"minecraft:wheat_seeds":3,"minecraft:dripstone_block":3,"minecraft:iron_helmet":1,"minecraft:cobblestone":2,"minecraft:coal":1,"terramity:ball_n_chain":1,"scguns:phosphorite":22,"minecraft:stick":59,"minecraft:torch":1,"tombstone:grave_dust":2,"minecraft:iron_leggings":4,"create:cut_ochrum_brick_stairs":1,"minecraft:acacia_planks":1,"minecraft:stone_brick_slab":2,"minecraft:smooth_basalt":2,"quark:orange_framed_glass":4,"minecraft:tuff":4,"minecraft:light_gray_wool":1,"minecraft:nether_bricks":1,"create:small_ochrum_bricks":1,"minecraft:shroomlight":1,"minecraft:shield":1,"minecraft:spruce_planks":7,"minecraft:oak_sapling":91,"minecraft:bow":1,"minecraft:stone_pickaxe":1,"minecraft:dark_prismarine":9},"minecraft:killed":{"born_in_chaos_v1:mr_pumpkin":1,"mofus_better_end_:eye_guardian_ground_seeker":1,"minecraft:spider":2,"born_in_chaos_v1:siamese_skeletonsright":1,"minecraft:skeleton":13,"scguns:cog_knight":1,"undead_revamp2:thepregnant":1,"irons_spellbooks:summoned_skeleton":3,"undead_revamp2:thespitter":1,"born_in_chaos_v1:firelight_not_despawn":3,"born_in_chaos_v1:diamond_termite":6,"minecraft:pillager":1,"minecraft:zombie":20,"born_in_chaos_v1:corpse_fly":8,"undead_revamp2:theskeeper":1,"born_in_chaos_v1:siamese_skeletonsleft":1,"irons_spellbooks:summoned_zombie":2,"minecraft:endermite":3,"minecraft:slime":2,"born_in_chaos_v1:maggot":9,"born_in_chaos_v1:baby_spider":1,"terramity:blue_fairy":1,"endofherobrine:villager":2,"born_in_chaos_v1:swarmer":1,"undead_revamp2:the_moonflower":1,"terramity:elite_skeleton":1,"minecraft:hoglin":1,"mofus_better_end_:eye_guardian_seeker":2,"born_in_chaos_v1:decrepit_skeleton":1,"undead_revamp2:thesomnolence":4,"iceandfire:ice_dragon":1,"endofherobrine:sheep":5,"minecraft:wither_skeleton":2,"minecraft:enderman":1},"minecraft:mined":{"minecraft:dark_oak_planks":3,"minecraft:spruce_planks":4,"minecraft:mossy_stone_brick_slab":3,"minecraft:grass_block":1,"minecraft:coal_block":15,"minecraft:spawner":28,"minecraft:mossy_cobblestone_slab":2,"minecraft:iron_ore":24,"minecraft:cobbled_deepslate":6,"minecraft:fire":2,"graveyard:ossuary":1,"minecraft:deepslate_lapis_ore":1,"minecraft:pointed_dripstone":3,"minecraft:dirt_path":1,"quark:orange_framed_glass":4,"scguns:phosphorite":30,"minecraft:spruce_wood":1,"minecraft:iron_block":1,"minecraft:cyan_terracotta":21,"minecraft:amethyst_cluster":3,"born_in_chaos_v1:infected_deepslate_diamond_ore":5,"create:peculiar_bell":1,"minecraft:calcite":3,"create:small_ochrum_bricks":1,"create:cut_ochrum_brick_stairs":1,"undead_revamp2:chiseled_dripstonepillar":4,"minecraft:cobblestone":3,"minecraft:oak_planks":2,"minecraft:sugar_cane":2,"minecraft:amethyst_block":5,"evilcraft:dark_ore_deepslate":6,"paraglider:kakariko_goddess_statue":2,"minecraft:light_gray_wool":2,"celestisynth:lunar_stone":46,"minecraft:stone_brick_stairs":1,"create:ornate_iron_window_pane":2,"minecraft:smooth_stone_slab":1,"minecraft:grass":1,"minecraft:oak_log":175,"undead_revamp2:chiseleddripstonepillartop":1,"minecraft:smooth_basalt":5,"minecraft:netherrack":5,"minecraft:deepslate":58,"minecraft:dark_prismarine":13,"minecraft:tuff":4,"minecraft:mossy_cobblestone":4,"minecraft:deepslate_diamond_ore":17,"minecraft:oak_door":4,"minecraft:mangrove_roots":2,"minecraft:sea_lantern":2,"minecraft:nether_bricks":1,"minecraft:decorated_pot":1,"minecraft:jungle_planks":3,"regions_unexplored:raw_redstone_block":4,"minecraft:black_stained_glass_pane":4,"create:cut_ochrum_bricks":12,"minecraft:furnace":1,"minecraft:acacia_wood":2,"evilcraft:box_of_eternal_closure":1,"create:ochrum_pillar":1,"minecraft:gold_block":1,"minecraft:deepslate_iron_ore":5,"minecraft:shroomlight":1,"regions_unexplored:medium_grass":5,"scguns:deepslate_sulfur_ore":25,"minecraft:stone":10,"minecraft:bone_block":6,"regions_unexplored:windswept_grass":3,"minecraft:podzol":1,"minecraft:scaffolding":3,"minecraft:stone_brick_slab":3,"minecraft:crafting_table":6,"born_in_chaos_v1:chipped_black_argillite_brick":1,"realmrpg_skeletons:quicksand_skeleton":1,"minecraft:deepslate_gold_ore":23,"supplementaries:urn":3,"graveyard:vase_block":1,"regions_unexplored:redstone_bud":1,"minecraft:redstone_torch":1,"scguns:deepslate_anthralite_ore":9,"minecraft:coal_ore":20,"minecraft:gravel":13,"minecraft:dripstone_block":25,"terramity:deepslate_iridescent_ore":7,"minecraft:cracked_stone_bricks":2,"minecraft:stone_bricks":5,"minecraft:mossy_stone_bricks":1,"regions_unexplored:peat_podzol":1},"minecraft:picked_up":{"irons_spellbooks:scroll":1,"minecraft:wheat":8,"minecraft:enchanted_book":1,"minecraft:amethyst_block":5,"minecraft:string":7,"scguns:raw_anthralite":9,"regions_unexplored:prismarite_cluster":3,"minecraft:smooth_stone_slab":1,"minecraft:iron_leggings":3,"minecraft:shroomlight":1,"minecraft:cobbled_deepslate":62,"minecraft:spruce_planks":7,"celestisynth:lunar_stone":42,"minecraft:calcite":3,"minecraft:iron_pickaxe":1,"terramity:hamstick_cudgel":1,"minecraft:coal_block":15,"create:peculiar_bell":1,"minecraft:furnace":1,"minecraft:sheaf_pottery_sherd":1,"minecraft:stick":57,"apotheosis:gem":3,"born_in_chaos_v1:shattered_skull":1,"paraglider:kakariko_goddess_statue":2,"minecraft:porkchop":2,"minecraft:pointed_dripstone":11,"tombstone:grave_dust":5,"regions_unexplored:raw_redstone_block":4,"evilcraft:box_of_eternal_closure":1,"minecraft:rotten_flesh":33,"terramity:ball_n_chain":1,"minecraft:cyan_terracotta":21,"minecraft:iron_block":1,"minecraft:mangrove_roots":4,"terramity:spiteful_soul":1,"supplementaries:quiver":1,"supplementaries:ash":23,"minecraft:cobblestone":11,"minecraft:mossy_cobblestone_slab":1,"minecraft:potato":6,"paraglider:spirit_orb":56,"minecraft:flint":2,"minecraft:tuff":4,"evilcraft:flesh_humanoid":2,"minecraft:lapis_lazuli":5,"minecraft:dirt":5,"irons_spellbooks:hogskin":2,"minecraft:bone":59,"minecraft:acacia_planks":1,"minecraft:wheat_seeds":8,"minecraft:bow":2,"minecraft:raw_gold":23,"scguns:sulfur_chunk":64,"minecraft:oak_planks":2,"terramity:music_sheet_of_untimely_death":4,"irons_spellbooks:frozen_bone":3,"minecraft:sand":4,"minecraft:jungle_planks":3,"minecraft:nether_brick_stairs":2,"minecraft:mossy_cobblestone":1,"minecraft:dark_prismarine":11,"minecraft:bundle":1,"minecraft:polished_andesite":2,"born_in_chaos_v1:fire_dust":2,"minecraft:diamond":26,"minecraft:angler_pottery_sherd":1,"waystones:waystone":2,"minecraft:emerald":1,"minecraft:bread":3,"minecraft:oak_sapling":93,"minecraft:netherrack":4,"regions_unexplored:apple_oak_sapling":5,"minecraft:shelter_pottery_sherd":1,"minecraft:crafting_table":5,"born_in_chaos_v1:diamond_termite_shard":4,"iceandfire:witherbone":13,"minecraft:gold_block":1,"minecraft:shield":1,"create:ochrum_pillar":1,"immersive_melodies:lute":1,"minecraft:item_frame":2,"terramity:electronic_scrap":2,"terramity:accursed_soul":114,"regions_unexplored:peat_podzol":1,"scguns:ancient_brass":2,"minecraft:light_gray_wool":1,"minecraft:sugar_cane":5,"minecraft:chest":1,"iceandfire:ice_dragon_heart":1,"minecraft:raw_iron":29,"iceandfire:dragonbone":9,"regions_unexplored:silver_birch_leaf_pile":3,"minecraft:oak_door":4,"minecraft:copper_ingot":1,"quark:orange_framed_glass":4,"minecraft:redstone":53,"minecraft:prismarine_crystals":4,"minecraft:iron_horse_armor":1,"minecraft:dark_oak_planks":3,"iceandfire:dragon_skull_ice":1,"minecraft:arrow":17,"regions_unexplored:redstone_bulb":8,"minecraft:decorated_pot":1,"minecraft:nether_bricks":1,"iceandfire:dragonscales_silver":25,"minecraft:hay_block":20,"create:small_ochrum_bricks":1,"minecraft:bone_block":6,"mofus_better_end_:end_energy_shard":6,"born_in_chaos_v1:fused_bone":2,"born_in_chaos_v1:corpse_maggot":12,"minecraft:air":0,"minecraft:leather":3,"unusualend:enderblob_moult":1,"minecraft:acacia_wood":2,"scguns:phosphorite":29,"minecraft:oak_log":149,"minecraft:gunpowder":4,"scguns:pebbles":5,"tombstone:gift":1,"scguns:anthralite_nugget":3,"undead_revamp2:chiseled_dripstonepillar":1,"regions_unexplored:large_prismarite_cluster":1,"minecraft:apple":5,"minecraft:spruce_wood":1,"minecraft:iron_ingot":3,"regions_unexplored:redwood_sapling":16,"born_in_chaos_v1:chipped_black_argillite_brick":1,"create:cut_ochrum_bricks":8,"minecraft:scaffolding":8,"minecraft:smooth_basalt":5,"minecraft:stone_brick_slab":4,"graveyard:ossuary":1,"minecraft:dripstone_block":13,"minecraft:gravel":10,"create:cut_ochrum_brick_stairs":1,"minecraft:amethyst_shard":12,"minecraft:mossy_stone_brick_slab":1,"terramity:iridescent_shard":17,"minecraft:spider_eye":2,"regions_unexplored:cave_hyssop":1,"minecraft:slime_ball":8,"minecraft:snort_pottery_sherd":1,"evilcraft:dark_gem":28,"iceandfire:ice_dragon_flesh":1,"tombstone:magic_scroll":3,"terramity:gold_round":8,"minecraft:coal":34,"minecraft:ender_pearl":1},"minecraft:used":{"minecraft:iron_shovel":13,"celestisynth:lunar_stone_chestplate":1,"minecraft:decorated_pot":1,"minecraft:iron_sword":463,"celestisynth:lunar_stone_leggings":1,"create:cogwheel":2,"minecraft:item_frame":1,"minecraft:mangrove_roots":1,"minecraft:furnace":1,"create:crushing_wheel":3,"minecraft:stone_pickaxe":52,"minecraft:oak_planks":183,"minecraft:ender_pearl":1,"regions_unexplored:raw_redstone_block":2,"undead_revamp2:chiseled_dripstonepillar":1,"minecraft:dripstone_block":10,"minecraft:bread":25,"paraglider:kakariko_goddess_statue":1,"tombstone:grave_key":33,"create:andesite_casing":14,"celestisynth:lunar_stone_helmet":1,"minecraft:diamond_sword":11,"create:large_cogwheel":3,"minecraft:stone_sword":45,"simplyswords:iron_warglaive":412,"minecraft:netherrack":4,"minecraft:oak_door":5,"minecraft:iron_axe":35,"create:creative_motor":1,"minecraft:smooth_basalt":3,"tombstone:gift":8,"minecraft:acacia_wood":1,"minecraft:cobbled_deepslate":28,"minecraft:enchanted_golden_apple":1,"minecraft:pointed_dripstone":1,"minecraft:calcite":3,"minecraft:polished_andesite":2,"minecraft:mossy_cobblestone":3,"regions_unexplored:peat_podzol":1,"minecraft:crafting_table":9,"create:cut_ochrum_bricks":7,"minecraft:dark_prismarine":2,"minecraft:diamond_pickaxe":400,"minecraft:apple":1,"minecraft:iron_pickaxe":66,"minecraft:stone_axe":1,"minecraft:cobblestone":2,"minecraft:potion":1,"minecraft:bucket":1},"minecraft:broken":{"simplyswords:iron_warglaive":1,"celestisynth:lunar_stone_boots":1,"minecraft:iron_sword":1,"celestisynth:lunar_stone_helmet":2},"minecraft:crafted":{"minecraft:oak_planks":296,"sophisticatedbackpacks:backpack":1,"minecraft:crafting_table":5,"celestisynth:lunar_stone_helmet":1,"celestisynth:lunar_stone_boots":1,"minecraft:gold_block":4,"minecraft:diamond_pickaxe":1,"quark:oak_chest":1,"sophisticatedbackpacks:diamond_backpack":2,"minecraft:stick":8,"minecraft:iron_ingot":9,"minecraft:iron_pickaxe":1,"minecraft:gold_ingot":23,"minecraft:oak_door":3,"celestisynth:lunar_stone_leggings":1,"minecraft:wheat":64,"celestisynth:lunar_stone_chestplate":1,"sophisticatedbackpacks:iron_backpack":2,"sophisticatedbackpacks:gold_backpack":2,"born_in_chaos_v1:bone_heart":2,"minecraft:bread":24,"minecraft:air":0}},"DataVersion":3465}