{"stats":{"minecraft:broken":{"minecraft:iron_leggings":1,"minecraft:chainmail_boots":1,"minecraft:shield":1,"minecraft:iron_helmet":1},"minecraft:killed":{"minecraft:spider":1,"minecraft:vindicator":1,"born_in_chaos_v1:siamese_skeletonsright":1,"born_in_chaos_v1:zombie_bruiser":1,"born_in_chaos_v1:baby_skeleton_minion":1,"minecraft:skeleton":5,"terramity:cave_gnome":1,"undead_revamp2:the_moonflower":3,"born_in_chaos_v1:decrepit_skeleton":1,"terramity:green_fairy":1,"minecraft:zombie":2,"born_in_chaos_v1:mrs_pumpkin":1,"born_in_chaos_v1:siamese_skeletonsleft":1},"minecraft:picked_up":{"minecraft:crafting_table":2,"minecraft:iron_chestplate":1,"minecraft:ladder":2,"regions_unexplored:silt_dirt":2,"minecraft:enchanted_book":2,"minecraft:amethyst_block":79,"minecraft:item_frame":2,"supplementaries:statue":2,"minecraft:white_carpet":1,"collectorsalbum:legendary_card_pack":1,"minecraft:blackstone":10,"terramity:accursed_soul":5,"minecraft:cobbled_deepslate":14,"minecraft:calcite":21,"minecraft:chest":1,"minecraft:furnace":1,"minecraft:raw_iron":2,"tombstone:grave_dust":2,"alexsmobs:centipede_leg":1,"minecraft:arrow":4,"minecraft:rotten_flesh":9,"crittersandcompanions:silk":5,"minecraft:iron_block":1,"alexsmobs:emu_egg":1,"terramity:spiteful_soul":2,"undead_revamp2:arapholia":2,"minecraft:cobblestone":19,"minecraft:leather":4,"minecraft:red_glazed_terracotta":1,"paraglider:spirit_orb":4,"minecraft:oak_log":3,"evilcraft:flesh_humanoid":3,"tombstone:gift":1,"minecraft:polished_granite":2,"minecraft:leather_boots":1,"minecraft:bone":2,"minecraft:stone_bricks":2,"minecraft:raw_gold":7,"minecraft:iron_ingot":4,"minecraft:stone_pickaxe":2,"scguns:sulfur_chunk":17,"minecraft:oak_planks":1,"terramity:music_sheet_of_untimely_death":3,"minecraft:dark_oak_stairs":2,"minecraft:oak_slab":3,"minecraft:smooth_basalt":8,"alexsmobs:shark_tooth":1,"minecraft:stripped_acacia_wood":1,"minecraft:sand":6,"minecraft:amethyst_shard":16,"minecraft:granite_slab":6,"minecraft:red_terracotta":13,"terramity:iridescent_shard":5,"minecraft:mossy_cobblestone":2,"minecraft:bundle":1,"minecraft:polished_andesite":4,"minecraft:diamond":6,"alexsmobs:tarantula_hawk_wing_fragment":2,"minecraft:bread":1,"minecraft:terracotta":26,"alexsmobs:maggot":4,"terramity:gold_round":5,"minecraft:andesite_slab":4},"minecraft:used":{"regions_unexplored:silt_dirt":1,"minecraft:ladder":1,"minecraft:shield":4,"minecraft:iron_sword":277,"minecraft:white_carpet":1,"minecraft:milk_bucket":1,"minecraft:iron_axe":25,"minecraft:stone_bricks":2,"minecraft:smooth_basalt":6,"tombstone:gift":5,"minecraft:cobbled_deepslate":12,"minecraft:amethyst_block":1,"minecraft:stone_pickaxe":84,"minecraft:oak_planks":8,"minecraft:blackstone":4,"minecraft:wooden_pickaxe":6,"minecraft:red_glazed_terracotta":1,"minecraft:golden_apple":1,"minecraft:terracotta":10,"minecraft:crafting_table":2,"minecraft:diamond_pickaxe":143,"minecraft:bread":16,"quark:pickarang":5,"minecraft:iron_pickaxe":20,"minecraft:red_terracotta":13,"minecraft:polished_granite":1,"tombstone:grave_key":19,"minecraft:cobblestone":44,"minecraft:potion":1},"minecraft:custom":{"lootr:looted_stat":45,"minecraft:mob_kills":21,"minecraft:interact_with_crafting_table":8,"minecraft:damage_dealt_resisted":1002,"minecraft:leave_game":1,"minecraft:time_since_death":15281,"minecraft:climb_one_cm":7531,"minecraft:damage_resisted":0,"minecraft:sprint_one_cm":143573,"minecraft:walk_one_cm":116788,"minecraft:damage_blocked_by_shield":801,"minecraft:drop":24,"minecraft:damage_dealt_absorbed":80,"minecraft:talked_to_villager":1,"minecraft:play_time":69967,"minecraft:deaths":26,"minecraft:sneak_time":3984,"minecraft:walk_under_water_one_cm":1941,"minecraft:jump":872,"minecraft:walk_on_water_one_cm":6622,"minecraft:total_world_time":69967,"tombstone:raider_killed":1,"minecraft:time_since_rest":15055,"minecraft:damage_taken":9237,"minecraft:damage_absorbed":165,"minecraft:damage_dealt":9927,"minecraft:swim_one_cm":3376,"minecraft:fly_one_cm":236585,"minecraft:crouch_one_cm":8252,"tombstone:undead_killed":15,"minecraft:fall_one_cm":38221},"minecraft:killed_by":{"born_in_chaos_v1:decaying_zombie":1,"mowziesmobs:ferrous_wroughtnaut":5,"minecraft:vindicator":6,"born_in_chaos_v1:bonescaller":1,"minecraft:skeleton":10},"minecraft:crafted":{"minecraft:oak_planks":12,"minecraft:stone_pickaxe":1,"sophisticatedbackpacks:iron_backpack":1,"sophisticatedbackpacks:backpack":1,"minecraft:wooden_pickaxe":1,"sophisticatedbackpacks:gold_backpack":1,"sophisticatedbackpacks:diamond_backpack":1,"minecraft:stick":4,"minecraft:iron_ingot":9,"terramity:diamond_gauntlet":1},"minecraft:dropped":{"minecraft:enchanted_book":1,"minecraft:oak_slab":3,"minecraft:dark_oak_stairs":2,"minecraft:leather":4,"minecraft:sand":6,"minecraft:smooth_basalt":2,"minecraft:cobbled_deepslate":2,"tombstone:gift":1,"minecraft:rotten_flesh":1,"minecraft:iron_hoe":1,"terramity:music_sheet_of_untimely_death":2,"minecraft:stone_pickaxe":2,"minecraft:wooden_pickaxe":1,"regions_unexplored:silt_dirt":1,"minecraft:terracotta":15},"minecraft:mined":{"minecraft:spruce_planks":3,"minecraft:mossy_cobblestone":2,"minecraft:deepslate_diamond_ore":6,"minecraft:budding_amethyst":1,"minecraft:polished_diorite":1,"minecraft:spawner":2,"minecraft:furnace":1,"minecraft:iron_ore":2,"minecraft:cobbled_deepslate":4,"minecraft:fire":2,"minecraft:granite_slab":3,"minecraft:sculk_shrieker":1,"crittersandcompanions:silk_cocoon":1,"regions_unexplored:medium_grass":2,"scguns:deepslate_sulfur_ore":8,"minecraft:stone":18,"minecraft:iron_block":1,"regions_unexplored:silt_grass_block":2,"minecraft:oak_slab":1,"supplementaries:statue":2,"minecraft:blackstone":10,"minecraft:amethyst_cluster":4,"minecraft:polished_granite":2,"minecraft:crafting_table":2,"minecraft:calcite":22,"minecraft:andesite_slab":2,"minecraft:sculk_sensor":1,"minecraft:cobblestone":2,"minecraft:tall_grass":4,"minecraft:red_glazed_terracotta":1,"minecraft:deepslate_gold_ore":7,"minecraft:oak_planks":1,"minecraft:amethyst_block":79,"supplementaries:urn":1,"minecraft:red_terracotta":13,"minecraft:white_carpet":1,"minecraft:birch_leaves":8,"minecraft:grass":1,"minecraft:oak_log":1,"terramity:deepslate_iridescent_ore":2,"minecraft:cracked_stone_bricks":1,"minecraft:smooth_basalt":9,"minecraft:terracotta":13,"minecraft:polished_andesite":4,"minecraft:stripped_acacia_wood":1,"minecraft:polished_blackstone":1,"minecraft:oak_leaves":1,"minecraft:deepslate":9}},"DataVersion":3465}