{"stats":{"minecraft:killed":{"undead_revamp2:the_moonflower":3,"minecraft:spider":1,"born_in_chaos_v1:decrepit_skeleton":1,"minecraft:skeleton":5},"minecraft:picked_up":{"minecraft:ladder":2,"minecraft:red_glazed_terracotta":1,"regions_unexplored:silt_dirt":2,"minecraft:enchanted_book":1,"paraglider:spirit_orb":4,"minecraft:oak_log":3,"minecraft:polished_granite":2,"supplementaries:statue":2,"minecraft:item_frame":2,"minecraft:white_carpet":1,"collectorsalbum:legendary_card_pack":1,"minecraft:bone":2,"terramity:accursed_soul":5,"minecraft:stone_bricks":2,"minecraft:stone_pickaxe":1,"minecraft:iron_ingot":4,"minecraft:oak_planks":1,"minecraft:dark_oak_stairs":2,"minecraft:furnace":1,"minecraft:oak_slab":3,"minecraft:stripped_acacia_wood":1,"minecraft:granite_slab":6,"tombstone:grave_dust":1,"minecraft:red_terracotta":13,"minecraft:mossy_cobblestone":2,"minecraft:bundle":1,"minecraft:polished_andesite":4,"minecraft:arrow":4,"minecraft:rotten_flesh":8,"minecraft:iron_block":1,"minecraft:bread":1,"minecraft:terracotta":11,"terramity:gold_round":5,"undead_revamp2:arapholia":2,"minecraft:andesite_slab":4,"minecraft:cobblestone":1},"minecraft:used":{"regions_unexplored:silt_dirt":1,"minecraft:oak_planks":8,"minecraft:stone_pickaxe":60,"minecraft:ladder":1,"minecraft:wooden_pickaxe":6,"minecraft:shield":3,"minecraft:iron_sword":172,"minecraft:red_glazed_terracotta":1,"minecraft:terracotta":10,"minecraft:white_carpet":1,"minecraft:iron_axe":4,"minecraft:bread":6,"minecraft:red_terracotta":13,"minecraft:polished_granite":1,"tombstone:grave_key":8,"minecraft:stone_bricks":2,"minecraft:potion":1,"tombstone:gift":3},"minecraft:custom":{"lootr:looted_stat":34,"minecraft:mob_kills":11,"minecraft:interact_with_crafting_table":4,"minecraft:damage_dealt_resisted":0,"minecraft:leave_game":1,"minecraft:time_since_death":5950,"minecraft:climb_one_cm":7083,"minecraft:damage_resisted":0,"minecraft:time_since_rest":5745,"minecraft:sprint_one_cm":77919,"minecraft:damage_taken":3522,"minecraft:walk_one_cm":62229,"minecraft:damage_blocked_by_shield":126,"minecraft:drop":7,"minecraft:damage_dealt":5268,"minecraft:fly_one_cm":81411,"minecraft:crouch_one_cm":6073,"minecraft:play_time":33967,"tombstone:undead_killed":9,"minecraft:deaths":12,"minecraft:sneak_time":2208,"minecraft:jump":427,"minecraft:total_world_time":33967,"minecraft:fall_one_cm":21037},"minecraft:crafted":{"minecraft:oak_planks":12,"minecraft:wooden_pickaxe":1,"minecraft:stick":4,"minecraft:iron_ingot":9,"minecraft:stone_pickaxe":1},"minecraft:killed_by":{"born_in_chaos_v1:decaying_zombie":1,"minecraft:skeleton":9},"minecraft:dropped":{"minecraft:oak_slab":3,"minecraft:dark_oak_stairs":2,"minecraft:wooden_pickaxe":1,"regions_unexplored:silt_dirt":1},"minecraft:mined":{"minecraft:oak_slab":1,"minecraft:spruce_planks":3,"supplementaries:statue":2,"minecraft:mossy_cobblestone":2,"minecraft:polished_granite":2,"minecraft:andesite_slab":2,"minecraft:tall_grass":4,"minecraft:cobblestone":1,"minecraft:red_glazed_terracotta":1,"minecraft:oak_planks":1,"minecraft:spawner":2,"supplementaries:urn":1,"minecraft:red_terracotta":13,"minecraft:furnace":1,"minecraft:white_carpet":1,"minecraft:birch_leaves":8,"minecraft:granite_slab":3,"minecraft:grass":1,"minecraft:oak_log":1,"regions_unexplored:medium_grass":2,"minecraft:terracotta":13,"minecraft:stripped_acacia_wood":1,"minecraft:polished_andesite":4,"minecraft:iron_block":1,"regions_unexplored:silt_grass_block":2,"minecraft:oak_leaves":1}},"DataVersion":3465}