{"stats":{"minecraft:dropped":{"minecraft:enchanted_book":1,"quark:pickarang":1,"minecraft:oak_slab":3,"minecraft:acacia_wood":2,"minecraft:dark_oak_stairs":2,"minecraft:cobblestone":14,"minecraft:book":2,"minecraft:leather":4,"minecraft:spruce_stairs":3,"minecraft:stick":2,"minecraft:dirt":7,"minecraft:sand":6,"minecraft:dark_oak_planks":8,"minecraft:smooth_basalt":2,"minecraft:cobbled_deepslate":2,"tombstone:gift":1,"minecraft:rotten_flesh":1,"minecraft:iron_hoe":1,"terramity:music_sheet_of_untimely_death":2,"minecraft:red_terracotta":3,"minecraft:brick_stairs":3,"minecraft:oak_sapling":6,"minecraft:ladder":11,"minecraft:stone_pickaxe":2,"minecraft:wooden_pickaxe":1,"regions_unexplored:silt_dirt":1,"minecraft:dark_prismarine":1,"minecraft:terracotta":15},"minecraft:killed":{"undead_revamp2:thehunter":1,"born_in_chaos_v1:zombie_lumberjack":1,"minecraft:spider":2,"minecraft:vindicator":1,"born_in_chaos_v1:siamese_skeletonsright":1,"born_in_chaos_v1:zombie_bruiser":1,"born_in_chaos_v1:baby_skeleton_minion":1,"minecraft:skeleton":5,"terramity:cave_gnome":1,"undead_revamp2:the_moonflower":3,"born_in_chaos_v1:decrepit_skeleton":1,"terramity:green_fairy":1,"minecraft:zombie":2,"born_in_chaos_v1:mrs_pumpkin":1,"born_in_chaos_v1:siamese_skeletonsleft":1},"minecraft:broken":{"minecraft:chainmail_leggings":1,"minecraft:iron_leggings":1,"onlyhammersandexcavators:wooden_hammer":1,"minecraft:chainmail_boots":1,"minecraft:shield":1,"minecraft:iron_helmet":1},"minecraft:picked_up":{"minecraft:iron_chestplate":1,"minecraft:crafting_table":5,"minecraft:ladder":13,"regions_unexplored:silt_dirt":2,"minecraft:enchanted_book":2,"minecraft:amethyst_block":79,"born_in_chaos_v1:holiday_candy":1,"supplementaries:statue":2,"minecraft:item_frame":2,"minecraft:white_carpet":1,"collectorsalbum:legendary_card_pack":1,"minecraft:blackstone":10,"terramity:accursed_soul":12,"minecraft:cobbled_deepslate":14,"minecraft:calcite":21,"minecraft:chest":1,"minecraft:furnace":1,"minecraft:stripped_crimson_hyphae":1,"minecraft:stick":26,"minecraft:raw_iron":2,"minecraft:torch":1,"minecraft:spruce_stairs":4,"tombstone:grave_dust":2,"minecraft:redstone":2,"alexsmobs:centipede_leg":1,"minecraft:purple_terracotta":2,"minecraft:dark_oak_planks":8,"minecraft:arrow":6,"minecraft:rotten_flesh":11,"crittersandcompanions:silk":5,"minecraft:iron_block":1,"alexsmobs:emu_egg":1,"terramity:spiteful_soul":2,"minecraft:brick_stairs":3,"undead_revamp2:arapholia":2,"minecraft:cobblestone":876,"minecraft:stripped_oak_log":14,"minecraft:leather":4,"minecraft:red_glazed_terracotta":3,"minecraft:acacia_wood":2,"paraglider:spirit_orb":8,"minecraft:flint":4,"minecraft:oak_log":82,"evilcraft:flesh_humanoid":3,"scguns:pebbles":14,"minecraft:dirt":20,"tombstone:gift":1,"minecraft:polished_granite":2,"minecraft:leather_boots":1,"minecraft:bone":5,"minecraft:apple":3,"minecraft:stone_bricks":2,"minecraft:raw_gold":7,"minecraft:iron_ingot":4,"minecraft:stone_pickaxe":2,"quark:pickarang":3,"scguns:sulfur_chunk":17,"terramity:music_sheet_of_untimely_death":3,"minecraft:oak_planks":2,"minecraft:dark_oak_stairs":2,"minecraft:book":63,"minecraft:oak_slab":3,"minecraft:smooth_basalt":8,"alexsmobs:shark_tooth":1,"minecraft:stripped_acacia_wood":1,"minecraft:gravel":40,"minecraft:sand":6,"minecraft:amethyst_shard":16,"minecraft:granite_slab":6,"minecraft:spruce_log":2,"terramity:iridescent_shard":5,"minecraft:red_terracotta":16,"minecraft:mossy_cobblestone":2,"minecraft:dark_prismarine":6,"minecraft:bundle":2,"minecraft:polished_andesite":4,"minecraft:diamond":6,"alexsmobs:tarantula_hawk_wing_fragment":2,"minecraft:bread":1,"minecraft:terracotta":26,"alexsmobs:maggot":4,"minecraft:oak_sapling":88,"minecraft:bricks":1,"terramity:gold_round":5,"minecraft:andesite_slab":4},"minecraft:killed_by":{"born_in_chaos_v1:decaying_zombie":1,"mowziesmobs:ferrous_wroughtnaut":5,"undead_revamp2:thehunter":1,"minecraft:vindicator":6,"man:managgresive":1,"born_in_chaos_v1:bonescaller":1,"minecraft:skeleton":10},"minecraft:crafted":{"minecraft:oak_door":3,"minecraft:oak_planks":56,"onlyhammersandexcavators:wooden_hammer":1,"minecraft:stone_pickaxe":1,"minecraft:chest":4,"onlyhammersandexcavators:stone_hammer":1,"sophisticatedbackpacks:iron_backpack":1,"sophisticatedbackpacks:backpack":1,"minecraft:wooden_pickaxe":1,"sophisticatedbackpacks:gold_backpack":1,"sophisticatedbackpacks:diamond_backpack":1,"minecraft:stick":4,"quark:oak_chest":4,"minecraft:iron_ingot":9,"terramity:diamond_gauntlet":1,"quark:abacus":1},"minecraft:custom":{"lootr:looted_stat":52,"minecraft:mob_kills":24,"minecraft:interact_with_crafting_table":14,"minecraft:damage_dealt_resisted":1002,"minecraft:leave_game":4,"minecraft:time_since_death":37801,"minecraft:climb_one_cm":14587,"minecraft:damage_resisted":0,"minecraft:sprint_one_cm":232584,"minecraft:walk_one_cm":232762,"minecraft:damage_blocked_by_shield":801,"minecraft:drop":52,"minecraft:damage_dealt_absorbed":80,"minecraft:talked_to_villager":1,"minecraft:play_time":120225,"minecraft:deaths":30,"minecraft:sneak_time":11105,"minecraft:walk_under_water_one_cm":10052,"minecraft:jump":1554,"minecraft:walk_on_water_one_cm":10606,"minecraft:total_world_time":120225,"tombstone:raider_killed":1,"minecraft:time_since_rest":37695,"minecraft:damage_taken":10953,"minecraft:damage_absorbed":165,"minecraft:damage_dealt":12180,"minecraft:swim_one_cm":29167,"minecraft:fly_one_cm":401469,"minecraft:player_kills":3,"minecraft:open_chest":7,"minecraft:crouch_one_cm":31432,"tombstone:undead_killed":17,"minecraft:fall_one_cm":69049},"minecraft:used":{"regions_unexplored:silt_dirt":1,"minecraft:iron_shovel":41,"minecraft:ladder":1,"minecraft:chest":4,"minecraft:shield":4,"minecraft:iron_sword":302,"minecraft:oak_door":2,"minecraft:dirt":12,"minecraft:white_carpet":1,"minecraft:milk_bucket":1,"minecraft:bricks":1,"minecraft:iron_axe":112,"onlyhammersandexcavators:stone_hammer":567,"minecraft:stone_bricks":2,"minecraft:smooth_basalt":6,"tombstone:gift":5,"minecraft:cobbled_deepslate":12,"minecraft:amethyst_block":1,"minecraft:oak_planks":10,"minecraft:stone_pickaxe":84,"quark:abacus":20,"minecraft:blackstone":4,"minecraft:wooden_pickaxe":6,"minecraft:red_glazed_terracotta":1,"minecraft:golden_apple":1,"minecraft:terracotta":10,"minecraft:crafting_table":6,"minecraft:oak_log":65,"minecraft:diamond_pickaxe":207,"minecraft:bread":28,"quark:pickarang":392,"minecraft:iron_pickaxe":20,"minecraft:polished_granite":1,"minecraft:red_terracotta":13,"tombstone:grave_key":21,"minecraft:cobblestone":97,"minecraft:potion":1,"onlyhammersandexcavators:wooden_hammer":302,"minecraft:stripped_oak_log":11},"minecraft:mined":{"minecraft:dark_oak_planks":5,"minecraft:dark_prismarine":1,"minecraft:spruce_planks":6,"minecraft:mossy_cobblestone":2,"minecraft:deepslate_diamond_ore":6,"minecraft:ladder":4,"minecraft:granite":7,"minecraft:budding_amethyst":1,"minecraft:grass_block":5,"minecraft:brick_stairs":1,"minecraft:polished_diorite":1,"minecraft:spawner":3,"minecraft:furnace":1,"supplementaries:ash":2,"minecraft:iron_ore":2,"minecraft:cobbled_deepslate":4,"minecraft:fire":2,"minecraft:acacia_wood":2,"minecraft:granite_slab":3,"minecraft:sculk_shrieker":1,"minecraft:bookshelf":12,"crittersandcompanions:silk_cocoon":1,"minecraft:stripped_oak_log":14,"regions_unexplored:medium_grass":2,"scguns:deepslate_sulfur_ore":8,"minecraft:stone":827,"minecraft:iron_block":1,"regions_unexplored:silt_grass_block":2,"minecraft:oak_slab":1,"supplementaries:statue":2,"minecraft:blackstone":10,"minecraft:amethyst_cluster":4,"minecraft:polished_granite":2,"minecraft:crafting_table":5,"minecraft:calcite":22,"minecraft:andesite_slab":3,"minecraft:sculk_sensor":1,"minecraft:tall_grass":4,"minecraft:cobblestone":54,"minecraft:red_glazed_terracotta":1,"minecraft:deepslate_gold_ore":7,"minecraft:oak_planks":4,"minecraft:bricks":2,"minecraft:amethyst_block":79,"supplementaries:urn":1,"minecraft:spruce_stairs":1,"minecraft:red_terracotta":13,"minecraft:white_carpet":1,"minecraft:birch_leaves":12,"minecraft:grass":1,"minecraft:oak_log":81,"minecraft:dirt":13,"minecraft:gravel":44,"terramity:deepslate_iridescent_ore":2,"minecraft:smooth_basalt":9,"minecraft:cracked_stone_bricks":1,"minecraft:terracotta":16,"minecraft:polished_blackstone":1,"minecraft:stripped_acacia_wood":1,"minecraft:polished_andesite":14,"minecraft:oak_leaves":1,"minecraft:deepslate":9}},"DataVersion":3465}