{"stats":{"minecraft:custom":{"lootr:looted_stat":22,"minecraft:mob_kills":52,"minecraft:interact_with_crafting_table":15,"minecraft:damage_dealt_resisted":60,"minecraft:eat_cake_slice":7,"minecraft:leave_game":7,"minecraft:time_since_death":15518,"minecraft:climb_one_cm":1656,"minecraft:damage_resisted":0,"minecraft:sprint_one_cm":144613,"minecraft:walk_one_cm":131864,"minecraft:drop":32,"minecraft:talked_to_villager":2,"minecraft:play_time":98575,"minecraft:deaths":12,"minecraft:sneak_time":3692,"minecraft:walk_under_water_one_cm":21927,"minecraft:jump":1249,"minecraft:walk_on_water_one_cm":18885,"minecraft:total_world_time":98575,"minecraft:interact_with_furnace":9,"minecraft:time_since_rest":15341,"minecraft:damage_taken":4811,"minecraft:damage_absorbed":1872,"minecraft:damage_dealt":10290,"minecraft:swim_one_cm":34231,"minecraft:fly_one_cm":268382,"minecraft:crouch_one_cm":7296,"tombstone:undead_killed":21,"minecraft:fall_one_cm":43894},"minecraft:killed_by":{"minecraft:pillager":2,"born_in_chaos_v1:diamond_termite":1,"irons_spellbooks:necromancer":1,"minecraft:skeleton":1,"minecraft:zombie":2,"undead_revamp2:thepregnant":2},"minecraft:dropped":{"minecraft:crafting_table":1,"minecraft:dripstone_block":3,"minecraft:iron_helmet":1,"minecraft:iron_horse_armor":1,"minecraft:torch":1,"regions_unexplored:large_prismarite_cluster":1,"tombstone:grave_dust":1,"minecraft:iron_leggings":1,"minecraft:amethyst_shard":2,"minecraft:iron_pickaxe":2,"minecraft:smooth_basalt":2,"minecraft:stone_axe":1,"regions_unexplored:raw_redstone_block":2,"minecraft:cobbled_deepslate":3,"minecraft:pointed_dripstone":10,"minecraft:rotten_flesh":4,"minecraft:oak_planks":10,"evilcraft:flesh_humanoid":3,"supplementaries:soap":1,"minecraft:shield":1,"born_in_chaos_v1:corpse_maggot":7,"iceandfire:bestiary":1,"mofus_better_end_:end_energy_shard":6,"minecraft:stone_pickaxe":1},"minecraft:killed":{"born_in_chaos_v1:mr_pumpkin":1,"irons_spellbooks:summoned_zombie":2,"mofus_better_end_:eye_guardian_ground_seeker":1,"born_in_chaos_v1:maggot":7,"born_in_chaos_v1:baby_spider":1,"undead_revamp2:thepregnant":1,"irons_spellbooks:summoned_skeleton":3,"born_in_chaos_v1:diamond_termite":6,"born_in_chaos_v1:swarmer":1,"mofus_better_end_:eye_guardian_seeker":2,"born_in_chaos_v1:decrepit_skeleton":1,"undead_revamp2:thesomnolence":4,"minecraft:zombie":12,"born_in_chaos_v1:corpse_fly":7,"undead_revamp2:theskeeper":1,"minecraft:enderman":1},"minecraft:mined":{"minecraft:tuff":4,"minecraft:deepslate_diamond_ore":17,"minecraft:oak_door":4,"minecraft:sea_lantern":2,"regions_unexplored:raw_redstone_block":4,"minecraft:furnace":1,"minecraft:iron_ore":19,"minecraft:cobbled_deepslate":6,"minecraft:fire":1,"evilcraft:box_of_eternal_closure":1,"minecraft:deepslate_lapis_ore":1,"minecraft:pointed_dripstone":3,"minecraft:deepslate_iron_ore":5,"scguns:deepslate_sulfur_ore":25,"minecraft:stone":9,"minecraft:iron_block":1,"minecraft:amethyst_cluster":3,"minecraft:crafting_table":3,"born_in_chaos_v1:infected_deepslate_diamond_ore":5,"minecraft:calcite":3,"undead_revamp2:chiseled_dripstonepillar":4,"minecraft:deepslate_gold_ore":23,"minecraft:sugar_cane":2,"minecraft:amethyst_block":5,"supplementaries:urn":3,"regions_unexplored:redstone_bud":1,"evilcraft:dark_ore_deepslate":6,"minecraft:redstone_torch":1,"celestisynth:lunar_stone":46,"minecraft:coal_ore":13,"scguns:deepslate_anthralite_ore":9,"undead_revamp2:chiseleddripstonepillartop":1,"minecraft:dripstone_block":25,"terramity:deepslate_iridescent_ore":7,"minecraft:smooth_basalt":5,"minecraft:deepslate":58,"regions_unexplored:peat_podzol":1},"minecraft:picked_up":{"minecraft:crafting_table":3,"born_in_chaos_v1:diamond_termite_shard":4,"minecraft:wheat":8,"minecraft:enchanted_book":1,"minecraft:shield":1,"minecraft:amethyst_block":5,"minecraft:string":3,"scguns:raw_anthralite":9,"regions_unexplored:prismarite_cluster":3,"minecraft:item_frame":1,"minecraft:cobbled_deepslate":62,"celestisynth:lunar_stone":42,"minecraft:calcite":3,"regions_unexplored:peat_podzol":1,"minecraft:iron_pickaxe":1,"minecraft:sugar_cane":5,"minecraft:furnace":1,"minecraft:raw_iron":24,"apotheosis:gem":1,"born_in_chaos_v1:shattered_skull":1,"minecraft:oak_door":4,"minecraft:copper_ingot":1,"tombstone:grave_dust":2,"minecraft:pointed_dripstone":11,"regions_unexplored:raw_redstone_block":4,"minecraft:redstone":53,"minecraft:prismarine_crystals":4,"minecraft:iron_horse_armor":1,"evilcraft:box_of_eternal_closure":1,"minecraft:rotten_flesh":20,"regions_unexplored:redstone_bulb":8,"minecraft:hay_block":20,"minecraft:iron_block":1,"supplementaries:ash":12,"minecraft:cobblestone":9,"mofus_better_end_:end_energy_shard":6,"born_in_chaos_v1:corpse_maggot":7,"minecraft:leather":3,"minecraft:tuff":4,"minecraft:lapis_lazuli":5,"tombstone:gift":1,"undead_revamp2:chiseled_dripstonepillar":1,"regions_unexplored:large_prismarite_cluster":1,"minecraft:bone":6,"minecraft:wheat_seeds":3,"minecraft:raw_gold":23,"minecraft:iron_ingot":1,"scguns:sulfur_chunk":64,"minecraft:smooth_basalt":5,"minecraft:dripstone_block":13,"minecraft:amethyst_shard":12,"terramity:iridescent_shard":17,"regions_unexplored:cave_hyssop":1,"minecraft:slime_ball":6,"minecraft:diamond":17,"evilcraft:dark_gem":28,"tombstone:magic_scroll":1,"minecraft:coal":14},"minecraft:used":{"minecraft:stone_sword":45,"celestisynth:lunar_stone_chestplate":1,"minecraft:iron_sword":199,"celestisynth:lunar_stone_leggings":1,"minecraft:oak_door":5,"create:cogwheel":2,"minecraft:iron_axe":7,"create:creative_motor":1,"minecraft:smooth_basalt":3,"minecraft:item_frame":1,"minecraft:furnace":1,"tombstone:gift":5,"minecraft:cobbled_deepslate":28,"minecraft:pointed_dripstone":1,"minecraft:calcite":3,"create:crushing_wheel":3,"minecraft:stone_pickaxe":52,"regions_unexplored:peat_podzol":1,"regions_unexplored:raw_redstone_block":2,"minecraft:crafting_table":5,"undead_revamp2:chiseled_dripstonepillar":1,"minecraft:dripstone_block":10,"minecraft:diamond_pickaxe":200,"minecraft:bread":12,"minecraft:iron_pickaxe":66,"tombstone:grave_key":13,"create:andesite_casing":14,"celestisynth:lunar_stone_helmet":1,"minecraft:stone_axe":1,"minecraft:cobblestone":2,"minecraft:bucket":1,"create:large_cogwheel":3},"minecraft:crafted":{"minecraft:oak_door":3,"minecraft:oak_planks":40,"celestisynth:lunar_stone_leggings":1,"celestisynth:lunar_stone_chestplate":1,"minecraft:wheat":64,"sophisticatedbackpacks:iron_backpack":1,"sophisticatedbackpacks:backpack":1,"minecraft:crafting_table":3,"celestisynth:lunar_stone_helmet":1,"celestisynth:lunar_stone_boots":1,"minecraft:gold_block":4,"minecraft:bread":24,"minecraft:air":0,"minecraft:diamond_pickaxe":1,"minecraft:stick":8,"quark:oak_chest":1,"minecraft:iron_ingot":9,"minecraft:iron_pickaxe":1,"minecraft:gold_ingot":23}},"DataVersion":3465}