{"stats":{"minecraft:picked_up":{"minecraft:oak_slab":3,"minecraft:ladder":1,"regions_unexplored:silt_dirt":2,"minecraft:oak_log":3,"minecraft:mossy_cobblestone":2,"minecraft:item_frame":2,"minecraft:white_carpet":1,"minecraft:stone_bricks":2,"minecraft:iron_ingot":2,"minecraft:iron_block":1,"minecraft:cobblestone":1,"minecraft:furnace":1},"minecraft:used":{"regions_unexplored:silt_dirt":1,"minecraft:bread":2,"minecraft:stone_pickaxe":6,"minecraft:ladder":1,"minecraft:wooden_pickaxe":6,"minecraft:stone_bricks":2,"minecraft:white_carpet":1},"minecraft:custom":{"minecraft:time_since_rest":10232,"lootr:looted_stat":6,"minecraft:sprint_one_cm":36910,"minecraft:damage_taken":110,"minecraft:walk_one_cm":24435,"minecraft:drop":5,"minecraft:interact_with_crafting_table":4,"minecraft:fly_one_cm":32023,"minecraft:crouch_one_cm":683,"minecraft:play_time":10232,"minecraft:sneak_time":314,"minecraft:jump":137,"minecraft:time_since_death":10232,"minecraft:climb_one_cm":903,"minecraft:total_world_time":10232,"minecraft:fall_one_cm":4416},"minecraft:crafted":{"minecraft:oak_planks":8,"minecraft:stick":4,"minecraft:iron_ingot":9,"minecraft:wooden_pickaxe":1,"minecraft:stone_pickaxe":1},"minecraft:dropped":{"minecraft:oak_slab":3,"minecraft:wooden_pickaxe":1,"regions_unexplored:silt_dirt":1},"minecraft:mined":{"minecraft:oak_slab":1,"minecraft:furnace":1,"minecraft:mossy_cobblestone":2,"minecraft:white_carpet":1,"minecraft:grass":1,"minecraft:oak_log":1,"minecraft:tall_grass":2,"regions_unexplored:medium_grass":2,"minecraft:cobblestone":1,"minecraft:iron_block":1,"regions_unexplored:silt_grass_block":2,"minecraft:oak_leaves":1}},"DataVersion":3465}