{"stats":{"minecraft:custom":{"lootr:looted_stat":19,"minecraft:mob_kills":29,"minecraft:interact_with_crafting_table":5,"minecraft:damage_dealt_resisted":60,"minecraft:eat_cake_slice":7,"minecraft:leave_game":6,"minecraft:time_since_death":5398,"minecraft:climb_one_cm":1656,"minecraft:damage_resisted":0,"minecraft:time_since_rest":5172,"minecraft:walk_one_cm":78326,"minecraft:sprint_one_cm":87544,"minecraft:damage_taken":2257,"minecraft:damage_absorbed":1872,"minecraft:drop":15,"minecraft:damage_dealt":6297,"minecraft:talked_to_villager":2,"minecraft:swim_one_cm":2232,"minecraft:fly_one_cm":211507,"minecraft:crouch_one_cm":3978,"minecraft:play_time":62691,"tombstone:undead_killed":11,"minecraft:deaths":6,"minecraft:sneak_time":1904,"minecraft:walk_under_water_one_cm":4378,"minecraft:jump":849,"minecraft:walk_on_water_one_cm":10057,"minecraft:total_world_time":62691,"minecraft:fall_one_cm":36735},"minecraft:killed_by":{"irons_spellbooks:necromancer":1,"minecraft:pillager":2},"minecraft:dropped":{"minecraft:stone_axe":1,"minecraft:cobbled_deepslate":2,"minecraft:dripstone_block":3,"minecraft:pointed_dripstone":1,"minecraft:iron_horse_armor":1,"evilcraft:flesh_humanoid":2,"supplementaries:soap":1,"minecraft:shield":1,"iceandfire:bestiary":1,"regions_unexplored:large_prismarite_cluster":1,"tombstone:grave_dust":1,"mofus_better_end_:end_energy_shard":3,"minecraft:amethyst_shard":2,"minecraft:stone_pickaxe":1},"minecraft:killed":{"born_in_chaos_v1:mr_pumpkin":1,"irons_spellbooks:summoned_zombie":2,"mofus_better_end_:eye_guardian_ground_seeker":1,"born_in_chaos_v1:swarmer":1,"mofus_better_end_:eye_guardian_seeker":2,"born_in_chaos_v1:decrepit_skeleton":1,"born_in_chaos_v1:maggot":4,"born_in_chaos_v1:baby_spider":1,"undead_revamp2:thesomnolence":1,"minecraft:zombie":4,"born_in_chaos_v1:corpse_fly":7,"irons_spellbooks:summoned_skeleton":3},"minecraft:mined":{"minecraft:deepslate_diamond_ore":14,"minecraft:crafting_table":1,"undead_revamp2:chiseled_dripstonepillar":4,"minecraft:sugar_cane":2,"regions_unexplored:raw_redstone_block":2,"supplementaries:urn":3,"regions_unexplored:redstone_bud":1,"evilcraft:dark_ore_deepslate":1,"minecraft:redstone_torch":1,"minecraft:iron_ore":19,"celestisynth:lunar_stone":1,"undead_revamp2:chiseleddripstonepillartop":1,"minecraft:pointed_dripstone":3,"minecraft:coal_ore":13,"minecraft:deepslate_iron_ore":5,"minecraft:dripstone_block":25,"terramity:deepslate_iridescent_ore":4,"minecraft:stone":9,"minecraft:iron_block":1,"regions_unexplored:peat_podzol":1,"minecraft:deepslate":14},"minecraft:picked_up":{"born_in_chaos_v1:corpse_maggot":5,"minecraft:crafting_table":1,"minecraft:wheat":8,"minecraft:leather":3,"minecraft:enchanted_book":1,"minecraft:shield":1,"regions_unexplored:prismarite_cluster":3,"minecraft:string":1,"tombstone:gift":1,"undead_revamp2:chiseled_dripstonepillar":1,"minecraft:item_frame":1,"regions_unexplored:large_prismarite_cluster":1,"minecraft:wheat_seeds":3,"minecraft:cobbled_deepslate":13,"celestisynth:lunar_stone":1,"minecraft:iron_ingot":1,"regions_unexplored:peat_podzol":1,"minecraft:sugar_cane":5,"minecraft:raw_iron":24,"apotheosis:gem":1,"born_in_chaos_v1:shattered_skull":1,"minecraft:dripstone_block":13,"minecraft:pointed_dripstone":11,"tombstone:grave_dust":2,"regions_unexplored:raw_redstone_block":2,"minecraft:redstone":53,"terramity:iridescent_shard":10,"minecraft:iron_horse_armor":1,"regions_unexplored:cave_hyssop":1,"minecraft:rotten_flesh":4,"regions_unexplored:redstone_bulb":8,"minecraft:diamond":14,"evilcraft:dark_gem":5,"minecraft:hay_block":20,"minecraft:iron_block":1,"tombstone:magic_scroll":1,"minecraft:coal":13,"mofus_better_end_:end_energy_shard":6,"minecraft:cobblestone":9},"minecraft:used":{"minecraft:stone_sword":45,"create:crushing_wheel":3,"minecraft:stone_pickaxe":52,"minecraft:iron_sword":101,"regions_unexplored:peat_podzol":1,"regions_unexplored:raw_redstone_block":2,"minecraft:crafting_table":3,"create:cogwheel":2,"undead_revamp2:chiseled_dripstonepillar":1,"minecraft:dripstone_block":10,"minecraft:diamond_pickaxe":1,"minecraft:iron_axe":1,"minecraft:bread":3,"minecraft:iron_pickaxe":66,"tombstone:grave_key":9,"create:andesite_casing":14,"create:creative_motor":1,"minecraft:item_frame":1,"minecraft:stone_axe":1,"minecraft:cobblestone":2,"tombstone:gift":3,"minecraft:cobbled_deepslate":2,"minecraft:pointed_dripstone":1,"create:large_cogwheel":3},"minecraft:crafted":{"minecraft:oak_planks":24,"sophisticatedbackpacks:backpack":1,"minecraft:crafting_table":3,"minecraft:bread":24,"minecraft:diamond_pickaxe":1,"quark:oak_chest":1,"minecraft:stick":8,"minecraft:iron_ingot":9,"minecraft:iron_pickaxe":1,"sophisticatedbackpacks:iron_backpack":1,"minecraft:wheat":64}},"DataVersion":3465}