{"stats":{"minecraft:broken":{"minecraft:shield":1,"minecraft:iron_helmet":1,"minecraft:iron_leggings":1,"minecraft:chainmail_boots":1},"minecraft:killed":{"minecraft:vindicator":1,"undead_revamp2:the_moonflower":3,"minecraft:spider":1,"born_in_chaos_v1:siamese_skeletonsright":1,"born_in_chaos_v1:zombie_bruiser":1,"born_in_chaos_v1:baby_skeleton_minion":1,"terramity:green_fairy":1,"born_in_chaos_v1:decrepit_skeleton":1,"minecraft:skeleton":5,"minecraft:zombie":2,"born_in_chaos_v1:mrs_pumpkin":1,"terramity:cave_gnome":1,"born_in_chaos_v1:siamese_skeletonsleft":1},"minecraft:picked_up":{"minecraft:crafting_table":1,"minecraft:ladder":2,"minecraft:leather":4,"minecraft:red_glazed_terracotta":1,"regions_unexplored:silt_dirt":2,"minecraft:enchanted_book":2,"paraglider:spirit_orb":4,"minecraft:oak_log":3,"evilcraft:flesh_humanoid":3,"tombstone:gift":1,"minecraft:polished_granite":2,"minecraft:leather_boots":1,"supplementaries:statue":2,"minecraft:item_frame":2,"minecraft:white_carpet":1,"collectorsalbum:legendary_card_pack":1,"minecraft:bone":2,"terramity:accursed_soul":5,"minecraft:stone_bricks":2,"minecraft:stone_pickaxe":2,"minecraft:iron_ingot":4,"minecraft:chest":1,"terramity:music_sheet_of_untimely_death":3,"minecraft:oak_planks":1,"minecraft:dark_oak_stairs":2,"minecraft:furnace":1,"minecraft:oak_slab":3,"minecraft:raw_iron":2,"alexsmobs:shark_tooth":1,"minecraft:stripped_acacia_wood":1,"minecraft:sand":3,"minecraft:granite_slab":6,"tombstone:grave_dust":2,"terramity:iridescent_shard":5,"minecraft:red_terracotta":13,"alexsmobs:centipede_leg":1,"minecraft:mossy_cobblestone":2,"minecraft:bundle":1,"minecraft:polished_andesite":4,"minecraft:arrow":4,"minecraft:rotten_flesh":9,"alexsmobs:maggot":4,"alexsmobs:tarantula_hawk_wing_fragment":2,"alexsmobs:emu_egg":1,"crittersandcompanions:silk":5,"minecraft:iron_block":1,"terramity:spiteful_soul":2,"minecraft:bread":1,"minecraft:terracotta":26,"terramity:gold_round":5,"undead_revamp2:arapholia":2,"minecraft:andesite_slab":4,"minecraft:cobblestone":18},"minecraft:used":{"regions_unexplored:silt_dirt":1,"minecraft:oak_planks":8,"minecraft:stone_pickaxe":84,"minecraft:ladder":1,"minecraft:wooden_pickaxe":6,"minecraft:shield":4,"minecraft:iron_sword":277,"minecraft:red_glazed_terracotta":1,"minecraft:golden_apple":1,"minecraft:terracotta":10,"minecraft:white_carpet":1,"minecraft:crafting_table":1,"minecraft:milk_bucket":1,"minecraft:iron_axe":24,"minecraft:bread":12,"minecraft:iron_pickaxe":2,"minecraft:red_terracotta":13,"minecraft:polished_granite":1,"tombstone:grave_key":19,"minecraft:stone_bricks":2,"minecraft:cobblestone":42,"minecraft:potion":1,"tombstone:gift":5},"minecraft:custom":{"lootr:looted_stat":40,"minecraft:mob_kills":21,"tombstone:raider_killed":1,"minecraft:interact_with_crafting_table":5,"minecraft:damage_dealt_resisted":1002,"minecraft:leave_game":1,"minecraft:time_since_death":3281,"minecraft:climb_one_cm":7083,"minecraft:damage_resisted":0,"minecraft:time_since_rest":3055,"minecraft:damage_absorbed":165,"minecraft:sprint_one_cm":132277,"minecraft:damage_taken":9069,"minecraft:walk_one_cm":100202,"minecraft:damage_blocked_by_shield":801,"minecraft:drop":17,"minecraft:damage_dealt":9877,"minecraft:talked_to_villager":1,"minecraft:damage_dealt_absorbed":80,"minecraft:swim_one_cm":3376,"minecraft:fly_one_cm":225082,"minecraft:crouch_one_cm":6886,"minecraft:play_time":57967,"tombstone:undead_killed":15,"minecraft:deaths":26,"minecraft:sneak_time":3364,"minecraft:walk_under_water_one_cm":1941,"minecraft:jump":744,"minecraft:walk_on_water_one_cm":6622,"minecraft:total_world_time":57967,"minecraft:fall_one_cm":33602},"minecraft:crafted":{"minecraft:oak_planks":12,"sophisticatedbackpacks:backpack":1,"minecraft:wooden_pickaxe":1,"minecraft:stick":4,"minecraft:iron_ingot":9,"minecraft:stone_pickaxe":1,"sophisticatedbackpacks:iron_backpack":1},"minecraft:killed_by":{"born_in_chaos_v1:decaying_zombie":1,"mowziesmobs:ferrous_wroughtnaut":5,"minecraft:vindicator":6,"born_in_chaos_v1:bonescaller":1,"minecraft:skeleton":10},"minecraft:dropped":{"minecraft:enchanted_book":1,"minecraft:oak_slab":3,"minecraft:dark_oak_stairs":2,"tombstone:gift":1,"minecraft:iron_hoe":1,"minecraft:leather":4,"terramity:music_sheet_of_untimely_death":2,"minecraft:stone_pickaxe":2,"minecraft:wooden_pickaxe":1,"regions_unexplored:silt_dirt":1,"minecraft:terracotta":15},"minecraft:mined":{"minecraft:oak_slab":1,"minecraft:spruce_planks":3,"supplementaries:statue":2,"minecraft:mossy_cobblestone":2,"minecraft:polished_granite":2,"minecraft:crafting_table":1,"minecraft:sculk_sensor":1,"minecraft:andesite_slab":2,"minecraft:tall_grass":4,"minecraft:cobblestone":1,"minecraft:polished_diorite":1,"minecraft:red_glazed_terracotta":1,"minecraft:oak_planks":1,"minecraft:spawner":2,"supplementaries:urn":1,"minecraft:red_terracotta":13,"minecraft:furnace":1,"minecraft:iron_ore":2,"minecraft:fire":2,"minecraft:white_carpet":1,"minecraft:birch_leaves":8,"minecraft:granite_slab":3,"minecraft:grass":1,"minecraft:sculk_shrieker":1,"minecraft:oak_log":1,"terramity:deepslate_iridescent_ore":2,"crittersandcompanions:silk_cocoon":1,"minecraft:polished_blackstone":1,"minecraft:cracked_stone_bricks":1,"regions_unexplored:medium_grass":2,"minecraft:terracotta":13,"minecraft:stone":18,"minecraft:stripped_acacia_wood":1,"minecraft:polished_andesite":4,"minecraft:iron_block":1,"regions_unexplored:silt_grass_block":2,"minecraft:oak_leaves":1}},"DataVersion":3465}