{"stats":{"minecraft:killed":{"undead_revamp2:the_moonflower":3,"minecraft:spider":1,"born_in_chaos_v1:decrepit_skeleton":1},"minecraft:picked_up":{"minecraft:ladder":1,"minecraft:red_glazed_terracotta":1,"regions_unexplored:silt_dirt":2,"paraglider:spirit_orb":4,"minecraft:oak_log":3,"minecraft:polished_granite":1,"minecraft:item_frame":2,"supplementaries:statue":2,"minecraft:white_carpet":1,"collectorsalbum:legendary_card_pack":1,"minecraft:bone":2,"terramity:accursed_soul":5,"minecraft:stone_bricks":2,"minecraft:iron_ingot":2,"minecraft:stone_pickaxe":1,"minecraft:furnace":1,"minecraft:oak_slab":3,"minecraft:stripped_acacia_wood":1,"tombstone:grave_dust":1,"minecraft:red_terracotta":13,"minecraft:mossy_cobblestone":2,"minecraft:bundle":1,"minecraft:arrow":3,"minecraft:rotten_flesh":8,"minecraft:iron_block":1,"minecraft:bread":1,"minecraft:terracotta":10,"undead_revamp2:arapholia":2,"minecraft:cobblestone":1},"minecraft:used":{"regions_unexplored:silt_dirt":1,"minecraft:stone_pickaxe":44,"minecraft:ladder":1,"minecraft:oak_planks":7,"minecraft:wooden_pickaxe":6,"minecraft:shield":3,"minecraft:iron_sword":33,"minecraft:terracotta":10,"minecraft:white_carpet":1,"minecraft:bread":6,"minecraft:red_terracotta":13,"tombstone:grave_key":2,"minecraft:stone_bricks":2,"minecraft:potion":1,"tombstone:gift":2},"minecraft:custom":{"lootr:looted_stat":29,"minecraft:mob_kills":6,"minecraft:interact_with_crafting_table":4,"minecraft:damage_dealt_resisted":0,"minecraft:time_since_death":1357,"minecraft:climb_one_cm":2988,"minecraft:damage_resisted":0,"minecraft:time_since_rest":1120,"minecraft:sprint_one_cm":58387,"minecraft:damage_taken":1265,"minecraft:walk_one_cm":46528,"minecraft:damage_blocked_by_shield":126,"minecraft:drop":5,"minecraft:damage_dealt":1802,"minecraft:fly_one_cm":57545,"minecraft:crouch_one_cm":4397,"minecraft:play_time":22232,"tombstone:undead_killed":4,"minecraft:deaths":4,"minecraft:sneak_time":1498,"minecraft:jump":312,"minecraft:total_world_time":22232,"minecraft:fall_one_cm":9716},"minecraft:crafted":{"minecraft:oak_planks":12,"minecraft:wooden_pickaxe":1,"minecraft:stick":4,"minecraft:iron_ingot":9,"minecraft:stone_pickaxe":1},"minecraft:killed_by":{"born_in_chaos_v1:decaying_zombie":1,"minecraft:skeleton":2},"minecraft:dropped":{"minecraft:oak_slab":3,"minecraft:wooden_pickaxe":1,"regions_unexplored:silt_dirt":1},"minecraft:mined":{"minecraft:oak_slab":1,"supplementaries:statue":2,"minecraft:mossy_cobblestone":2,"minecraft:polished_granite":1,"minecraft:cobblestone":1,"minecraft:tall_grass":4,"minecraft:red_glazed_terracotta":1,"minecraft:spawner":2,"supplementaries:urn":1,"minecraft:red_terracotta":13,"minecraft:furnace":1,"minecraft:white_carpet":1,"minecraft:birch_leaves":2,"minecraft:grass":1,"minecraft:oak_log":1,"regions_unexplored:medium_grass":2,"minecraft:terracotta":10,"minecraft:stripped_acacia_wood":1,"minecraft:iron_block":1,"regions_unexplored:silt_grass_block":2,"minecraft:oak_leaves":1}},"DataVersion":3465}