{"stats":{"minecraft:custom":{"lootr:looted_stat":27,"minecraft:mob_kills":61,"minecraft:interact_with_crafting_table":18,"minecraft:damage_dealt_resisted":60,"minecraft:eat_cake_slice":7,"minecraft:leave_game":7,"minecraft:time_since_death":718,"minecraft:climb_one_cm":1656,"minecraft:damage_resisted":118,"minecraft:sprint_one_cm":223154,"minecraft:walk_one_cm":168959,"minecraft:drop":57,"minecraft:talked_to_villager":2,"minecraft:play_time":122327,"minecraft:deaths":25,"minecraft:sneak_time":6092,"minecraft:walk_under_water_one_cm":22529,"minecraft:jump":1649,"minecraft:walk_on_water_one_cm":20202,"minecraft:total_world_time":122327,"minecraft:interact_with_furnace":9,"minecraft:time_since_rest":419,"minecraft:damage_taken":9081,"minecraft:damage_absorbed":2032,"minecraft:damage_dealt":14571,"minecraft:swim_one_cm":42681,"minecraft:fly_one_cm":322177,"minecraft:open_chest":5,"minecraft:crouch_one_cm":14632,"tombstone:undead_killed":26,"minecraft:fall_one_cm":50170},"minecraft:killed_by":{"minecraft:player":3,"minecraft:wither_skeleton":5,"minecraft:creeper":1,"minecraft:pillager":2,"born_in_chaos_v1:diamond_termite":1,"irons_spellbooks:necromancer":1,"minecraft:hoglin":1,"minecraft:skeleton":1,"minecraft:zombie":3,"undead_revamp2:thepregnant":2},"minecraft:dropped":{"minecraft:wheat_seeds":1,"minecraft:crafting_table":1,"minecraft:dripstone_block":3,"minecraft:iron_helmet":1,"minecraft:cobblestone":1,"minecraft:iron_horse_armor":1,"terramity:ball_n_chain":1,"minecraft:coal":1,"minecraft:stick":59,"minecraft:torch":1,"regions_unexplored:large_prismarite_cluster":1,"tombstone:grave_dust":2,"minecraft:iron_leggings":4,"minecraft:amethyst_shard":2,"minecraft:iron_pickaxe":2,"minecraft:dark_oak_planks":3,"minecraft:acacia_planks":1,"minecraft:smooth_basalt":2,"minecraft:oak_door":2,"minecraft:stone_axe":1,"regions_unexplored:raw_redstone_block":2,"minecraft:cobbled_deepslate":3,"minecraft:tuff":4,"minecraft:pointed_dripstone":10,"minecraft:rotten_flesh":18,"minecraft:oak_planks":71,"evilcraft:flesh_humanoid":4,"supplementaries:soap":1,"minecraft:shroomlight":1,"minecraft:shield":1,"minecraft:spruce_planks":7,"born_in_chaos_v1:diamond_termite_shard":4,"born_in_chaos_v1:corpse_maggot":7,"minecraft:oak_sapling":89,"iceandfire:bestiary":1,"mofus_better_end_:end_energy_shard":6,"minecraft:stone_pickaxe":1,"minecraft:dark_prismarine":6},"minecraft:killed":{"born_in_chaos_v1:mr_pumpkin":1,"irons_spellbooks:summoned_zombie":2,"mofus_better_end_:eye_guardian_ground_seeker":1,"minecraft:slime":2,"born_in_chaos_v1:maggot":7,"born_in_chaos_v1:baby_spider":1,"undead_revamp2:thepregnant":1,"irons_spellbooks:summoned_skeleton":3,"terramity:blue_fairy":1,"born_in_chaos_v1:diamond_termite":6,"born_in_chaos_v1:swarmer":1,"undead_revamp2:the_moonflower":1,"terramity:elite_skeleton":1,"mofus_better_end_:eye_guardian_seeker":2,"born_in_chaos_v1:decrepit_skeleton":1,"undead_revamp2:thesomnolence":4,"minecraft:zombie":13,"born_in_chaos_v1:corpse_fly":7,"undead_revamp2:theskeeper":1,"minecraft:wither_skeleton":2,"minecraft:enderman":1},"minecraft:mined":{"minecraft:dark_oak_planks":3,"minecraft:dark_prismarine":9,"minecraft:tuff":4,"minecraft:spruce_planks":4,"minecraft:deepslate_diamond_ore":17,"minecraft:oak_door":4,"minecraft:sea_lantern":2,"regions_unexplored:raw_redstone_block":4,"minecraft:spawner":5,"minecraft:black_stained_glass_pane":4,"minecraft:furnace":1,"minecraft:iron_ore":19,"minecraft:cobbled_deepslate":6,"minecraft:fire":1,"minecraft:acacia_wood":2,"evilcraft:box_of_eternal_closure":1,"minecraft:deepslate_lapis_ore":1,"minecraft:pointed_dripstone":3,"minecraft:shroomlight":1,"minecraft:deepslate_iron_ore":5,"regions_unexplored:medium_grass":2,"scguns:deepslate_sulfur_ore":25,"minecraft:stone":9,"minecraft:iron_block":1,"minecraft:cyan_terracotta":21,"minecraft:amethyst_cluster":3,"minecraft:crafting_table":3,"born_in_chaos_v1:infected_deepslate_diamond_ore":5,"minecraft:calcite":3,"undead_revamp2:chiseled_dripstonepillar":4,"minecraft:deepslate_gold_ore":23,"minecraft:sugar_cane":2,"minecraft:amethyst_block":5,"supplementaries:urn":3,"regions_unexplored:redstone_bud":1,"evilcraft:dark_ore_deepslate":6,"minecraft:redstone_torch":1,"celestisynth:lunar_stone":46,"minecraft:smooth_stone_slab":1,"minecraft:oak_log":175,"minecraft:coal_ore":13,"scguns:deepslate_anthralite_ore":9,"undead_revamp2:chiseleddripstonepillartop":1,"minecraft:dripstone_block":25,"terramity:deepslate_iridescent_ore":7,"minecraft:smooth_basalt":5,"regions_unexplored:peat_podzol":1,"minecraft:deepslate":58},"minecraft:picked_up":{"irons_spellbooks:scroll":1,"born_in_chaos_v1:diamond_termite_shard":4,"minecraft:crafting_table":3,"minecraft:wheat":8,"iceandfire:witherbone":11,"minecraft:enchanted_book":1,"minecraft:shield":1,"minecraft:amethyst_block":5,"minecraft:string":3,"scguns:raw_anthralite":9,"regions_unexplored:prismarite_cluster":3,"immersive_melodies:lute":1,"minecraft:smooth_stone_slab":1,"minecraft:iron_leggings":3,"minecraft:item_frame":1,"minecraft:shroomlight":1,"terramity:electronic_scrap":2,"terramity:accursed_soul":24,"minecraft:cobbled_deepslate":62,"minecraft:spruce_planks":7,"celestisynth:lunar_stone":42,"minecraft:calcite":3,"regions_unexplored:peat_podzol":1,"minecraft:iron_pickaxe":1,"terramity:hamstick_cudgel":1,"minecraft:sugar_cane":5,"minecraft:chest":1,"minecraft:furnace":1,"minecraft:stick":55,"minecraft:raw_iron":24,"apotheosis:gem":1,"born_in_chaos_v1:shattered_skull":1,"minecraft:oak_door":4,"minecraft:copper_ingot":1,"minecraft:porkchop":1,"minecraft:pointed_dripstone":11,"tombstone:grave_dust":2,"regions_unexplored:raw_redstone_block":4,"minecraft:redstone":53,"minecraft:prismarine_crystals":4,"minecraft:iron_horse_armor":1,"minecraft:dark_oak_planks":3,"evilcraft:box_of_eternal_closure":1,"minecraft:rotten_flesh":22,"regions_unexplored:redstone_bulb":8,"terramity:ball_n_chain":1,"minecraft:hay_block":20,"minecraft:iron_block":1,"minecraft:cyan_terracotta":21,"terramity:spiteful_soul":1,"supplementaries:ash":12,"minecraft:cobblestone":10,"mofus_better_end_:end_energy_shard":6,"born_in_chaos_v1:corpse_maggot":8,"minecraft:air":0,"minecraft:leather":3,"minecraft:potato":6,"minecraft:acacia_wood":2,"paraglider:spirit_orb":10,"minecraft:tuff":4,"minecraft:oak_log":138,"evilcraft:flesh_humanoid":2,"minecraft:lapis_lazuli":5,"tombstone:gift":1,"undead_revamp2:chiseled_dripstonepillar":1,"regions_unexplored:large_prismarite_cluster":1,"minecraft:bone":24,"minecraft:acacia_planks":1,"minecraft:apple":4,"minecraft:bow":1,"minecraft:wheat_seeds":5,"minecraft:raw_gold":23,"minecraft:iron_ingot":3,"scguns:sulfur_chunk":64,"terramity:music_sheet_of_untimely_death":3,"minecraft:smooth_basalt":5,"minecraft:dripstone_block":13,"minecraft:amethyst_shard":12,"minecraft:nether_brick_stairs":2,"terramity:iridescent_shard":17,"minecraft:dark_prismarine":8,"minecraft:bundle":1,"regions_unexplored:cave_hyssop":1,"minecraft:slime_ball":8,"minecraft:diamond":17,"evilcraft:dark_gem":28,"tombstone:magic_scroll":1,"minecraft:oak_sapling":89,"terramity:gold_round":8,"minecraft:coal":22,"regions_unexplored:apple_oak_sapling":5},"minecraft:used":{"minecraft:stone_sword":45,"celestisynth:lunar_stone_chestplate":1,"simplyswords:iron_warglaive":42,"minecraft:iron_sword":275,"celestisynth:lunar_stone_leggings":1,"minecraft:oak_door":5,"create:cogwheel":2,"minecraft:iron_axe":26,"create:creative_motor":1,"minecraft:smooth_basalt":3,"minecraft:item_frame":1,"minecraft:furnace":1,"minecraft:acacia_wood":1,"tombstone:gift":6,"minecraft:cobbled_deepslate":28,"minecraft:enchanted_golden_apple":1,"minecraft:pointed_dripstone":1,"minecraft:calcite":3,"create:crushing_wheel":3,"minecraft:stone_pickaxe":52,"minecraft:oak_planks":158,"regions_unexplored:peat_podzol":1,"regions_unexplored:raw_redstone_block":2,"minecraft:crafting_table":6,"undead_revamp2:chiseled_dripstonepillar":1,"minecraft:dripstone_block":10,"minecraft:dark_prismarine":2,"minecraft:diamond_pickaxe":237,"minecraft:apple":1,"minecraft:bread":17,"minecraft:iron_pickaxe":66,"tombstone:grave_key":22,"create:andesite_casing":14,"minecraft:stone_axe":1,"celestisynth:lunar_stone_helmet":1,"minecraft:diamond_sword":11,"minecraft:cobblestone":2,"minecraft:bucket":1,"create:large_cogwheel":3},"minecraft:broken":{"minecraft:iron_sword":1},"minecraft:crafted":{"minecraft:oak_door":3,"minecraft:oak_planks":296,"celestisynth:lunar_stone_leggings":1,"sophisticatedbackpacks:iron_backpack":1,"celestisynth:lunar_stone_chestplate":1,"minecraft:wheat":64,"sophisticatedbackpacks:backpack":1,"minecraft:crafting_table":4,"sophisticatedbackpacks:gold_backpack":1,"celestisynth:lunar_stone_helmet":1,"minecraft:gold_block":4,"celestisynth:lunar_stone_boots":1,"minecraft:bread":24,"minecraft:air":0,"minecraft:diamond_pickaxe":1,"sophisticatedbackpacks:diamond_backpack":1,"minecraft:stick":8,"quark:oak_chest":1,"minecraft:iron_ingot":9,"minecraft:iron_pickaxe":1,"minecraft:gold_ingot":23}},"DataVersion":3465}