{"stats":{"minecraft:killed":{"born_in_chaos_v1:mr_pumpkin":1,"minecraft:vindicator":2,"scguns:cog_minion":1,"born_in_chaos_v1:maggot":6,"minecraft:skeleton":3,"scguns:cog_knight":1,"minecraft:illusioner":2,"terramity:cave_gnome":1,"born_in_chaos_v1:spiritof_chaos":1,"minecraft:husk":2,"minecraft:sheep":3,"royalvariations:royal_zombie":2,"born_in_chaos_v1:zombie_fisherman":1,"minecraft:pillager":9,"minecraft:zombie":2,"alexsmobs:crow":1,"born_in_chaos_v1:mrs_pumpkin":1},"minecraft:custom":{"lootr:looted_stat":80,"minecraft:mob_kills":48,"minecraft:interact_with_crafting_table":7,"minecraft:damage_dealt_resisted":2751,"minecraft:eat_cake_slice":5,"minecraft:leave_game":3,"minecraft:time_since_death":9637,"minecraft:climb_one_cm":3755,"minecraft:damage_resisted":0,"minecraft:sprint_one_cm":241725,"minecraft:walk_one_cm":164315,"minecraft:drop":41,"minecraft:talked_to_villager":1,"minecraft:play_time":95172,"minecraft:deaths":11,"minecraft:sneak_time":2430,"minecraft:walk_under_water_one_cm":7743,"minecraft:jump":851,"minecraft:walk_on_water_one_cm":7107,"minecraft:total_world_time":95172,"tombstone:steal_effect":5,"tombstone:raider_killed":13,"minecraft:time_since_rest":9409,"minecraft:damage_taken":5615,"tombstone:sneak_grave":4,"minecraft:damage_dealt":9108,"minecraft:swim_one_cm":62417,"minecraft:fly_one_cm":301161,"minecraft:player_kills":5,"minecraft:crouch_one_cm":6108,"tombstone:undead_killed":11,"minecraft:fall_one_cm":65485},"minecraft:killed_by":{"minecraft:husk":1,"minecraft:player":1,"born_in_chaos_v1:restless_spirit":1,"terramity:simple_turret":5,"minecraft:vindicator":1,"man:managgresive":1,"minecraft:zombie":1},"minecraft:dropped":{"minecraft:iron_sword":2,"relics:ice_skates":1,"minecraft:iron_helmet":3,"minecraft:cobblestone":4,"relics:infinity_ham":1,"minecraft:book":3,"minecraft:cracked_stone_bricks":2,"scguns:ancient_brass":1,"minecraft:coal":4,"relics:roller_skates":1,"minecraft:iron_leggings":3,"iceandfire:armor_silver_metal_helmet":1,"scguns:small_iron_casing":19,"irons_spellbooks:emerald_stoneplate_ring":1,"minecraft:mangrove_roots":1,"minecraft:wheat":2,"tombstone:gift":2,"minecraft:spruce_fence":1,"evilcraft:flesh_humanoid":2,"minecraft:shield":1,"minecraft:flower_pot":1,"minecraft:spruce_trapdoor":2,"minecraft:spruce_planks":4,"minecraft:iron_chestplate":2,"minecraft:stone_brick_wall":3,"apotheosis:gem":1,"minecraft:stone_bricks":2,"minecraft:brown_carpet":2,"minecraft:spruce_slab":5,"terramity:gold_round":3},"minecraft:picked_up":{"irons_spellbooks:scroll":1,"collectorsalbum:uncommon_card_pack":3,"minecraft:crafting_table":4,"minecraft:chainmail_boots":1,"minecraft:flower_pot":1,"born_in_chaos_v1:seedof_chaos":1,"minecraft:stone_brick_wall":3,"minecraft:shield":1,"born_in_chaos_v1:holiday_candy":1,"relics:leather_belt":1,"minecraft:stone_stairs":1,"minecraft:item_frame":1,"minecraft:experience_bottle":1,"born_in_chaos_v1:chocolate_heart":1,"terramity:accursed_soul":7,"minecraft:cracked_stone_bricks":2,"irons_spellbooks:arcane_essence":2,"minecraft:spruce_planks":42,"scguns:ancient_brass":1,"minecraft:iron_pickaxe":1,"minecraft:spruce_slab":5,"minecraft:spruce_trapdoor":2,"apotheosis:gem":3,"minecraft:stick":3,"iceandfire:dragonbone":1,"scguns:anthralite_ingot":3,"regions_unexplored:silver_birch_leaf_pile":1,"minecraft:torch":1,"evilcraft:origins_of_darkness":1,"create:andesite_casing":2,"minecraft:spruce_fence":1,"tombstone:grave_dust":1,"minecraft:carrot":2,"relics:wool_mitten":1,"minecraft:light_gray_banner":2,"tombstone:lollipop":1,"minecraft:brown_carpet":2,"minecraft:arrow":4,"minecraft:rotten_flesh":6,"create:clipboard":1,"artifacts:villager_hat":1,"minecraft:pumpkin_pie":1,"relics:horse_flute":1,"collectorsalbum:mythical_card_pack":1,"minecraft:mangrove_roots":2,"evilcraft:condensed_blood":38,"minecraft:mutton":5,"minecraft:snowball":6,"minecraft:white_wool":3,"minecraft:cobblestone":16,"minecraft:stripped_oak_log":2,"relics:roller_skates":1,"relics:ice_skates":1,"minecraft:feather":1,"minecraft:tripwire_hook":2,"minecraft:salmon":1,"scguns:small_iron_casing":21,"minecraft:potato":3,"paraglider:spirit_orb":6,"evilcraft:flesh_humanoid":2,"minecraft:gunpowder":5,"tombstone:gift":2,"minecraft:lantern":1,"minecraft:white_banner":1,"irons_spellbooks:common_ink":1,"scguns:powder_and_ball":21,"minecraft:bone":4,"minecraft:stone_bricks":1,"collectorsalbum:rare_diamond_axe_card":1,"minecraft:bow":1,"minecraft:oak_fence_gate":1,"minecraft:iron_ingot":5,"relics:infinity_ham":2,"terramity:music_sheet_of_untimely_death":1,"minecraft:iron_sword":1,"minecraft:book":3,"quark:white_shard":8,"irons_spellbooks:frozen_bone":5,"minecraft:sweet_berries":2,"relics:hunter_belt":1,"born_in_chaos_v1:ethereal_spirit":1,"irons_spellbooks:divine_pearl":4,"minecraft:gray_banner":1,"minecraft:chainmail_leggings":1,"regions_unexplored:silver_birch_log":1,"scguns:gun_bench":2,"born_in_chaos_v1:rotten_infernal_pumpkin":1,"minecraft:spruce_sign":2,"minecraft:bread":35,"minecraft:emerald":6,"minecraft:light_gray_carpet":2,"iceandfire:silver_nugget":4,"minecraft:coal":2},"minecraft:used":{"scguns:rat_king_and_queen":140,"born_in_chaos_v1:rotten_infernal_pumpkin":1,"born_in_chaos_v1:chocolate_heart":1,"minecraft:iron_sword":110,"minecraft:iron_axe":3,"minecraft:item_frame":1,"minecraft:gunpowder":1,"tombstone:gift":6,"minecraft:crafting_table":2,"simplyswords:diamond_claymore":91,"born_in_chaos_v1:holiday_candy":1,"minecraft:iron_pickaxe":21,"tombstone:grave_key":13,"create:andesite_casing":2,"minecraft:wooden_sword":22,"minecraft:cobblestone":6,"minecraft:white_banner":1,"minecraft:experience_bottle":1},"minecraft:crafted":{"sophisticatedbackpacks:iron_backpack":1,"minecraft:crafting_table":1,"minecraft:spruce_planks":44,"minecraft:iron_sword":1,"sophisticatedbackpacks:gold_backpack":1,"minecraft:stick":4},"minecraft:mined":{"create:andesite_casing":2,"minecraft:mangrove_roots":2,"minecraft:spawner":2,"minecraft:large_fern":1,"minecraft:black_stained_glass_pane":3,"born_in_chaos_v1:rotten_infernal_pumpkin":1,"supplementaries:gunpowder":1,"minecraft:stone":10,"minecraft:crafting_table":2,"minecraft:tall_grass":1,"minecraft:cobblestone":2,"scguns:gun_bench":1,"minecraft:wall_torch":1,"minecraft:stone_stairs":1,"create:ornate_iron_window_pane":1,"minecraft:cracked_stone_bricks":2,"regions_unexplored:larch_shrub":1}},"DataVersion":3465}