{"stats":{"minecraft:custom":{"minecraft:time_since_rest":10270,"minecraft:crouch_one_cm":177,"minecraft:sprint_one_cm":26479,"lootr:looted_stat":4,"minecraft:play_time":27015,"minecraft:deaths":1,"minecraft:damage_taken":20,"minecraft:walk_one_cm":18008,"minecraft:sneak_time":103,"minecraft:walk_under_water_one_cm":87,"minecraft:jump":205,"minecraft:eat_cake_slice":7,"minecraft:leave_game":6,"minecraft:time_since_death":10574,"minecraft:climb_one_cm":1640,"minecraft:total_world_time":27015,"minecraft:talked_to_villager":2,"minecraft:fall_one_cm":2076,"minecraft:fly_one_cm":102047},"minecraft:picked_up":{"minecraft:wheat_seeds":3},"minecraft:used":{"create:crushing_wheel":3,"create:cogwheel":2,"tombstone:grave_key":2,"create:andesite_casing":14,"create:large_cogwheel":3,"create:creative_motor":1}},"DataVersion":3465}