{
  "idas:idas_root": {
    "criteria": {
      "always": "2024-11-04 19:33:10 +0000"
    },
    "done": true
  },
  "battletowers:root": {
    "criteria": {
      "Tick": "2024-11-04 19:33:10 +0000"
    },
    "done": true
  },
  "toms_storage:unlock_glowstone": {
    "criteria": {
      "inv_changed-glowstone": "2024-11-04 19:33:10 +0000"
    },
    "done": true
  },
  "undead_revamp2:theundeadchallenges": {
    "criteria": {
      "theundeadchallenges_0": "2024-11-04 19:33:10 +0000"
    },
    "done": true
  },
  "ars_nouveau:root": {
    "criteria": {
      "ars_nouveau:worn_notebook": "2024-11-04 19:33:10 +0000"
    },
    "done": true
  },
  "create:root": {
    "criteria": {
      "0": "2024-11-04 19:33:10 +0000"
    },
    "done": true
  },
  "simplyswords:grant_book_on_first_join": {
    "criteria": {
      "tick": "2024-11-04 19:33:10 +0000"
    },
    "done": true
  },
  "naturescompass:natures_compass": {
    "criteria": {
      "has_recipe": "2024-11-04 19:33:10 +0000"
    },
    "done": true
  },
  "toms_storage:unlock_netherite": {
    "criteria": {
      "inv_changed-netherite": "2024-11-04 19:33:10 +0000"
    },
    "done": true
  },
  "mowziesmobs:root": {
    "criteria": {
      "custom_test_name": "2024-11-04 19:33:10 +0000"
    },
    "done": true
  },
  "lootr:root": {
    "criteria": {
      "always_true": "2024-11-04 19:33:10 +0000"
    },
    "done": true
  },
  "toms_storage:unlock_chest": {
    "criteria": {
      "inv_changed-chest": "2024-11-04 19:33:10 +0000"
    },
    "done": true
  },
  "cataclysm:root": {
    "criteria": {
      "custom_test_name": "2024-11-04 19:33:10 +0000"
    },
    "done": true
  },
  "irons_spellbooks:grant_patchouli": {
    "criteria": {
      "tick": "2024-11-04 19:33:10 +0000"
    },
    "done": true
  },
  "terramity:terramity_parent_advancement": {
    "criteria": {
      "terramity_parent_advancement_0": "2024-11-04 19:33:10 +0000"
    },
    "done": true
  },
  "iceandfire:iceandfire/root": {
    "criteria": {
      "tick": "2024-11-04 19:33:10 +0000"
    },
    "done": true
  },
  "totw_modded:root": {
    "criteria": {
      "sample_trigger": "2024-11-04 19:33:10 +0000"
    },
    "done": true
  },
  "dungeons_arise:wda_root": {
    "criteria": {
      "WDA": "2024-11-04 19:33:10 +0000"
    },
    "done": true
  },
  "the_bumblezone:root": {
    "criteria": {
      "instant_granted": "2024-11-04 19:33:10 +0000"
    },
    "done": true
  },
  "naturescompass:natures_compass_log": {
    "criteria": {
      "has_recipe": "2024-11-04 19:33:10 +0000"
    },
    "done": true
  },
  "scguns:main/root": {
    "criteria": {
      "gun": "2024-11-04 19:33:10 +0000"
    },
    "done": true
  },
  "the_bumblezone:wiki": {
    "criteria": {
      "instant_granted": "2024-11-04 19:33:10 +0000"
    },
    "done": true
  },
  "toms_storage:unlock_dia_pearl": {
    "criteria": {
      "inv_changed-ender_pearl": "2024-11-04 19:33:10 +0000",
      "inv_changed-diamond": "2024-11-04 19:33:10 +0000"
    },
    "done": true
  },
  "ironfurnaces:coal": {
    "criteria": {
      "rainbowcoal": "2024-11-04 19:33:10 +0000"
    },
    "done": true
  },
  "naturescompass:natures_compass_sapling": {
    "criteria": {
      "has_recipe": "2024-11-04 19:33:10 +0000"
    },
    "done": true
  },
  "apotheosis:give_book": {
    "criteria": {
      "tick": "2024-11-04 19:33:10 +0000"
    },
    "done": true
  },
  "born_in_chaos_v1:bornin_chaos": {
    "criteria": {
      "bornin_chaos_0": "2024-11-04 19:33:10 +0000"
    },
    "done": true
  },
  "regions_unexplored:regions_explored": {
    "criteria": {
      "shrubland": "2024-11-04 19:44:58 +0000",
      "highland_fields": "2024-11-04 21:45:54 +0000",
      "deciduous_forest": "2024-11-04 19:39:24 +0000",
      "bamboo_forest": "2024-11-04 21:39:38 +0000",
      "temperate_grove": "2024-11-04 21:00:09 +0000",
      "pine_slopes": "2024-11-04 21:47:22 +0000",
      "grassland": "2024-11-04 19:48:45 +0000",
      "prairie": "2024-11-04 19:33:11 +0000"
    },
    "done": false
  },
  "regions_unexplored:pioneer": {
    "criteria": {
      "shrubland": "2024-11-04 19:44:58 +0000",
      "highland_fields": "2024-11-04 21:45:54 +0000",
      "deciduous_forest": "2024-11-04 19:39:24 +0000",
      "bamboo_forest": "2024-11-04 21:39:38 +0000",
      "temperate_grove": "2024-11-04 21:00:09 +0000",
      "pine_slopes": "2024-11-04 21:47:22 +0000",
      "grassland": "2024-11-04 19:48:45 +0000",
      "prairie": "2024-11-04 19:33:11 +0000"
    },
    "done": false
  },
  "tombstone:adventure/root": {
    "criteria": {
      "auto": "2024-11-04 19:33:11 +0000"
    },
    "done": true
  },
  "regions_unexplored:parent": {
    "criteria": {
      "load_in_world": "2024-11-04 19:33:11 +0000"
    },
    "done": true
  },
  "man:feelingwatched": {
    "criteria": {
      "feelingwatched_0": "2024-11-04 19:33:59 +0000"
    },
    "done": true
  },
  "lootr:1chest": {
    "criteria": {
      "opened_chest": "2024-11-04 19:35:51 +0000"
    },
    "done": true
  },
  "lootr:social": {
    "criteria": {
      "opened_barrel": "2024-11-04 19:51:25 +0000",
      "opened_chest": "2024-11-04 19:35:51 +0000"
    },
    "done": false
  },
  "scguns:main/gunpowder": {
    "criteria": {
      "gunpowder": "2024-11-04 19:35:54 +0000"
    },
    "done": true
  },
  "scguns:main/anthralite": {
    "criteria": {
      "anthralite_ingot": "2024-11-04 19:35:58 +0000"
    },
    "done": true
  },
  "apotheosis:affix/root": {
    "criteria": {
      "sword": "2024-11-04 19:36:01 +0000"
    },
    "done": true
  },
  "apotheosis:affix/chests": {
    "criteria": {
      "sword": "2024-11-04 19:36:01 +0000"
    },
    "done": true
  },
  "apotheosis:affix/rare": {
    "criteria": {
      "sword": "2024-11-04 19:36:01 +0000"
    },
    "done": true
  },
  "apollyon:apollyon": {
    "criteria": {
      "apollyon": "2024-11-04 19:36:03 +0000"
    },
    "done": true
  },
  "apollyon:condemned_to_die": {
    "criteria": {
      "condemned_to_die": "2024-11-04 19:36:21 +0000"
    },
    "done": true
  },
  "tombstone:adventure/first_grave": {
    "criteria": {
      "coded_trigger": "2024-11-04 19:36:21 +0000"
    },
    "done": true
  },
  "endofherobrine:story/root": {
    "criteria": {
      "requirement": "2024-11-04 19:36:21 +0000"
    },
    "done": true
  },
  "minecraft:adventure/root": {
    "criteria": {
      "killed_by_something": "2024-11-04 19:36:21 +0000"
    },
    "done": true
  },
  "tombstone:recipes/from_grave_key": {
    "criteria": {
      "has_ingredient": "2024-11-04 19:36:22 +0000"
    },
    "done": true
  },
  "tombstone:adventure/enchant_grave_key": {
    "criteria": {
      "has_upgraded_grave_key": "2024-11-04 19:36:22 +0000"
    },
    "done": true
  },
  "tombstone:adventure/first_knowledge": {
    "criteria": {
      "coded_trigger": "2024-11-04 19:36:28 +0000"
    },
    "done": true
  },
  "tombstone:adventure/teleport_to_grave": {
    "criteria": {
      "coded_trigger": "2024-11-04 19:36:28 +0000"
    },
    "done": true
  },
  "minecraft:story/obtain_armor": {
    "criteria": {
      "iron_leggings": "2024-11-04 19:37:16 +0000"
    },
    "done": true
  },
  "minecraft:adventure/adventuring_time": {
    "criteria": {
      "minecraft:savanna_plateau": "2024-11-04 19:39:18 +0000",
      "minecraft:old_growth_birch_forest": "2024-11-04 21:48:47 +0000",
      "minecraft:savanna": "2024-11-04 19:39:10 +0000"
    },
    "done": false
  },
  "the_bumblezone:teleportation/is_near_beehive": {
    "criteria": {
      "is_near_beehive": "2024-11-04 19:39:22 +0000"
    },
    "done": true
  },
  "paraglider:root": {
    "criteria": {
      "crafting_table": "2024-11-04 19:41:34 +0000"
    },
    "done": true
  },
  "aquamirae:adventure/root": {
    "criteria": {
      "crafting_table": "2024-11-04 19:41:34 +0000"
    },
    "done": true
  },
  "minecraft:story/root": {
    "criteria": {
      "crafting_table": "2024-11-04 19:41:34 +0000"
    },
    "done": true
  },
  "minecraft:story/mine_stone": {
    "criteria": {
      "get_stone": "2024-11-04 19:41:48 +0000"
    },
    "done": true
  },
  "minecraft:story/upgrade_tools": {
    "criteria": {
      "stone_pickaxe": "2024-11-04 19:42:20 +0000"
    },
    "done": true
  },
  "minecraft:husbandry/root": {
    "criteria": {
      "consumed_item": "2024-11-04 19:44:14 +0000"
    },
    "done": true
  },
  "minecraft:husbandry/balanced_diet": {
    "criteria": {
      "bread": "2024-11-04 19:44:14 +0000"
    },
    "done": false
  },
  "graveyard:graveyard/root": {
    "criteria": {
      "grave_01": "2024-11-04 19:44:58 +0000"
    },
    "done": true
  },
  "tombstone:adventure/chain_death": {
    "criteria": {
      "coded_trigger": "2024-11-04 19:49:53 +0000"
    },
    "done": true
  },
  "tombstone:adventure/cancel_ghostly_shape": {
    "criteria": {
      "coded_trigger": "2024-11-04 19:50:02 +0000"
    },
    "done": true
  },
  "endofherobrine:story/exorcist": {
    "criteria": {
      "endofherobrine:cow": "2024-11-04 19:50:28 +0000"
    },
    "done": false
  },
  "lootr:10loot": {
    "criteria": {
      "loot_stat": "2024-11-04 19:50:56 +0000"
    },
    "done": true
  },
  "lootr:1barrel": {
    "criteria": {
      "opened_barrel": "2024-11-04 19:51:25 +0000"
    },
    "done": true
  },
  "create:wrench_goggles": {
    "criteria": {
      "1": "2024-11-04 19:51:56 +0000"
    },
    "done": false
  },
  "minecraft:adventure/kill_all_mobs": {
    "criteria": {
      "minecraft:skeleton": "2024-11-04 19:52:13 +0000",
      "minecraft:spider": "2024-11-04 21:43:09 +0000",
      "minecraft:phantom": "2024-11-04 20:00:37 +0000",
      "minecraft:witch": "2024-11-04 20:08:54 +0000"
    },
    "done": false
  },
  "minecraft:adventure/kill_a_mob": {
    "criteria": {
      "minecraft:skeleton": "2024-11-04 19:52:13 +0000"
    },
    "done": true
  },
  "supplementaries:adventure/way_sign": {
    "criteria": {
      "bastion": "2024-11-04 19:55:02 +0000"
    },
    "done": true
  },
  "apotheosis:affix/random": {
    "criteria": {
      "sword": "2024-11-04 19:55:51 +0000"
    },
    "done": true
  },
  "regions_unexplored:got_wood": {
    "criteria": {
      "small_oak_log": "2024-11-04 19:58:11 +0000"
    },
    "done": false
  },
  "minecraft:end/levitate": {
    "criteria": {
      "levitated": "2024-11-04 19:58:51 +0000"
    },
    "done": true
  },
  "dungeons_arise:find_thornborn_towers": {
    "criteria": {
      "location0": "2024-11-04 19:58:58 +0000"
    },
    "done": true
  },
  "minecraft:story/smelt_iron": {
    "criteria": {
      "iron": "2024-11-04 19:59:38 +0000"
    },
    "done": true
  },
  "minecraft:story/iron_tools": {
    "criteria": {
      "iron_pickaxe": "2024-11-04 19:59:43 +0000"
    },
    "done": true
  },
  "endrem:main/eyes_recipe": {
    "criteria": {
      "eyes": "2024-11-04 19:59:55 +0000"
    },
    "done": true
  },
  "tombstone:adventure/ambush": {
    "criteria": {
      "coded_trigger": "2024-11-04 20:00:37 +0000"
    },
    "done": true
  },
  "lootr:25loot": {
    "criteria": {
      "loot_stat": "2024-11-04 20:00:56 +0000"
    },
    "done": true
  },
  "evilcraft:root": {
    "criteria": {
      "criteria_0": "2024-11-04 20:01:33 +0000"
    },
    "done": true
  },
  "tombstone:recipes/from_grave_dust": {
    "criteria": {
      "has_ingredient": "2024-11-04 20:02:59 +0000"
    },
    "done": true
  },
  "tombstone:adventure/find_grave_dust": {
    "criteria": {
      "from_undead": "2024-11-04 20:06:14 +0000"
    },
    "done": true
  },
  "minecraft:story/mine_diamond": {
    "criteria": {
      "diamond": "2024-11-04 20:17:02 +0000"
    },
    "done": true
  },
  "apotheosis:affix/gem": {
    "criteria": {
      "gem": "2024-11-04 20:18:55 +0000"
    },
    "done": true
  },
  "tombstone:adventure/ashes_and_bones": {
    "criteria": {
      "coded_trigger": "2024-11-04 20:22:55 +0000"
    },
    "done": true
  },
  "born_in_chaos_v1:trickor_treat": {
    "criteria": {
      "trickor_treat_0": "2024-11-04 20:23:08 +0000"
    },
    "done": false
  },
  "quark:throw_pickarang": {
    "criteria": {
      "throw_pickarang": "2024-11-04 21:08:46 +0000"
    },
    "done": true
  },
  "lootr:50loot": {
    "criteria": {
      "loot_stat": "2024-11-04 21:13:16 +0000"
    },
    "done": true
  },
  "paraglider:pray_to_the_goddess": {
    "criteria": {
      "bargain": "2024-11-04 21:42:30 +0000"
    },
    "done": true
  },
  "minecraft:adventure/sleep_in_bed": {
    "criteria": {
      "slept_in_bed": "2024-11-04 21:35:27 +0000"
    },
    "done": true
  },
  "DataVersion": 3465
}